rank,severity,ticker,name,sector,cik,freq,fiscal_year,fiscal_period,period_end,metric,ratio,value,prev_value,checks,n_checks,reason,severity_raw,yoy_severity,trend_severity,benford_severity,beneish_severity,sector_share,systemic,rebound,peer_pctile,tag_switch,accession,form,filed,edgar_url
1,99.99987251098406,MDT,Medtronic,Health Care,1613103,Q,2016,Q3,2016-01-29,Accruals / assets,accruals,-0.027045379025383936,-156876.08695652173,YoY delta,1,"Accruals / assets rose 1,568,760,599 bps year over year (-15687608.7% to -2.7%).",99.99987251098406,99.99987251098406,0.0,0.0,0.0,0.08163265306122448,False,False,0.5102040816326531,False,0001613103-16-000071,10-Q,2016-03-09 00:00:00,https://www.sec.gov/Archives/edgar/data/1613103/000161310316000071/0001613103-16-000071-index.htm
2,99.99627800248281,MDT,Medtronic,Health Care,1613103,Q,2016,Q3,2016-01-29,Return on assets,roa,0.0421861681378852,-3223.913043478261,YoY delta,1,"Return on assets rose 32,239,552 bps year over year (-322391.3% to 4.2%).",99.99627800248281,99.99627800248281,0.0,0.0,0.0,0.08163265306122448,False,False,0.22448979591836735,False,0001613103-16-000071,10-Q,2016-03-09 00:00:00,https://www.sec.gov/Archives/edgar/data/1613103/000161310316000071/0001613103-16-000071-index.htm
3,99.95871469515727,ETN,Eaton Corporation,Industrials,1551182,Q,2013,Q3,2013-09-30,Return on assets,roa,0.05826921169351982,290.5985912249275,YoY delta,1,"Return on assets fell 2,905,403 bps year over year (29059.9% to 5.8%).",99.95871469515727,99.95871469515727,0.0,0.0,0.0,0.028985507246376812,False,False,0.2898550724637681,False,0001551182-13-000046,10-Q,2013-11-07 00:00:00,https://www.sec.gov/Archives/edgar/data/1551182/000155118213000046/0001551182-13-000046-index.htm
4,99.90786831294311,ETN,Eaton Corporation,Industrials,1551182,Q,2013,Q3,2013-09-30,Accruals / assets,accruals,-0.021539202766087093,-216.90211852235223,YoY delta,1,"Accruals / assets rose 2,168,806 bps year over year (-21690.2% to -2.2%).",99.90786831294311,99.90786831294311,0.0,0.0,0.0,0.014492753623188406,False,False,0.6811594202898551,False,0001551182-13-000046,10-Q,2013-11-07 00:00:00,https://www.sec.gov/Archives/edgar/data/1551182/000155118213000046/0001551182-13-000046-index.htm
5,99.50998702950795,LYV,Live Nation Entertainment,Communication Services,1335258,Q,2020,Q2,2020-06-30,Days sales outstanding,dso,761.9111414070514,31.70051225701289,YoY delta + Trend,2,"Days sales outstanding rose 2,303% year over year (32 days to 762 days), 29.6x its usual yearly move; 267.3 sigma above its rolling median of 30 days.",99.50998702950795,83.1398580421608,97.09366047025355,0.0,0.0,0.06666666666666667,False,False,1.0,False,0001335258-20-000150,10-Q,2020-08-05 00:00:00,https://www.sec.gov/Archives/edgar/data/1335258/000133525820000150/0001335258-20-000150-index.htm
6,99.48188563202784,SNPS,Synopsys,Information Technology,883241,Q,2026,Q1,2026-01-31,Debt / EBITDA,debt_to_ebitda,5.206093552229337,0.009263632425319293,YoY delta + Trend,2,"Debt / EBITDA rose 56,099% year over year (0.01x to 5.21x), 3.2x its usual yearly move; 995.0 sigma above its rolling median of 0.01x.",99.48188563202784,35.03962432996489,99.20241476033956,0.0,0.0,0.09433962264150944,False,False,0.9433962264150944,False,0000883241-26-000014,10-Q,2026-02-25 00:00:00,https://www.sec.gov/Archives/edgar/data/883241/000088324126000014/0000883241-26-000014-index.htm
7,99.42106271354747,KHC,Kraft Heinz,Consumer Staples,1637459,Q,2018,Q4,2018-12-29,SG&A % of revenue,sga_pct,2.3729502249310697,0.11313072560709611,YoY delta + Trend,2,"SG&A % of revenue rose 22,598 bps year over year (11.3% to 237.3%), 58.1x its usual yearly move; 121.3 sigma above its rolling median of 12.8%. An input changed XBRL tag versus the comparison period.",99.42106271354747,90.64440156877257,93.81186258999597,0.0,0.0,0.09090909090909091,False,False,1.0,True,0001637459-19-000049,10-K,2019-06-07 00:00:00,https://www.sec.gov/Archives/edgar/data/1637459/000163745919000049/0001637459-19-000049-index.htm
8,99.40193598906875,J,Jacobs Solutions,Industrials,52988,Q,2012,Q3,2012-06-29,Debt / EBITDA,debt_to_ebitda,0.804985552208313,0.004468315909024724,YoY delta + Trend,2,"Debt / EBITDA rose 17,915% year over year (0.00x to 0.80x); 310.3 sigma above its rolling median of 0.00x.",99.40193598906875,76.2039582895465,97.48670800711983,0.0,0.0,0.08,False,False,0.14,False,0000052988-12-000065,10-Q,2012-08-02 00:00:00,https://www.sec.gov/Archives/edgar/data/52988/000005298812000065/0000052988-12-000065-index.htm
9,99.20003046207822,SWK,Stanley Black & Decker,Industrials,93556,A,2013,FY,2013-12-28,SG&A % of revenue,sga_pct,-0.24550958077300658,0.24621951817869583,YoY delta + Trend + Benford,3,"SG&A % of revenue fell 4,917 bps year over year (24.6% to -24.6%), 26.8x its usual yearly move; 98.4 sigma below its rolling median of 24.6%; the filing's leading digits also depart from Benford's Law.",99.20003046207822,81.72743463140492,92.47795780865101,41.7979662403604,0.0,0.05660377358490566,False,False,0.018867924528301886,False,0000093556-14-000004,10-K,2014-02-21 00:00:00,https://www.sec.gov/Archives/edgar/data/93556/000009355614000004/0000093556-14-000004-index.htm
10,99.11086655230082,SNPS,Synopsys,Information Technology,883241,Q,2026,Q2,2026-04-30,Debt / EBITDA,debt_to_ebitda,4.822887948164811,6.412732127646678,Trend,1,Debt / EBITDA of 4.82x is 891.8 sigma above its rolling median of 0.01x.,99.11086655230082,0.0,99.11086655230082,0.0,0.0,0.09090909090909091,False,False,1.0,False,0000883241-26-000018,10-Q,2026-05-27 00:00:00,https://www.sec.gov/Archives/edgar/data/883241/000088324126000018/0000883241-26-000018-index.htm
11,99.09567346537698,WELL,Welltower,Real Estate,766704,Q,2025,Q4,2025-12-31,SG&A % of revenue,sga_pct,0.4895858580809686,0.02163957295753122,YoY delta + Trend,2,"SG&A % of revenue rose 4,679 bps year over year (2.2% to 49.0%), 47.1x its usual yearly move; 92.5 sigma above its rolling median of 2.7%.",99.09567346537698,88.63520746509816,92.04273609178705,0.0,0.0,0.06896551724137931,False,False,1.0,False,0000766704-26-000010,10-K,2026-02-12 00:00:00,https://www.sec.gov/Archives/edgar/data/766704/000076670426000010/0000766704-26-000010-index.htm
12,99.06672164194497,KHC,Kraft Heinz,Consumer Staples,1637459,Q,2018,Q4,2018-12-29,Operating margin,operating_margin,-2.0513713539399214,0.21942707575977896,YoY delta + Trend,2,"Operating margin fell 22,708 bps year over year (21.9% to -205.1%), 32.2x its usual yearly move; 126.7 sigma below its rolling median of 23.0%. An input changed XBRL tag versus the comparison period.",99.06672164194497,84.28221693920263,94.06227739341448,0.0,0.0,0.07692307692307693,False,False,0.038461538461538464,True,0001637459-19-000049,10-K,2019-06-07 00:00:00,https://www.sec.gov/Archives/edgar/data/1637459/000163745919000049/0001637459-19-000049-index.htm
13,99.00936092485682,EMR,Emerson Electric,Industrials,32604,A,2023,FY,2023-09-30,Net margin,net_margin,0.8716782063963073,0.1646033929390188,YoY delta + Trend,2,"Net margin rose 7,071 bps year over year (16.5% to 87.2%), 39.0x its usual yearly move; 99.8 sigma above its rolling median of 12.4%.",99.00936092485682,86.65661626621093,92.57580314778315,0.0,0.0,0.07407407407407407,False,False,1.0,False,0000032604-23-000044,10-K,2023-11-13 00:00:00,https://www.sec.gov/Archives/edgar/data/32604/000003260423000044/0000032604-23-000044-index.htm
14,98.93876035291693,FIS,Fidelity National Information Services,Financials,1136893,Q,2022,Q4,2022-12-31,Return on assets,roa,-0.9811080899749285,0.014141573675290516,YoY delta + Trend,2,"Return on assets fell 9,952 bps year over year (1.4% to -98.1%), 31.7x its usual yearly move; 111.9 sigma below its rolling median of 0.5%.",98.93876035291693,84.09239347638193,93.32872833189933,0.0,0.0,0.05333333333333334,False,False,0.013333333333333334,False,0001136893-24-000015,10-K,2024-02-26 00:00:00,https://www.sec.gov/Archives/edgar/data/1136893/000113689324000015/0001136893-24-000015-index.htm
15,98.88684041435553,MMM,3M,Industrials,66740,Q,2023,Q2,2023-06-30,SG&A % of revenue,sga_pct,1.4659459459459458,0.34739140427487936,YoY delta + Trend,2,"SG&A % of revenue rose 11,186 bps year over year (34.7% to 146.6%), 37.8x its usual yearly move; 90.4 sigma above its rolling median of 21.3%.",98.88684041435553,86.31240743595451,91.86738222637848,0.0,0.0,0.046153846153846156,False,False,1.0,False,0000066740-23-000058,10-Q,2023-07-25 00:00:00,https://www.sec.gov/Archives/edgar/data/66740/000006674023000058/0000066740-23-000058-index.htm
16,98.7793544661288,REGN,Regeneron Pharmaceuticals,Health Care,872589,Q,2012,Q2,2012-06-30,Days sales outstanding,dso,104.81343976162866,2.472323995918746,YoY delta + Trend,2,"Days sales outstanding rose 4,139% year over year (2 days to 105 days); 118.1 sigma above its rolling median of 3 days.",98.7793544661288,80.7618185973808,93.65508876163824,0.0,0.0,0.06666666666666667,False,False,1.0,False,0001206774-12-003062,10-Q,2012-07-25 00:00:00,https://www.sec.gov/Archives/edgar/data/872589/000120677412003062/0001206774-12-003062-index.htm
17,98.76218381136323,BALL,Ball Corporation,Materials,9389,Q,2024,Q1,2024-03-31,Net margin,net_margin,1.2825330549756437,0.051590713671539126,YoY delta + Trend,2,"Net margin rose 12,309 bps year over year (5.2% to 128.3%), 27.7x its usual yearly move; 106.9 sigma above its rolling median of 5.5%.",98.76218381136323,82.21866796381087,93.03867569585039,0.0,0.0,0.08,False,False,1.0,False,0001558370-24-006975,10-Q,2024-05-07 00:00:00,https://www.sec.gov/Archives/edgar/data/9389/000155837024006975/0001558370-24-006975-index.htm
18,98.63947898403941,MRNA,Moderna,Health Care,1682852,Q,2023,Q2,2023-06-30,Net margin,net_margin,-4.011627906976744,0.4626237102547905,YoY delta + Trend,2,"Net margin fell 44,743 bps year over year (46.3% to -401.2%); 17.2 sigma below its rolling median of 46.3%.",98.63947898403941,95.72124018179287,68.20291220434356,0.0,0.0,0.06666666666666667,False,False,0.016666666666666666,False,0001682852-23-000027,10-Q,2023-08-03 00:00:00,https://www.sec.gov/Archives/edgar/data/1682852/000168285223000027/0001682852-23-000027-index.htm
19,98.57418249222721,IDXX,Idexx Laboratories,Health Care,874716,A,2018,FY,2018-12-31,Quick ratio,quick_ratio,27.050595238095237,0.705986758474049,YoY delta + Trend,2,"Quick ratio rose 3,732% year over year (0.71x to 27.05x), 16.6x its usual yearly move; 140.9 sigma above its rolling median of 0.73x.",98.57418249222721,73.46781156233703,94.62608404458335,0.0,0.0,0.05555555555555555,False,False,1.0,False,0000874716-19-000004,10-K,2019-02-15 00:00:00,https://www.sec.gov/Archives/edgar/data/874716/000087471619000004/0000874716-19-000004-index.htm
20,98.56181199056391,ATO,Atmos Energy,Utilities,731802,Q,2012,Q3,2012-06-30,Days payables outstanding,dpo,832.4238507218183,49.39010462717359,YoY delta + Trend,2,"Days payables outstanding rose 1,585% year over year (49 days to 832 days); 125.6 sigma above its rolling median of 45 days.",98.56181199056391,75.98777565969418,94.01060064634656,0.0,0.0,,False,False,,False,0001193125-12-346532,10-Q,2012-08-09 00:00:00,https://www.sec.gov/Archives/edgar/data/731802/000119312512346532/0001193125-12-346532-index.htm
21,98.55576150832937,REGN,Regeneron Pharmaceuticals,Health Care,872589,Q,2012,Q3,2012-09-30,Days sales outstanding,dso,108.10413339661949,3.2468541227038012,YoY delta + Trend,2,"Days sales outstanding rose 3,230% year over year (3 days to 108 days); 104.4 sigma above its rolling median of 3 days.",98.55576150832937,79.70491731533471,92.88380089842215,0.0,0.0,0.04081632653061224,False,False,1.0,False,0001532176-12-000004,10-Q,2012-10-24 00:00:00,https://www.sec.gov/Archives/edgar/data/872589/000153217612000004/0001532176-12-000004-index.htm
22,98.5443202855042,LYV,Live Nation Entertainment,Communication Services,1335258,Q,2020,Q3,2020-09-30,Operating margin,operating_margin,-2.7412590072710277,0.06890905544820393,YoY delta + Trend,2,"Operating margin fell 28,102 bps year over year (6.9% to -274.1%), 77.3x its usual yearly move; 31.6 sigma below its rolling median of -0.4%.",98.5443202855042,92.79381550547048,79.79957749345918,0.0,0.0,0.07142857142857142,False,False,0.07142857142857142,False,0001335258-20-000163,10-Q,2020-11-05 00:00:00,https://www.sec.gov/Archives/edgar/data/1335258/000133525820000163/0001335258-20-000163-index.htm
23,98.52185578695945,KHC,Kraft Heinz,Consumer Staples,1637459,Q,2018,Q4,2018-12-29,EBITDA margin,ebitda_margin,-2.015527499637208,0.2551984877126654,YoY delta + Trend,2,"EBITDA margin fell 22,707 bps year over year (25.5% to -201.6%), 30.5x its usual yearly move; 80.9 sigma below its rolling median of 27.5%. An input changed XBRL tag versus the comparison period.",98.52185578695945,83.57280232354972,91.00184801964375,0.0,0.0,0.03571428571428571,False,False,0.03571428571428571,True,0001637459-19-000049,10-K,2019-06-07 00:00:00,https://www.sec.gov/Archives/edgar/data/1637459/000163745919000049/0001637459-19-000049-index.htm
24,98.4499852425838,PM,Philip Morris International,Consumer Staples,1413329,Q,2023,Q2,2023-06-30,Gross margin,gross_margin,0.6400133824021412,0.25400558577098337,YoY delta + Trend,2,"Gross margin rose 3,860 bps year over year (25.4% to 64.0%), 38.2x its usual yearly move; 62.0 sigma above its rolling median of 25.4%. An input changed XBRL tag versus the comparison period.",98.4499852425838,86.4335538653997,88.57464407378585,0.0,0.0,0.03333333333333333,False,False,0.9666666666666667,True,0001413329-23-000176,10-Q,2023-07-27 00:00:00,https://www.sec.gov/Archives/edgar/data/1413329/000141332923000176/0001413329-23-000176-index.htm
25,98.24058899141941,BA,Boeing,Industrials,12927,Q,2019,Q4,2019-12-31,Debt / EBITDA,debt_to_ebitda,92.23648648648648,0.9819870931139636,YoY delta + Trend,2,"Debt / EBITDA rose 2,446% year over year (0.98x to 92.24x), 6.7x its usual yearly move; 206.2 sigma above its rolling median of 0.98x.",98.24058899141941,52.8808992780734,96.26603440722744,0.0,0.0,0.07936507936507936,False,False,0.9841269841269841,False,0000012927-20-000014,10-K,2020-01-31 00:00:00,https://www.sec.gov/Archives/edgar/data/12927/000001292720000014/0000012927-20-000014-index.htm
26,98.1665393242827,FIS,Fidelity National Information Services,Financials,1136893,Q,2022,Q4,2022-12-31,Return on equity,roe,-1.9149229454415129,0.02464743996950832,YoY delta + Trend,2,"Return on equity fell 19,396 bps year over year (2.5% to -191.5%), 27.7x its usual yearly move; 126.8 sigma below its rolling median of 0.9%.",98.941829781526,82.17231928654756,94.06445383736578,0.0,0.0,0.1044776119402985,False,False,0.014925373134328358,False,0001136893-24-000015,10-K,2024-02-26 00:00:00,https://www.sec.gov/Archives/edgar/data/1136893/000113689324000015/0001136893-24-000015-index.htm
27,98.15614605379346,SBUX,Starbucks,Consumer Discretionary,829224,Q,2019,Q4,2019-09-29,Days inventory outstanding,dio,392.2365092748735,49.13704437096278,YoY delta + Trend,2,"Days inventory outstanding rose 698% year over year (49 days to 392 days), 10.7x its usual yearly move; 148.1 sigma above its rolling median of 50 days.",98.15614605379346,64.03208913117234,94.8736140029624,0.0,0.0,0.038461538461538464,False,False,1.0,False,0000829224-19-000051,10-K,2019-11-15 00:00:00,https://www.sec.gov/Archives/edgar/data/829224/000082922419000051/0000829224-19-000051-index.htm
28,98.04740028298063,REGN,Regeneron Pharmaceuticals,Health Care,872589,Q,2012,Q1,2012-03-31,Days sales outstanding,dso,62.77652304466562,3.0618895048304875,YoY delta + Trend,2,"Days sales outstanding rose 1,950% year over year (3 days to 63 days); 85.5 sigma above its rolling median of 3 days.",98.04740028298063,77.1902347956434,91.43963254542217,0.0,0.0,0.045454545454545456,False,False,0.6363636363636364,False,0001206774-12-001689,10-Q,2012-04-26 00:00:00,https://www.sec.gov/Archives/edgar/data/872589/000120677412001689/0001206774-12-001689-index.htm
29,97.98843723973772,CAH,Cardinal Health,Health Care,721371,Q,2020,Q1,2019-09-30,Return on equity,roe,-5.44770337576093,0.39625793518209157,YoY delta + Trend,2,"Return on equity fell 58,440 bps year over year (39.6% to -544.8%), 22.5x its usual yearly move; 75.8 sigma below its rolling median of 18.8%. An input changed XBRL tag versus the comparison period.",97.98843723973772,78.9180033547845,90.4583859199181,0.0,0.0,0.09090909090909091,False,False,0.01818181818181818,True,0000721371-19-000127,10-Q,2019-11-07 00:00:00,https://www.sec.gov/Archives/edgar/data/721371/000072137119000127/0000721371-19-000127-index.htm
30,97.97270795318951,BALL,Ball Corporation,Materials,9389,Q,2024,Q1,2024-03-31,Return on assets,roa,0.7522257085278437,0.03598380728672097,YoY delta + Trend,2,"Return on assets rose 7,162 bps year over year (3.6% to 75.2%), 22.4x its usual yearly move; 75.4 sigma above its rolling median of 3.9%.",97.97270795318951,78.85446826587123,90.41266934168205,0.0,0.0,0.08333333333333333,False,False,1.0,False,0001558370-24-006975,10-Q,2024-05-07 00:00:00,https://www.sec.gov/Archives/edgar/data/9389/000155837024006975/0001558370-24-006975-index.htm
31,97.9394091568057,EMR,Emerson Electric,Industrials,32604,Q,2023,Q3,2023-06-30,Net margin,net_margin,2.36999493157628,0.184015984015984,YoY delta + Trend,2,"Net margin rose 21,860 bps year over year (18.4% to 237.0%), 29.2x its usual yearly move; 58.2 sigma above its rolling median of 13.9%.",97.9394091568057,82.94121174403644,87.92064939035787,0.0,0.0,0.075,False,False,1.0,False,0000032604-23-000037,10-Q,2023-08-02 00:00:00,https://www.sec.gov/Archives/edgar/data/32604/000003260423000037/0000032604-23-000037-index.htm
32,97.86562136794275,CNC,Centene Corporation,Health Care,1071739,Q,2022,Q2,2022-06-30,Gross margin,gross_margin,0.1268087711487088,0.9643190975020145,YoY delta + Trend,2,"Gross margin fell 8,375 bps year over year (96.4% to 12.7%), 6.8x its usual yearly move; 167.8 sigma below its rolling median of 96.6%.",97.86562136794275,53.09902290449065,95.44918088228569,0.0,0.0,0.09615384615384616,False,False,0.07692307692307693,False,0001071739-23-000183,10-Q,2023-07-28 00:00:00,https://www.sec.gov/Archives/edgar/data/1071739/000107173923000183/0001071739-23-000183-index.htm
33,97.79276187500794,REGN,Regeneron Pharmaceuticals,Health Care,872589,Q,2012,Q4,2012-12-31,Days sales outstanding,dso,130.55928034597036,20.964712913796888,YoY delta + Trend,2,Days sales outstanding rose 523% year over year (21 days to 131 days); 110.9 sigma above its rolling median of 3 days.,97.79276187500794,67.20359239112882,93.26987836193676,0.0,0.0,0.02127659574468085,False,False,1.0,False,0001532176-13-000004,10-K,2013-02-15 00:00:00,https://www.sec.gov/Archives/edgar/data/872589/000153217613000004/0001532176-13-000004-index.htm
34,97.7581059544772,FIS,Fidelity National Information Services,Financials,1136893,Q,2022,Q4,2022-12-31,Accruals / assets,accruals,-1.0455736431371163,-0.039946300897212385,YoY delta + Trend,2,"Accruals / assets fell 10,056 bps year over year (-4.0% to -104.6%), 30.0x its usual yearly move; 51.5 sigma below its rolling median of -4.0%.",97.7581059544772,83.32664920104818,86.55402820611361,0.0,0.0,0.06666666666666667,False,False,0.013333333333333334,False,0001136893-24-000015,10-K,2024-02-26 00:00:00,https://www.sec.gov/Archives/edgar/data/1136893/000113689324000015/0001136893-24-000015-index.htm
35,97.69791354625309,ECL,Ecolab,Materials,31462,Q,2020,Q2,2020-06-30,Net margin,net_margin,-0.7558178500949473,0.09900516039793585,YoY delta + Trend,2,"Net margin fell 8,548 bps year over year (9.9% to -75.6%), 39.8x its usual yearly move; 37.5 sigma below its rolling median of 10.3%.",97.69791354625309,86.90500696444062,82.42010173281035,0.0,0.0,0.09090909090909091,False,False,0.045454545454545456,False,0001558370-20-009506,10-Q,2020-08-06 00:00:00,https://www.sec.gov/Archives/edgar/data/31462/000155837020009506/0001558370-20-009506-index.htm
36,97.64948379473373,TTWO,Take-Two Interactive,Communication Services,946581,Q,2014,Q2,2013-09-30,Trade working capital % of revenue,nwc_pct,1.3568913616083427,0.08279503742438224,YoY delta + Trend,2,"Trade working capital % of revenue rose 12,741 bps year over year (8.3% to 135.7%); 38.2 sigma above its rolling median of 4.9%.",97.64948379473373,86.43236559790506,82.67556350941078,0.0,0.0,0.08333333333333333,False,False,1.0,False,0001047469-13-010066,10-Q,2013-10-30 00:00:00,https://www.sec.gov/Archives/edgar/data/946581/000104746913010066/0001047469-13-010066-index.htm
37,97.64290440050632,EXE,Expand Energy,Energy,895126,Q,2010,Q1,2010-03-31,Gross margin,gross_margin,0.43316654753395284,-4.537844611528822,YoY delta,1,"Gross margin rose 49,710 bps year over year (-453.8% to 43.3%).",97.64290440050632,97.64290440050632,0.0,0.0,0.0,,False,False,,False,0001193125-11-052349,10-K,2011-03-01 00:00:00,https://www.sec.gov/Archives/edgar/data/895126/000119312511052349/0001193125-11-052349-index.htm
38,97.49147252228589,J,Jacobs Solutions,Industrials,52988,Q,2012,Q4,2012-09-28,Debt / EBITDA,debt_to_ebitda,0.8065493775984293,0.003541830720611651,Trend,1,Debt / EBITDA of 0.81x is 310.9 sigma above its rolling median of 0.00x.,97.49147252228589,0.0,97.49147252228589,0.0,0.0,0.07692307692307693,False,False,0.15384615384615385,False,0000052988-12-000086,10-K,2012-11-20 00:00:00,https://www.sec.gov/Archives/edgar/data/52988/000005298812000086/0000052988-12-000086-index.htm
39,97.43970508456775,GE,GE Aerospace,Industrials,40545,Q,2015,Q1,2015-03-31,Net margin,net_margin,-0.4623586319662079,0.08774650359880624,YoY delta + Trend,2,"Net margin fell 5,501 bps year over year (8.8% to -46.2%), 19.8x its usual yearly move; 64.5 sigma below its rolling median of 9.3%.",97.43970508456775,76.78550968441554,88.97113449131616,0.0,0.0,0.04225352112676056,False,False,0.014084507042253521,False,0000040545-15-000054,10-Q,2015-05-04 00:00:00,https://www.sec.gov/Archives/edgar/data/40545/000004054515000054/0000040545-15-000054-index.htm
40,97.36731622778629,MCO,Moody's Corporation,Financials,1059556,Q,2016,Q4,2016-12-31,Net margin,net_margin,-0.45494108905636343,0.25164568656888786,YoY delta + Trend,2,"Net margin fell 7,066 bps year over year (25.2% to -45.5%), 19.4x its usual yearly move; 63.8 sigma below its rolling median of 27.2%.",97.36731622778629,76.37849157970444,88.85471780476259,0.0,0.0,0.09836065573770492,False,False,0.01639344262295082,False,0001193125-17-054522,10-K,2017-02-24 00:00:00,https://www.sec.gov/Archives/edgar/data/1059556/000119312517054522/0001193125-17-054522-index.htm
41,97.34957667967046,ALGN,Align Technology,Health Care,1097149,Q,2020,Q1,2020-03-31,Net margin,net_margin,2.7554137029165298,0.1308775873406792,YoY delta + Trend,2,"Net margin rose 26,245 bps year over year (13.1% to 275.5%), 14.1x its usual yearly move; 81.9 sigma above its rolling median of 19.7%.",97.34957667967046,70.2175587546558,91.10071837800113,0.0,0.0,0.09090909090909091,False,False,1.0,False,0001097149-20-000025,10-Q,2020-05-05 00:00:00,https://www.sec.gov/Archives/edgar/data/1097149/000109714920000025/0001097149-20-000025-index.htm
42,97.3293024050303,SBUX,Starbucks,Consumer Discretionary,829224,Q,2019,Q4,2019-09-29,Gross margin,gross_margin,0.947265451311694,0.5874103686782156,YoY delta + Trend,2,"Gross margin rose 3,599 bps year over year (58.7% to 94.7%), 24.0x its usual yearly move; 52.0 sigma above its rolling median of 58.8%.",97.3293024050303,79.97896767498548,86.66054001804443,0.0,0.0,0.0625,False,False,1.0,False,0000829224-19-000051,10-K,2019-11-15 00:00:00,https://www.sec.gov/Archives/edgar/data/829224/000082922419000051/0000829224-19-000051-index.htm
43,97.31144357912368,TSLA,"Tesla, Inc.",Consumer Discretionary,1318605,Q,2012,Q2,2012-06-30,Operating margin,operating_margin,-3.9836040970997635,-1.009764315552423,YoY delta + Trend,2,"Operating margin fell 29,738 bps year over year (-101.0% to -398.4%); 10.8 sigma below its rolling median of -116.5%.",97.31144357912368,93.69848468209399,57.33476338244086,0.0,0.0,0.037037037037037035,False,False,0.037037037037037035,False,0001193125-12-332138,10-Q,2012-08-02 00:00:00,https://www.sec.gov/Archives/edgar/data/1318605/000119312512332138/0001193125-12-332138-index.htm
44,97.29575079247522,MPWR,Monolithic Power Systems,Information Technology,1280452,Q,2024,Q4,2024-12-31,Return on equity,roe,2.1091395530697192,0.19406213522919655,YoY delta + Trend,2,"Return on equity rose 19,151 bps year over year (19.4% to 210.9%), 38.0x its usual yearly move; 32.3 sigma above its rolling median of 25.1%.",97.29575079247522,86.37721343332574,80.14907453560008,0.0,0.0,0.07352941176470588,False,False,0.9852941176470589,False,0001437749-25-005903,10-K,2025-03-03 00:00:00,https://www.sec.gov/Archives/edgar/data/1280452/000143774925005903/0001437749-25-005903-index.htm
45,97.20673034532378,CNP,CenterPoint Energy,Utilities,1130310,Q,2020,Q1,2020-03-31,Days payables outstanding,dpo,1053.65234375,86.14408473221422,YoY delta + Trend,2,"Days payables outstanding rose 1,123% year over year (86 days to 1054 days); 67.3 sigma above its rolling median of 84 days.",97.20673034532378,73.72131263148664,89.37058911845395,0.0,0.0,0.09090909090909091,False,False,1.0,False,0001130310-20-000044,10-Q,2020-05-07 00:00:00,https://www.sec.gov/Archives/edgar/data/1130310/000113031020000044/0001130310-20-000044-index.htm
46,97.19131456239644,IFF,International Flavors & Fragrances,Materials,51253,Q,2019,Q4,2019-12-31,Days sales outstanding,dso,4.318522257508945,70.19504272599826,YoY delta + Trend,2,"Days sales outstanding fell 94% year over year (70 days to 4 days), 52.0x its usual yearly move; 31.3 sigma below its rolling median of 71 days.",97.19131456239644,86.20293098872207,79.64288331595866,0.0,0.0,0.045454545454545456,False,False,0.045454545454545456,False,0000051253-20-000007,10-K,2020-03-03 00:00:00,https://www.sec.gov/Archives/edgar/data/51253/000005125320000007/0000051253-20-000007-index.htm
47,97.17120808484728,MMM,3M,Industrials,66740,A,2023,FY,2023-12-31,Net margin,net_margin,-0.21403873810470916,0.1687750153378714,YoY delta + Trend,2,"Net margin fell 3,828 bps year over year (16.9% to -21.4%), 27.4x its usual yearly move; 50.6 sigma below its rolling median of 16.5%.",97.17120808484728,79.28807966074383,86.34220357737091,0.0,0.0,0.07407407407407407,False,False,0.024691358024691357,False,0000066740-24-000016,10-K,2024-02-07 00:00:00,https://www.sec.gov/Archives/edgar/data/66740/000006674024000016/0000066740-24-000016-index.htm
48,97.15848640040493,PPG,PPG Industries,Materials,79879,Q,2013,Q1,2013-03-31,Net margin,net_margin,0.7235064545181628,0.003464818763326226,YoY delta + Trend,2,"Net margin rose 7,200 bps year over year (0.3% to 72.4%), 26.6x its usual yearly move; 43.8 sigma above its rolling median of 7.0%. Reverses the prior year's flagged move.",97.15848640040493,81.60753728532455,84.55066271615813,0.0,0.0,0.05555555555555555,False,True,1.0,False,0000079879-13-000033,10-Q,2013-04-29 00:00:00,https://www.sec.gov/Archives/edgar/data/79879/000007987913000033/0000079879-13-000033-index.htm
49,97.14052800944364,SBUX,Starbucks,Consumer Discretionary,829224,Q,2019,Q4,2019-09-29,Days payables outstanding,dpo,305.1155845980888,41.37616310366041,YoY delta + Trend,2,"Days payables outstanding rose 637% year over year (41 days to 305 days), 13.9x its usual yearly move; 76.2 sigma above its rolling median of 31 days.",97.14052800944364,69.89181809392227,90.50267465675455,0.0,0.0,0.06896551724137931,False,False,1.0,False,0000829224-19-000051,10-K,2019-11-15 00:00:00,https://www.sec.gov/Archives/edgar/data/829224/000082922419000051/0000829224-19-000051-index.htm
50,97.12289560876944,SNPS,Synopsys,Information Technology,883241,Q,2025,Q3,2025-07-31,Debt / EBITDA,debt_to_ebitda,10.02414650496764,0.009018535434709712,YoY delta + Trend,2,"Debt / EBITDA rose 111,050% year over year (0.01x to 10.02x), 5.4x its usual yearly move; 2208.3 sigma above its rolling median of 0.01x.",99.81009034893302,47.38753874365554,99.63904054945901,0.0,0.0,0.11538461538461539,False,False,0.9807692307692307,False,0000883241-25-000024,10-Q,2025-09-09 00:00:00,https://www.sec.gov/Archives/edgar/data/883241/000088324125000024/0000883241-25-000024-index.htm
51,97.06485211921984,KKR,KKR & Co.,Financials,1404912,Q,2017,Q1,2017-03-31,Asset turnover,asset_turnover,0.07616748448624654,0.0010284554184275345,YoY delta + Trend,2,"Asset turnover rose 7,306% year over year (0.00x to 0.08x), 5.5x its usual yearly move; 134.6 sigma above its rolling median of 0.00x. An input changed XBRL tag versus the comparison period.",97.06485211921984,47.66573894353338,94.39153659280055,0.0,0.0,0.06060606060606061,False,False,0.3333333333333333,True,0001404912-18-000009,10-Q,2018-05-08 00:00:00,https://www.sec.gov/Archives/edgar/data/1404912/000140491218000009/0001404912-18-000009-index.htm
52,96.92205326192503,SLB,Schlumberger,Energy,87347,Q,2019,Q3,2019-09-30,Return on equity,roe,-1.523701162887978,0.07055891093854856,YoY delta + Trend,2,"Return on equity fell 15,943 bps year over year (7.1% to -152.4%), 15.0x its usual yearly move; 66.2 sigma below its rolling median of 4.7%.",96.92205326192503,71.44422847553442,89.22127971419752,0.0,0.0,0.05555555555555555,False,False,0.05555555555555555,False,0001564590-19-037505,10-Q,2019-10-23 00:00:00,https://www.sec.gov/Archives/edgar/data/87347/000156459019037505/0001564590-19-037505-index.htm
53,96.89016338228915,ES,Eversource Energy,Utilities,72741,Q,2023,Q4,2023-12-31,Net margin,net_margin,-0.47753130940919103,0.10629228910731614,YoY delta + Trend,2,"Net margin fell 5,838 bps year over year (10.6% to -47.8%), 17.6x its usual yearly move; 57.3 sigma below its rolling median of 12.2%.",96.89016338228915,74.6231575509277,87.74537602953619,0.0,0.0,0.06666666666666667,False,False,0.03333333333333333,False,0000072741-24-000005,10-K,2024-02-14 00:00:00,https://www.sec.gov/Archives/edgar/data/72741/000007274124000005/0000072741-24-000005-index.htm
54,96.7839618462476,SBUX,Starbucks,Consumer Discretionary,829224,Q,2013,Q4,2013-09-29,EBITDA margin,ebitda_margin,-0.511745143581081,0.1998751523438661,YoY delta + Trend,2,"EBITDA margin fell 7,116 bps year over year (20.0% to -51.2%), 19.0x its usual yearly move; 51.6 sigma below its rolling median of 19.6%.",96.7839618462476,76.03199188177851,86.58195483792655,0.0,0.0,0.030303030303030304,False,False,0.030303030303030304,False,0000829224-14-000008,10-Q,2014-01-28 00:00:00,https://www.sec.gov/Archives/edgar/data/829224/000082922414000008/0000829224-14-000008-index.htm
55,96.69152468106063,BBY,Best Buy,Consumer Discretionary,764478,Q,2012,Q4,2012-03-04,Return on equity,roe,-1.436700158646219,0.41323494406093786,YoY delta + Trend,2,"Return on equity fell 18,499 bps year over year (41.3% to -143.7%), 28.9x its usual yearly move; 33.6 sigma below its rolling median of 13.6%.",96.69152468106063,82.80467604148085,80.75944758632916,0.0,0.0,0.1,False,False,0.05,False,0000764478-12-000035,10-K,2012-05-01 00:00:00,https://www.sec.gov/Archives/edgar/data/764478/000076447812000035/0000764478-12-000035-index.htm
56,96.66882162378023,PAYX,Paychex,Industrials,723531,Q,2025,Q4,2025-05-31,Debt / EBITDA,debt_to_ebitda,2.0470792652655967,0.34769845996766785,YoY delta + Trend,2,"Debt / EBITDA rose 489% year over year (0.35x to 2.05x), 30.0x its usual yearly move; 80.7 sigma above its rolling median of 0.36x. An input changed XBRL tag versus the comparison period.",97.16895595590621,68.6143841613845,90.97980406485893,0.0,0.0,0.10294117647058823,False,False,0.4852941176470588,True,0000950170-25-095300,10-K,2025-07-11 00:00:00,https://www.sec.gov/Archives/edgar/data/723531/000095017025095300/0000950170-25-095300-index.htm
57,96.65989573891109,OMC,Omnicom Group,Communication Services,29989,Q,2025,Q4,2025-12-31,Debt / EBITDA,debt_to_ebitda,12.854033823121707,2.413464213329094,YoY delta + Trend,2,"Debt / EBITDA rose 433% year over year (2.41x to 12.85x), 9.3x its usual yearly move; 86.0 sigma above its rolling median of 2.43x.",96.65989573891109,60.77284909340881,91.48522341313425,0.0,0.0,0.06666666666666667,False,False,1.0,False,0000029989-26-000006,10-K,2026-02-20 00:00:00,https://www.sec.gov/Archives/edgar/data/29989/000002998926000006/0000029989-26-000006-index.htm
58,96.65737636132886,LHX,L3Harris,Industrials,202058,Q,2024,Q4,2025-01-03,Asset turnover,asset_turnover,2.0336154488020024,0.5086925458442486,YoY delta + Trend,2,"Asset turnover rose 300% year over year (0.51x to 2.03x), 7.2x its usual yearly move; 100.5 sigma above its rolling median of 0.51x.",96.65737636132886,54.66964199320215,92.62608153641789,0.0,0.0,0.04938271604938271,False,False,0.9753086419753086,False,0000202058-26-000015,10-K,2026-02-12 00:00:00,https://www.sec.gov/Archives/edgar/data/202058/000020205826000015/0000202058-26-000015-index.htm
59,96.64915319087393,DLTR,Dollar Tree,Consumer Staples,935703,Q,2018,Q4,2019-02-02,EBITDA margin,ebitda_margin,-0.31920002578482565,0.1449863220450901,YoY delta + Trend,2,"EBITDA margin fell 4,642 bps year over year (14.5% to -31.9%), 23.7x its usual yearly move; 40.3 sigma below its rolling median of 10.7%. An input changed XBRL tag versus the comparison period.",96.64915319087393,79.77248615734688,83.4342132444362,0.0,0.0,0.06666666666666667,False,False,0.03333333333333333,True,0000935703-19-000024,10-K,2019-03-27 00:00:00,https://www.sec.gov/Archives/edgar/data/935703/000093570319000024/0000935703-19-000024-index.htm
60,96.64239674308777,SNPS,Synopsys,Information Technology,883241,A,2025,FY,2025-10-31,Debt / EBITDA,debt_to_ebitda,8.559656636559206,0.009450706819095989,YoY delta + Trend + Benford,3,"Debt / EBITDA rose 90,472% year over year (0.01x to 8.56x), 8.1x its usual yearly move; 48.6 sigma above its rolling median of 0.13x; the filing's leading digits also depart from Benford's Law.",96.64239674308777,57.48310069212729,85.8729319141687,44.09949199398369,0.0,0.06666666666666667,False,False,0.9833333333333333,False,0000883241-25-000028,10-K,2025-12-22 00:00:00,https://www.sec.gov/Archives/edgar/data/883241/000088324125000028/0000883241-25-000028-index.htm
61,96.63947182502557,BA,Boeing,Industrials,12927,A,2019,FY,2019-12-31,Debt / EBITDA,debt_to_ebitda,92.23648648648648,0.9819870931139636,YoY delta + Trend,2,"Debt / EBITDA rose 2,446% year over year (0.98x to 92.24x), 8.0x its usual yearly move; 102.5 sigma above its rolling median of 1.11x.",96.88519514604815,56.991717861471145,92.75766271268606,0.0,0.0,0.10144927536231885,False,False,0.9855072463768116,False,0000012927-20-000014,10-K,2020-01-31 00:00:00,https://www.sec.gov/Archives/edgar/data/12927/000001292720000014/0000012927-20-000014-index.htm
62,96.63662721975156,CNC,Centene Corporation,Health Care,1071739,Q,2012,Q4,2012-12-31,Debt / EBITDA,debt_to_ebitda,13.907704219899342,1.4139416290302471,YoY delta + Trend,2,Debt / EBITDA rose 884% year over year (1.41x to 13.91x); 105.4 sigma above its rolling median of 1.43x.,97.07220763864291,58.498138048812166,92.9453951613048,0.0,0.0,0.10256410256410256,False,False,1.0,False,0001071739-13-000024,10-K,2013-02-19 00:00:00,https://www.sec.gov/Archives/edgar/data/1071739/000107173913000024/0001071739-13-000024-index.htm
63,96.50859449394487,EFX,Equifax,Industrials,33185,Q,2019,Q4,2019-12-31,Debt / EBITDA,debt_to_ebitda,1890.611111111111,3.4754549024741457,YoY delta + Trend,2,"Debt / EBITDA rose 619% year over year (3.48x to 1890.61x), 4.0x its usual yearly move; 128.8 sigma above its rolling median of 2.49x.",96.50859449394487,40.291781540343294,94.15255454588018,0.0,0.0,0.07936507936507936,False,False,1.0,False,0000033185-20-000011,10-K,2020-02-20 00:00:00,https://www.sec.gov/Archives/edgar/data/33185/000003318520000011/0000033185-20-000011-index.htm
64,96.48518170732197,TPR,"Tapestry, Inc.",Consumer Discretionary,1116132,Q,2015,Q3,2015-03-28,Debt / EBITDA,debt_to_ebitda,0.9893851391948728,,Trend,1,Debt / EBITDA of 0.99x is 938.4 sigma above its rolling median of 0.01x.,99.15473218934274,0.0,99.15473218934274,0.0,0.0,0.11538461538461539,False,False,0.34615384615384615,False,0001116132-15-000007,10-Q,2015-05-06 00:00:00,https://www.sec.gov/Archives/edgar/data/1116132/000111613215000007/0001116132-15-000007-index.htm
65,96.45233370210123,MRNA,Moderna,Health Care,1682852,Q,2021,Q3,2021-09-30,Return on equity,roe,1.5845020204421203,-0.32752616537487717,YoY delta + Trend,2,"Return on equity rose 19,120 bps year over year (-32.8% to 158.5%); 31.0 sigma above its rolling median of -35.5%.",96.45233370210123,82.69917285378367,79.49423881346252,0.0,0.0,0.07407407407407407,False,False,0.9629629629629629,False,0001682852-21-000027,10-Q,2021-11-04 00:00:00,https://www.sec.gov/Archives/edgar/data/1682852/000168285221000027/0001682852-21-000027-index.htm
66,96.4031257286776,MMM,3M,Industrials,66740,A,2023,FY,2023-12-31,SG&A % of revenue,sga_pct,0.6586701753312322,0.2643664728738789,YoY delta + Trend,2,"SG&A % of revenue rose 3,943 bps year over year (26.4% to 65.9%), 21.9x its usual yearly move; 39.8 sigma above its rolling median of 21.1%.",96.4031257286776,78.5141231701105,83.25935543706221,0.0,0.0,0.07462686567164178,False,False,1.0,False,0000066740-24-000016,10-K,2024-02-07 00:00:00,https://www.sec.gov/Archives/edgar/data/66740/000006674024000016/0000066740-24-000016-index.htm
67,96.35296707942639,ECHO,EchoStar,Communication Services,1415404,Q,2025,Q3,2025-09-30,EBITDA margin,ebitda_margin,-4.496243488981694,0.08138481165689708,YoY delta + Trend,2,"EBITDA margin fell 45,776 bps year over year (8.1% to -449.6%), 19.1x its usual yearly move; 102.0 sigma below its rolling median of 11.2%.",98.26364914615722,76.12787229201179,92.72645121925285,0.0,0.0,0.1111111111111111,False,False,0.05555555555555555,False,0001104659-25-107277,10-Q,2025-11-06 00:00:00,https://www.sec.gov/Archives/edgar/data/1415404/000110465925107277/0001104659-25-107277-index.htm
68,96.3312621235804,MTB,M&T Bank,Financials,36270,A,2024,FY,2024-12-31,Net margin,net_margin,1.6794289422452953,0.2842476407756922,YoY delta + Trend,2,"Net margin rose 13,952 bps year over year (28.4% to 167.9%), 28.4x its usual yearly move; 30.0 sigma above its rolling median of 26.7%. An input changed XBRL tag versus the comparison period.",96.3312621235804,82.57950717632876,78.94010282284057,0.0,0.0,0.05555555555555555,False,False,1.0,True,0001628280-25-006267,10-K,2025-02-19 00:00:00,https://www.sec.gov/Archives/edgar/data/36270/000162828025006267/0001628280-25-006267-index.htm
69,96.31590243596504,PNR,Pentair,Industrials,77360,Q,2012,Q3,2012-09-29,Days inventory outstanding,dio,214.3596376620392,67.85516682727443,YoY delta + Trend,2,"Days inventory outstanding rose 216% year over year (68 days to 214 days), 19.5x its usual yearly move; 52.7 sigma above its rolling median of 69 days.",96.31590243596504,72.04707474787968,86.82035053288202,0.0,0.0,0.046511627906976744,False,False,1.0,False,0001193125-12-445897,10-Q,2012-11-01 00:00:00,https://www.sec.gov/Archives/edgar/data/77360/000119312512445897/0001193125-12-445897-index.htm
70,96.30626637854004,AON,Aon plc,Financials,315293,A,2016,FY,2016-12-31,Trade working capital % of revenue,nwc_pct,-0.5931022619764341,0.08234891285738744,YoY delta + Trend,2,"Trade working capital % of revenue fell 6,755 bps year over year (8.2% to -59.3%), 33.5x its usual yearly move; 24.9 sigma below its rolling median of 8.3%.",96.30626637854004,84.80032172385523,75.69860654710621,0.0,0.0,0.05,False,False,0.05,False,0001628280-17-001652,10-K,2017-02-23 00:00:00,https://www.sec.gov/Archives/edgar/data/315293/000162828017001652/0001628280-17-001652-index.htm
71,96.30205528421237,SLB,Schlumberger,Energy,87347,Q,2019,Q3,2019-09-30,Return on assets,roa,-0.7082228323002621,0.03674697935835437,YoY delta + Trend,2,"Return on assets fell 7,450 bps year over year (3.7% to -70.8%), 12.8x its usual yearly move; 61.0 sigma below its rolling median of 2.4%.",96.30205528421237,68.10987949269528,88.40410554440967,0.0,0.0,0.05555555555555555,False,False,0.05555555555555555,False,0001564590-19-037505,10-Q,2019-10-23 00:00:00,https://www.sec.gov/Archives/edgar/data/87347/000156459019037505/0001564590-19-037505-index.htm
72,96.25167050242239,IFF,International Flavors & Fragrances,Materials,51253,A,2019,FY,2019-12-31,Days sales outstanding,dso,4.314314707697384,86.05427250367627,YoY delta + Trend,2,"Days sales outstanding fell 95% year over year (86 days to 4 days), 31.4x its usual yearly move; 26.2 sigma below its rolling median of 65 days.",96.25167050242239,83.96974973806235,76.61714922518908,0.0,0.0,0.08695652173913043,False,False,0.043478260869565216,False,0000051253-20-000007,10-K,2020-03-03 00:00:00,https://www.sec.gov/Archives/edgar/data/51253/000005125320000007/0000051253-20-000007-index.htm
73,96.24798617902907,PANW,Palo Alto Networks,Information Technology,1327567,Q,2014,Q3,2014-04-30,EBITDA margin,ebitda_margin,-0.9368015925680159,-0.03649952117209174,YoY delta + Trend,2,"EBITDA margin fell 9,003 bps year over year (-3.6% to -93.7%); 30.8 sigma below its rolling median of -2.1%.",96.24798617902907,81.82317336308698,79.35825710439775,0.0,0.0,0.05172413793103448,False,False,0.017241379310344827,False,0001327567-14-000013,10-Q,2014-06-03 00:00:00,https://www.sec.gov/Archives/edgar/data/1327567/000132756714000013/0001327567-14-000013-index.htm
74,96.23486882698306,MDLZ,Mondelez International,Consumer Staples,1103982,Q,2015,Q3,2015-09-30,EBITDA margin,ebitda_margin,1.1692217842020733,0.13398104833873095,YoY delta + Trend,2,"EBITDA margin rose 10,352 bps year over year (13.4% to 116.9%), 12.3x its usual yearly move; 95.1 sigma above its rolling median of 13.4%.",97.45303172352715,67.16023162442535,92.24425627079874,0.0,0.0,0.10714285714285714,False,False,1.0,False,0001193125-15-357422,10-Q,2015-10-29 00:00:00,https://www.sec.gov/Archives/edgar/data/1103982/000119312515357422/0001193125-15-357422-index.htm
75,96.1917561251275,PANW,Palo Alto Networks,Information Technology,1327567,Q,2014,Q3,2014-04-30,Operating margin,operating_margin,-0.9670338420703384,-0.06367917542872376,YoY delta + Trend,2,"Operating margin fell 9,034 bps year over year (-6.4% to -96.7%); 30.1 sigma below its rolling median of -4.6%.",96.1917561251275,81.87346226497061,78.99078174475041,0.0,0.0,0.06666666666666667,False,False,0.016666666666666666,False,0001327567-14-000013,10-Q,2014-06-03 00:00:00,https://www.sec.gov/Archives/edgar/data/1327567/000132756714000013/0001327567-14-000013-index.htm
76,96.15682641606226,MPWR,Monolithic Power Systems,Information Technology,1280452,Q,2024,Q4,2024-12-31,Return on assets,roa,1.7915939477462117,0.1627820349308191,YoY delta + Trend,2,"Return on assets rose 16,288 bps year over year (16.3% to 179.2%), 41.1x its usual yearly move; 38.3 sigma above its rolling median of 19.9%.",97.79795650815109,87.25562291084401,82.7214505939046,0.0,0.0,0.1095890410958904,False,False,1.0,False,0001437749-25-005903,10-K,2025-03-03 00:00:00,https://www.sec.gov/Archives/edgar/data/1280452/000143774925005903/0001437749-25-005903-index.htm
77,96.13831859915763,MCO,Moody's Corporation,Financials,1059556,Q,2016,Q4,2016-12-31,Operating margin,operating_margin,-0.5021759898099989,0.3846864534010856,YoY delta + Trend,2,"Operating margin fell 8,869 bps year over year (38.5% to -50.2%), 26.1x its usual yearly move; 30.7 sigma below its rolling median of 42.9%.",96.13831859915763,81.29904355640394,79.35035348331206,0.0,0.0,0.04,False,False,0.04,False,0001193125-17-054522,10-K,2017-02-24 00:00:00,https://www.sec.gov/Archives/edgar/data/1059556/000119312517054522/0001193125-17-054522-index.htm
78,96.13228450204603,EXE,Expand Energy,Energy,895126,Q,2010,Q1,2010-03-31,Operating margin,operating_margin,0.43316654753395284,-4.537844611528822,YoY delta,1,"Operating margin rose 49,710 bps year over year (-453.8% to 43.3%).",96.13228450204603,96.13228450204603,0.0,0.0,0.0,,False,False,,False,0001193125-10-114778,10-Q,2010-05-10 00:00:00,https://www.sec.gov/Archives/edgar/data/895126/000119312510114778/0001193125-10-114778-index.htm
79,96.10825247793667,MRNA,Moderna,Health Care,1682852,Q,2021,Q3,2021-09-30,Return on assets,roa,0.7191714316539001,-0.2297057631064687,YoY delta + Trend,2,"Return on assets rose 9,489 bps year over year (-23.0% to 71.9%); 19.1 sigma above its rolling median of -27.5%.",96.6917370983578,88.77326594783392,70.532276918024,0.0,0.0,0.10344827586206896,False,False,1.0,False,0001682852-21-000027,10-Q,2021-11-04 00:00:00,https://www.sec.gov/Archives/edgar/data/1682852/000168285221000027/0001682852-21-000027-index.htm
80,96.09927883136442,SLB,Schlumberger,Energy,87347,Q,2019,Q3,2019-09-30,Net margin,net_margin,-1.3327479217890177,0.07572906867356538,YoY delta + Trend,2,"Net margin fell 14,085 bps year over year (7.6% to -133.3%), 11.9x its usual yearly move; 60.7 sigma below its rolling median of 5.3%.",96.09927883136442,66.49537212574181,88.35766454928299,0.0,0.0,0.05263157894736842,False,False,0.05263157894736842,False,0001564590-19-037505,10-Q,2019-10-23 00:00:00,https://www.sec.gov/Archives/edgar/data/87347/000156459019037505/0001564590-19-037505-index.htm
81,96.09012159122516,ECL,Ecolab,Materials,31462,Q,2011,Q4,2011-12-31,Debt / EBITDA,debt_to_ebitda,6.643062200956938,0.7323114228804019,YoY delta + Trend,2,Debt / EBITDA rose 807% year over year (0.73x to 6.64x); 78.7 sigma above its rolling median of 0.92x. An input changed XBRL tag versus the comparison period.,96.09012159122516,57.62038964446723,90.77415206045093,0.0,0.0,0.09523809523809523,False,False,1.0,True,0001104659-12-014104,10-K,2012-02-28 00:00:00,https://www.sec.gov/Archives/edgar/data/31462/000110465912014104/0001104659-12-014104-index.htm
82,96.056728003378,ZBRA,Zebra Technologies,Information Technology,877212,A,2014,FY,2014-12-31,Days payables outstanding,dpo,133.52939397028953,23.68561160903865,YoY delta + Trend,2,"Days payables outstanding rose 464% year over year (24 days to 134 days), 5.6x its usual yearly move; 97.0 sigma above its rolling median of 24 days.",96.056728003378,48.26441197580944,92.3780280707775,0.0,0.0,0.06557377049180328,False,False,1.0,False,0001193125-15-095560,10-K,2015-03-17 00:00:00,https://www.sec.gov/Archives/edgar/data/877212/000119312515095560/0001193125-15-095560-index.htm
83,96.03174320561692,MGM,MGM Resorts,Consumer Discretionary,789570,Q,2011,Q2,2011-06-30,EBITDA margin,ebitda_margin,2.1380172039081167,-0.5749196036925398,YoY delta + Trend,2,"EBITDA margin rose 27,129 bps year over year (-57.5% to 213.8%); 8.2 sigma above its rolling median of 3.7%. Reverses the prior year's flagged move.",96.61476332915493,93.13407693987233,50.69509749527939,0.0,0.0,0.10344827586206896,False,True,1.0,False,0001193125-11-238192,10-Q/A,2011-09-01 00:00:00,https://www.sec.gov/Archives/edgar/data/789570/000119312511238192/0001193125-11-238192-index.htm
84,95.9802403777821,MMM,3M,Industrials,66740,Q,2023,Q2,2023-06-30,Operating margin,operating_margin,-1.076036036036036,0.012640772236267524,YoY delta + Trend,2,"Operating margin fell 10,887 bps year over year (1.3% to -107.6%), 18.6x its usual yearly move; 40.5 sigma below its rolling median of 20.8%.",95.9802403777821,75.62991556018109,83.50535209615478,0.0,0.0,0.04225352112676056,False,False,0.014084507042253521,False,0000066740-23-000058,10-Q,2023-07-25 00:00:00,https://www.sec.gov/Archives/edgar/data/66740/000006674023000058/0000066740-23-000058-index.htm
85,95.94592162101763,AON,Aon plc,Financials,315293,Q,2016,Q4,2016-12-31,Trade working capital % of revenue,nwc_pct,-0.5285101164929491,0.07314476885644769,YoY delta + Trend,2,"Trade working capital % of revenue fell 6,017 bps year over year (7.3% to -52.9%), 26.1x its usual yearly move; 28.9 sigma below its rolling median of 9.9%.",95.94592162101763,81.28138093668274,78.34200073590299,0.0,0.0,0.1,False,False,0.05,False,0001628280-17-001652,10-K,2017-02-23 00:00:00,https://www.sec.gov/Archives/edgar/data/315293/000162828017001652/0001628280-17-001652-index.htm
86,95.93305922825675,ECHO,EchoStar,Communication Services,1415404,Q,2025,Q3,2025-09-30,Operating margin,operating_margin,-4.60450665115772,-0.041317826030639035,YoY delta + Trend,2,"Operating margin fell 45,632 bps year over year (-4.1% to -460.5%), 68.3x its usual yearly move; 56.0 sigma below its rolling median of -1.0%.",98.99010663917237,91.92484762322486,87.49381666490692,0.0,0.0,0.11764705882352941,False,False,0.058823529411764705,False,0001104659-25-107277,10-Q,2025-11-06 00:00:00,https://www.sec.gov/Archives/edgar/data/1415404/000110465925107277/0001104659-25-107277-index.htm
87,95.92891754392313,EW,Edwards Lifesciences,Health Care,1099800,Q,2024,Q3,2024-09-30,Net margin,net_margin,2.267277023036031,0.25990951448443517,YoY delta + Trend,2,"Net margin rose 20,074 bps year over year (26.0% to 226.7%), 11.4x its usual yearly move; 59.8 sigma above its rolling median of 26.0%.",95.92891754392313,65.4952894427993,88.2013719566551,0.0,0.0,0.05,False,False,1.0,False,0001099800-24-000086,10-Q,2024-11-06 00:00:00,https://www.sec.gov/Archives/edgar/data/1099800/000109980024000086/0001099800-24-000086-index.htm
88,95.89766493379209,EMR,Emerson Electric,Industrials,32604,Q,2023,Q3,2023-06-30,Return on assets,roa,0.9314741035856574,0.11073205187934895,YoY delta + Trend,2,"Return on assets rose 8,207 bps year over year (11.1% to 93.1%), 20.1x its usual yearly move; 36.8 sigma above its rolling median of 10.0%.",95.89766493379209,77.00189893729019,82.16228785575854,0.0,0.0,0.038461538461538464,False,False,1.0,False,0000032604-23-000037,10-Q,2023-08-02 00:00:00,https://www.sec.gov/Archives/edgar/data/32604/000003260423000037/0000032604-23-000037-index.htm
89,95.87241743373941,PSA,Public Storage,Real Estate,1393311,Q,2022,Q3,2022-09-30,Net margin,net_margin,2.544724853900863,0.5476299290112869,YoY delta + Trend,2,"Net margin rose 19,971 bps year over year (54.8% to 254.5%), 18.7x its usual yearly move; 39.1 sigma above its rolling median of 53.3%.",95.87241743373941,75.72409964699143,82.99720090196762,0.0,0.0,0.1,False,False,1.0,False,0001393311-22-000036,10-Q,2022-11-01 00:00:00,https://www.sec.gov/Archives/edgar/data/1393311/000139331122000036/0001393311-22-000036-index.htm
90,95.87195333871435,SBUX,Starbucks,Consumer Discretionary,829224,Q,2013,Q4,2013-09-29,Operating margin,operating_margin,-0.558277027027027,0.1544246603846497,YoY delta + Trend,2,"Operating margin fell 7,127 bps year over year (15.4% to -55.8%), 18.6x its usual yearly move; 39.2 sigma below its rolling median of 15.1%.",95.87195333871435,75.65466135991136,83.0437903439629,0.0,0.0,0.03333333333333333,False,False,0.03333333333333333,False,0000829224-14-000008,10-Q,2014-01-28 00:00:00,https://www.sec.gov/Archives/edgar/data/829224/000082922414000008/0000829224-14-000008-index.htm
91,95.87131311317758,INCY,Incyte,Health Care,879169,A,2010,FY,2010-12-31,SG&A % of revenue,sga_pct,0.1903012750326705,2.9767943874797624,YoY delta,1,"SG&A % of revenue fell 27,865 bps year over year (297.7% to 19.0%).",95.87131311317758,95.87131311317758,0.0,0.0,0.0,0.06382978723404255,False,False,0.3617021276595745,False,0001047469-12-001295,10-K,2012-02-22 00:00:00,https://www.sec.gov/Archives/edgar/data/879169/000104746912001295/0001047469-12-001295-index.htm
92,95.85986071695625,ILMN,"Illumina, Inc.",Health Care,1110803,Q,2022,Q3,2022-10-02,Net margin,net_margin,-3.4224215246636773,0.286101083032491,YoY delta + Trend,2,"Net margin fell 37,085 bps year over year (28.6% to -342.2%), 24.5x its usual yearly move; 30.0 sigma below its rolling median of 18.3%.",95.85986071695625,80.32072767229522,78.96192900783632,0.0,0.0,0.06557377049180328,False,False,0.01639344262295082,False,0001110803-22-000047,10-Q,2022-11-04 00:00:00,https://www.sec.gov/Archives/edgar/data/1110803/000111080322000047/0001110803-22-000047-index.htm
93,95.81490927068471,WTW,Willis Towers Watson,Financials,1140536,Q,2012,Q4,2012-12-31,Return on equity,roe,-1.4726732220443632,0.038654812524159254,YoY delta + Trend,2,"Return on equity fell 15,113 bps year over year (3.9% to -147.3%); 32.0 sigma below its rolling median of 12.7%.",95.81490927068471,79.07214288884225,80.00229690461714,0.0,0.0,0.07936507936507936,False,False,0.015873015873015872,False,0001445305-13-000389,10-K,2013-02-28 00:00:00,https://www.sec.gov/Archives/edgar/data/1140536/000144530513000389/0001445305-13-000389-index.htm
94,95.80997415952446,ILMN,"Illumina, Inc.",Health Care,1110803,Q,2022,Q3,2022-10-02,Operating margin,operating_margin,-3.2798206278026907,-0.4918772563176895,YoY delta + Trend,2,"Operating margin fell 27,879 bps year over year (-49.2% to -328.0%), 16.2x its usual yearly move; 43.6 sigma below its rolling median of 15.9%.",95.80997415952446,72.95872979154792,84.50507018281301,0.0,0.0,0.038461538461538464,False,False,0.019230769230769232,False,0001110803-22-000047,10-Q,2022-11-04 00:00:00,https://www.sec.gov/Archives/edgar/data/1110803/000111080322000047/0001110803-22-000047-index.htm
95,95.7878104630673,TMUS,T-Mobile US,Communication Services,1283699,Q,2012,Q4,2012-12-31,Days sales outstanding,dso,49.77948665716032,5.75012579109068,YoY delta + Trend,2,Days sales outstanding rose 766% year over year (6 days to 50 days); 47.6 sigma above its rolling median of 4 days. An input changed XBRL tag versus the comparison period.,95.7878104630673,70.74443670648297,85.6020904650771,0.0,0.0,0.09090909090909091,False,False,0.8181818181818182,True,0001283699-13-000115,10-Q,2013-08-08 00:00:00,https://www.sec.gov/Archives/edgar/data/1283699/000128369913000115/0001283699-13-000115-index.htm
96,95.76953580787676,MCO,Moody's Corporation,Financials,1059556,Q,2016,Q4,2016-12-31,Return on assets,roa,-0.3313938878472155,0.17614664066368238,YoY delta + Trend,2,"Return on assets fell 5,075 bps year over year (17.6% to -33.1%), 14.6x its usual yearly move; 47.1 sigma below its rolling median of 19.5%.",95.76953580787676,70.87588606600958,85.47435914544369,0.0,0.0,0.08333333333333333,False,False,0.013888888888888888,False,0001193125-17-054522,10-K,2017-02-24 00:00:00,https://www.sec.gov/Archives/edgar/data/1059556/000119312517054522/0001193125-17-054522-index.htm
97,95.7568209370641,APD,Air Products,Materials,2969,Q,2017,Q2,2017-03-31,Net margin,net_margin,1.075703247310742,-0.20839203945051074,YoY delta + Trend,2,"Net margin rose 12,841 bps year over year (-20.8% to 107.6%), 18.0x its usual yearly move; 39.2 sigma above its rolling median of 12.8%. Reverses the prior year's flagged move. An input changed XBRL tag versus the comparison period.",95.7568209370641,74.99004522416931,83.03403944162083,0.0,0.0,0.05555555555555555,False,True,1.0,True,0000002969-17-000019,10-Q,2017-04-27 00:00:00,https://www.sec.gov/Archives/edgar/data/2969/000000296917000019/0000002969-17-000019-index.htm
98,95.74000634131092,JCI,Johnson Controls,Industrials,833444,Q,2014,Q3,2014-06-27,Return on assets,roa,0.46942657116264014,0.04532482793352358,YoY delta + Trend,2,"Return on assets rose 4,241 bps year over year (4.5% to 46.9%), 15.4x its usual yearly move; 44.7 sigma above its rolling median of 5.3%.",95.74000634131092,71.9538414050922,84.8107766905998,0.0,0.0,0.1,False,False,1.0,False,0000833444-14-000099,10-Q,2014-07-25 00:00:00,https://www.sec.gov/Archives/edgar/data/833444/000083344414000099/0000833444-14-000099-index.htm
99,95.73662017661061,SBUX,Starbucks,Consumer Discretionary,829224,Q,2014,Q1,2013-12-29,Debt / EBITDA,debt_to_ebitda,3.817148182665424,0.20615927079035223,YoY delta + Trend,2,"Debt / EBITDA rose 1,752% year over year (0.21x to 3.82x), 3.4x its usual yearly move; 111.9 sigma above its rolling median of 0.23x.",95.73662017661061,36.128576819286714,93.32505898400466,0.0,0.0,0.08,False,False,0.8,False,0000829224-14-000008,10-Q,2014-01-28 00:00:00,https://www.sec.gov/Archives/edgar/data/829224/000082922414000008/0000829224-14-000008-index.htm
100,95.72894812078123,ROP,Roper Technologies,Information Technology,882835,Q,2022,Q1,2022-03-31,Net margin,net_margin,1.3235294117647058,0.18906188669370666,YoY delta + Trend,2,"Net margin rose 11,345 bps year over year (18.9% to 132.4%), 11.3x its usual yearly move; 56.8 sigma above its rolling median of 18.8%.",95.72894812078123,65.41067900310134,87.65210834985247,0.0,0.0,0.06557377049180328,False,False,1.0,False,0000882835-22-000025,10-Q,2022-05-04 00:00:00,https://www.sec.gov/Archives/edgar/data/882835/000088283522000025/0000882835-22-000025-index.htm
101,95.67897093665583,ILMN,"Illumina, Inc.",Health Care,1110803,Q,2022,Q3,2022-10-02,EBITDA margin,ebitda_margin,-3.2295964125560537,-0.4332129963898917,YoY delta + Trend,2,"EBITDA margin fell 27,964 bps year over year (-43.3% to -323.0%), 16.3x its usual yearly move; 41.8 sigma below its rolling median of 20.7%. An input changed XBRL tag versus the comparison period.",95.67897093665583,73.0964307905603,83.93882599849226,0.0,0.0,0.04918032786885246,False,False,0.01639344262295082,True,0001110803-22-000047,10-Q,2022-11-04 00:00:00,https://www.sec.gov/Archives/edgar/data/1110803/000111080322000047/0001110803-22-000047-index.htm
102,95.5863945177052,TRMB,Trimble Inc.,Information Technology,864749,Q,2024,Q2,2024-06-28,Net margin,net_margin,1.5117133670188332,0.044887278582930755,YoY delta + Trend,2,"Net margin rose 14,668 bps year over year (4.5% to 151.2%), 24.1x its usual yearly move; 28.2 sigma above its rolling median of 10.5%.",95.5863945177052,80.04161567458597,77.88595804984712,0.0,0.0,0.0547945205479452,False,False,1.0,False,0000864749-25-000013,10-Q,2025-01-16 00:00:00,https://www.sec.gov/Archives/edgar/data/864749/000086474925000013/0000864749-25-000013-index.htm
103,95.56494075970531,CNC,Centene Corporation,Health Care,1071739,Q,2022,Q1,2022-03-31,Gross margin,gross_margin,0.11848863789162296,0.9650468598872695,YoY delta + Trend,2,"Gross margin fell 8,466 bps year over year (96.5% to 11.8%), 45.2x its usual yearly move; 169.7 sigma below its rolling median of 96.7%.",99.47280079077132,88.29025617837522,95.4977733308299,0.0,0.0,0.12244897959183673,False,False,0.08163265306122448,False,0001071739-23-000116,10-Q,2023-04-25 00:00:00,https://www.sec.gov/Archives/edgar/data/1071739/000107173923000116/0001071739-23-000116-index.htm
104,95.54723863822417,EFX,Equifax,Industrials,33185,A,2019,FY,2019-12-31,Cash conversion (CFO / EBITDA),cash_conversion,165.1578947368421,0.8799581097002226,YoY delta + Trend,2,"Cash conversion (CFO / EBITDA) rose 468% year over year (0.88x to 165.16x), 12.3x its usual yearly move; 107.0 sigma above its rolling median of 0.73x. An input changed XBRL tag versus the comparison period.",97.71485694366463,67.16302321582168,93.04094566514293,0.0,0.0,0.11267605633802817,False,False,1.0,True,0000033185-20-000011,10-K,2020-02-20 00:00:00,https://www.sec.gov/Archives/edgar/data/33185/000003318520000011/0000033185-20-000011-index.htm
105,95.54554987426413,ALGN,Align Technology,Health Care,1097149,Q,2020,Q1,2020-03-31,Return on assets,roa,1.8784268975439338,0.13407954674813058,YoY delta + Trend,2,"Return on assets rose 17,443 bps year over year (13.4% to 187.8%), 14.7x its usual yearly move; 71.8 sigma above its rolling median of 19.8%.",97.09016615398663,70.96097511309445,89.97957452997845,0.0,0.0,0.10909090909090909,False,False,1.0,False,0001097149-20-000025,10-Q,2020-05-05 00:00:00,https://www.sec.gov/Archives/edgar/data/1097149/000109714920000025/0001097149-20-000025-index.htm
106,95.50340036283191,ALGN,Align Technology,Health Care,1097149,Q,2020,Q1,2020-03-31,Return on equity,roe,2.8922579240885913,0.22912586527518392,YoY delta + Trend,2,"Return on equity rose 26,631 bps year over year (22.9% to 289.2%), 16.8x its usual yearly move; 38.9 sigma above its rolling median of 31.2%.",95.50340036283191,73.66134951668265,82.92775235384143,0.0,0.0,0.09803921568627451,False,False,0.9803921568627451,False,0001097149-20-000025,10-Q,2020-05-05 00:00:00,https://www.sec.gov/Archives/edgar/data/1097149/000109714920000025/0001097149-20-000025-index.htm
107,95.49719316864463,COO,Cooper Companies (The),Health Care,711404,Q,2021,Q1,2021-01-31,Accruals / assets,accruals,0.9979437270904377,-0.024456055525228105,YoY delta + Trend,2,"Accruals / assets rose 10,224 bps year over year (-2.4% to 99.8%), 26.1x its usual yearly move; 25.2 sigma above its rolling median of -5.5%.",95.49719316864463,81.30969281242372,75.90833159581,0.0,0.0,0.07407407407407407,False,False,1.0,False,0000711404-21-000008,10-Q,2021-03-05 00:00:00,https://www.sec.gov/Archives/edgar/data/711404/000071140421000008/0000711404-21-000008-index.htm
108,95.49657756207527,MMM,3M,Industrials,66740,Q,2023,Q2,2023-06-30,EBITDA margin,ebitda_margin,-1.0221021021021022,0.06573201562859113,YoY delta + Trend,2,"EBITDA margin fell 10,878 bps year over year (6.6% to -102.2%), 18.3x its usual yearly move; 35.8 sigma below its rolling median of 26.3%.",95.49657756207527,75.32219465840117,81.75112261569953,0.0,0.0,0.0410958904109589,False,False,0.0136986301369863,False,0000066740-23-000058,10-Q,2023-07-25 00:00:00,https://www.sec.gov/Archives/edgar/data/66740/000006674023000058/0000066740-23-000058-index.htm
109,95.38445482047405,EW,Edwards Lifesciences,Health Care,1099800,Q,2014,Q2,2014-06-30,Net margin,net_margin,0.9511389323595897,0.18194122196442383,YoY delta + Trend,2,"Net margin rose 7,692 bps year over year (18.2% to 95.1%), 11.5x its usual yearly move; 51.3 sigma above its rolling median of 14.4%.",95.38445482047405,65.78913764007457,86.50853892261831,0.0,0.0,0.09259259259259259,False,False,1.0,False,0001047469-14-006621,10-Q,2014-08-04 00:00:00,https://www.sec.gov/Archives/edgar/data/1099800/000104746914006621/0001047469-14-006621-index.htm
110,95.38271104217677,DOC,Healthpeak Properties,Real Estate,765880,Q,2015,Q4,2015-12-31,Debt / EBITDA,debt_to_ebitda,25.911870121407016,5.388626876908277,YoY delta + Trend + Benford,3,"Debt / EBITDA rose 364% year over year (5.39x to 25.91x), 6.4x its usual yearly move; 47.6 sigma above its rolling median of 5.29x; the filing's leading digits also depart from Benford's Law.",95.38271104217677,51.42567691966727,85.61172230729062,33.93499288192391,0.0,0.09090909090909091,False,False,1.0,False,0001558370-16-003110,10-K,2016-02-09 00:00:00,https://www.sec.gov/Archives/edgar/data/765880/000155837016003110/0001558370-16-003110-index.htm
111,95.3566965703743,ILMN,"Illumina, Inc.",Health Care,1110803,A,2022,FY,2023-01-01,Net margin,net_margin,-0.9607329842931938,0.16836058329650905,YoY delta + Trend,2,"Net margin fell 11,291 bps year over year (16.8% to -96.1%), 21.1x its usual yearly move; 30.1 sigma below its rolling median of 20.5%.",95.3566965703743,77.89065035133096,78.99846217364777,0.0,0.0,0.07936507936507936,False,False,0.015873015873015872,False,0001110803-24-000010,10-K,2024-02-16 00:00:00,https://www.sec.gov/Archives/edgar/data/1110803/000111080324000010/0001110803-24-000010-index.htm
112,95.2613053639927,PPG,PPG Industries,Materials,79879,Q,2013,Q1,2013-03-31,Return on assets,roa,0.6168810392269789,0.0035596933187294635,YoY delta + Trend,2,"Return on assets rose 6,133 bps year over year (0.4% to 61.7%), 22.7x its usual yearly move; 27.3 sigma above its rolling median of 6.8%. Reverses the prior year's flagged move.",95.2613053639927,79.08757341951024,77.34029277870475,0.0,0.0,0.05263157894736842,False,True,1.0,False,0000079879-13-000033,10-Q,2013-04-29 00:00:00,https://www.sec.gov/Archives/edgar/data/79879/000007987913000033/0000079879-13-000033-index.htm
113,95.24530506732374,HST,Host Hotels & Resorts,Real Estate,1070750,Q,2020,Q2,2020-06-30,SG&A % of revenue,sga_pct,0.24271844660194175,0.016857720836142953,YoY delta + Trend,2,"SG&A % of revenue rose 2,259 bps year over year (1.7% to 24.3%), 15.8x its usual yearly move; 44.7 sigma above its rolling median of 1.9%.",95.82355063147922,72.5119001855052,84.8063365721683,0.0,0.0,0.10344827586206896,False,False,0.9655172413793104,False,0001564590-20-035145,10-Q,2020-07-31 00:00:00,https://www.sec.gov/Archives/edgar/data/1070750/000156459020035145/0001564590-20-035145-index.htm
114,95.24429026547617,ECL,Ecolab,Materials,31462,Q,2020,Q2,2020-06-30,Return on equity,roe,-1.1064160301962895,0.18105204273353562,YoY delta + Trend,2,"Return on equity fell 12,875 bps year over year (18.1% to -110.6%), 21.8x its usual yearly move; 28.4 sigma below its rolling median of 19.2%.",95.24429026547617,78.38330409999492,77.9998305174718,0.0,0.0,0.045454545454545456,False,False,0.045454545454545456,False,0001558370-20-009506,10-Q,2020-08-06 00:00:00,https://www.sec.gov/Archives/edgar/data/31462/000155837020009506/0001558370-20-009506-index.htm
115,95.23354433175274,MMM,3M,Industrials,66740,Q,2023,Q2,2023-06-30,Net margin,net_margin,-0.8217417417417417,0.008963456676626062,YoY delta + Trend,2,"Net margin fell 8,307 bps year over year (0.9% to -82.2%), 14.7x its usual yearly move; 40.6 sigma below its rolling median of 16.1%.",95.23354433175274,71.02976680219761,83.54705798982373,0.0,0.0,0.075,False,False,0.0125,False,0000066740-23-000058,10-Q,2023-07-25 00:00:00,https://www.sec.gov/Archives/edgar/data/66740/000006674023000058/0000066740-23-000058-index.htm
116,95.23142491411537,TSCO,Tractor Supply,Consumer Discretionary,916365,Q,2020,Q4,2020-12-26,Gross margin,gross_margin,0.09373794766877783,0.33844606108719605,YoY delta + Trend,2,"Gross margin fell 2,447 bps year over year (33.8% to 9.4%), 42.0x its usual yearly move; 25.0 sigma below its rolling median of 34.5%.",95.23142491411537,80.30902448678505,75.78294136476701,0.0,0.0,0.06666666666666667,False,False,0.06666666666666667,False,0000916365-21-000052,10-K,2021-02-18 00:00:00,https://www.sec.gov/Archives/edgar/data/916365/000091636521000052/0000916365-21-000052-index.htm
117,95.201373587922,AMD,Advanced Micro Devices,Information Technology,2488,Q,2012,Q1,2012-03-31,Gross margin,gross_margin,0.017034700315457414,0.4283942963422195,YoY delta + Trend,2,"Gross margin fell 4,114 bps year over year (42.8% to 1.7%); 29.7 sigma below its rolling median of 44.7%. An input changed XBRL tag versus the comparison period.",95.201373587922,77.41642366162215,78.7516984016241,0.0,0.0,0.08771929824561403,False,False,0.017543859649122806,True,0001193125-12-222047,10-Q,2012-05-09 00:00:00,https://www.sec.gov/Archives/edgar/data/2488/000119312512222047/0001193125-12-222047-index.htm
118,95.12146473841594,DHI,D. R. Horton,Consumer Discretionary,882184,Q,2012,Q3,2012-06-30,Net margin,net_margin,0.6850434782608695,0.028722978382706165,YoY delta + Trend,2,"Net margin rose 6,563 bps year over year (2.9% to 68.5%); 54.4 sigma above its rolling median of 3.2%.",97.00772607883778,76.64425877595413,87.18827250028983,0.0,0.0,0.1111111111111111,False,False,1.0,False,0000882184-12-000031,10-Q,2012-07-27 00:00:00,https://www.sec.gov/Archives/edgar/data/882184/000088218412000031/0000882184-12-000031-index.htm
119,95.1194203387882,CCI,Crown Castle,Real Estate,1051470,Q,2024,Q4,2024-12-31,Accruals / assets,accruals,-0.6380423571963435,-0.052313987517157434,YoY delta + Trend,2,"Accruals / assets fell 5,857 bps year over year (-5.2% to -63.8%), 13.6x its usual yearly move; 42.2 sigma below its rolling median of -3.8%.",95.1194203387882,69.38618024949425,84.05759326674296,0.0,0.0,0.034482758620689655,False,False,0.034482758620689655,False,0001051470-26-000016,10-K,2026-02-23 00:00:00,https://www.sec.gov/Archives/edgar/data/1051470/000105147026000016/0001051470-26-000016-index.htm
120,95.11361844321625,DHI,D. R. Horton,Consumer Discretionary,882184,Q,2012,Q3,2012-06-30,Return on assets,roa,0.5190620907765671,0.020636161817707912,YoY delta + Trend,2,"Return on assets rose 4,984 bps year over year (2.1% to 51.9%); 36.1 sigma above its rolling median of 2.1%.",96.48262871553122,80.59589768462263,81.87305329924313,0.0,0.0,0.10810810810810811,False,False,1.0,False,0000882184-12-000031,10-Q,2012-07-27 00:00:00,https://www.sec.gov/Archives/edgar/data/882184/000088218412000031/0000882184-12-000031-index.htm
121,95.09729059505752,PSA,Public Storage,Real Estate,1393311,Q,2022,Q3,2022-09-30,Return on assets,roa,0.6272893370690997,0.13167829670552034,YoY delta + Trend,2,"Return on assets rose 4,956 bps year over year (13.2% to 62.7%), 21.3x its usual yearly move; 27.9 sigma above its rolling median of 12.9%.",95.09729059505752,78.01412286587939,77.70064221211442,0.0,0.0,0.1,False,False,1.0,False,0001393311-22-000036,10-Q,2022-11-01 00:00:00,https://www.sec.gov/Archives/edgar/data/1393311/000139331122000036/0001393311-22-000036-index.htm
122,95.08021657414459,MRNA,Moderna,Health Care,1682852,Q,2018,Q4,2019-01-01,Operating margin,operating_margin,-4.320346686993592,-0.45512708913649025,YoY delta,1,"Operating margin fell 38,652 bps year over year (-45.5% to -432.0%).",95.08021657414459,95.08021657414459,0.0,0.0,0.0,0.037037037037037035,False,False,0.018518518518518517,False,0001682852-19-000009,10-K,2019-03-13 00:00:00,https://www.sec.gov/Archives/edgar/data/1682852/000168285219000009/0001682852-19-000009-index.htm
123,95.0438004183434,APD,Air Products,Materials,2969,Q,2017,Q2,2017-03-31,Return on assets,roa,0.5037291923482826,-0.11113230861345832,YoY delta + Trend,2,"Return on assets rose 6,149 bps year over year (-11.1% to 50.4%), 15.0x its usual yearly move; 38.1 sigma above its rolling median of 7.2%. Reverses the prior year's flagged move.",95.0438004183434,71.40945907636475,82.66489747467696,0.0,0.0,0.058823529411764705,False,True,1.0,False,0000002969-17-000019,10-Q,2017-04-27 00:00:00,https://www.sec.gov/Archives/edgar/data/2969/000000296917000019/0000002969-17-000019-index.htm
124,95.04296715909935,BAX,Baxter International,Health Care,10456,Q,2022,Q3,2022-09-30,Operating margin,operating_margin,-0.7418499867479459,0.15902045877247364,YoY delta + Trend,2,"Operating margin fell 9,009 bps year over year (15.9% to -74.2%), 23.6x its usual yearly move; 24.7 sigma below its rolling median of 13.5%.",95.04296715909935,79.75393943028337,75.5160623775115,0.0,0.0,0.0784313725490196,False,False,0.0196078431372549,False,0001628280-22-027149,10-Q,2022-10-27 00:00:00,https://www.sec.gov/Archives/edgar/data/10456/000162828022027149/0001628280-22-027149-index.htm
125,95.02157724717483,MMM,3M,Industrials,66740,Q,2023,Q2,2023-06-30,Return on assets,roa,-0.5714763068312345,0.006820492081015204,YoY delta + Trend,2,"Return on assets fell 5,783 bps year over year (0.7% to -57.1%), 12.3x its usual yearly move; 44.6 sigma below its rolling median of 11.6%.",95.02157724717483,67.29223248942654,84.77908114268028,0.0,0.0,0.038461538461538464,False,False,0.01282051282051282,False,0000066740-23-000058,10-Q,2023-07-25 00:00:00,https://www.sec.gov/Archives/edgar/data/66740/000006674023000058/0000066740-23-000058-index.htm
126,95.01276758270268,TSLA,"Tesla, Inc.",Consumer Discretionary,1318605,Q,2012,Q1,2012-03-31,Net margin,net_margin,-2.9791825504690554,-0.998184784825617,YoY delta + Trend,2,"Net margin fell 19,810 bps year over year (-99.8% to -297.9%); 6.7 sigma below its rolling median of -124.2%. Reverses the prior year's flagged move.",95.01276758270268,90.82988514933228,45.61428620565006,0.0,0.0,0.04878048780487805,False,True,0.024390243902439025,False,0001193125-12-225825,10-Q,2012-05-10 00:00:00,https://www.sec.gov/Archives/edgar/data/1318605/000119312512225825/0001193125-12-225825-index.htm
127,94.96732846021058,SBUX,Starbucks,Consumer Discretionary,829224,Q,2013,Q4,2013-09-29,Net margin,net_margin,-0.3251689189189189,0.10662584346481971,YoY delta + Trend,2,"Net margin fell 4,318 bps year over year (10.7% to -32.5%), 16.1x its usual yearly move; 35.2 sigma below its rolling median of 10.8%.",94.96732846021058,72.85265235923193,81.46164551180058,0.0,0.0,0.07692307692307693,False,False,0.02564102564102564,False,0000829224-14-000008,10-Q,2014-01-28 00:00:00,https://www.sec.gov/Archives/edgar/data/829224/000082922414000008/0000829224-14-000008-index.htm
128,94.95933823028699,MPWR,Monolithic Power Systems,Information Technology,1280452,Q,2024,Q4,2024-12-31,Net margin,net_margin,2.331421263863978,0.21344149493845976,YoY delta + Trend,2,"Net margin rose 21,180 bps year over year (21.3% to 233.1%), 51.9x its usual yearly move; 74.4 sigma above its rolling median of 22.9%.",98.99366927255907,89.63285095169185,90.29308132108747,0.0,0.0,0.1232876712328767,False,False,1.0,False,0001437749-25-005903,10-K,2025-03-03 00:00:00,https://www.sec.gov/Archives/edgar/data/1280452/000143774925005903/0001437749-25-005903-index.htm
129,94.94845916867027,NRG,NRG Energy,Utilities,1013871,Q,2015,Q4,2015-12-31,Return on equity,roe,-2.924332773693047,0.04074295985620132,YoY delta + Trend,2,"Return on equity fell 29,651 bps year over year (4.1% to -292.4%), 22.3x its usual yearly move; 45.5 sigma below its rolling median of 0.9%.",96.83128980374305,78.82736403728421,85.033936247537,0.0,0.0,0.1111111111111111,False,False,0.037037037037037035,False,0001013871-16-000022,10-K,2016-02-29 00:00:00,https://www.sec.gov/Archives/edgar/data/1013871/000101387116000022/0001013871-16-000022-index.htm
130,94.94542759796427,C,Citigroup,Financials,831001,Q,2020,Q1,2020-03-31,Gross margin,gross_margin,0.6610390236843374,0.8934108527131783,YoY delta + Trend,2,"Gross margin fell 2,324 bps year over year (89.3% to 66.1%); 45.9 sigma below its rolling median of 89.1%.",94.94542759796427,65.94506424343638,85.15759231446641,0.0,0.0,0.07142857142857142,False,False,0.6428571428571429,False,0000831001-20-000044,10-Q,2020-05-04 00:00:00,https://www.sec.gov/Archives/edgar/data/831001/000083100120000044/0000831001-20-000044-index.htm
131,94.90132982521614,VRSK,Verisk Analytics,Industrials,1442145,Q,2019,Q3,2019-09-30,SG&A % of revenue,sga_pct,0.39068484755630456,0.15984633372306664,YoY delta + Trend,2,"SG&A % of revenue rose 2,308 bps year over year (16.0% to 39.1%), 14.0x its usual yearly move; 39.2 sigma above its rolling median of 15.5%. An input changed XBRL tag versus the comparison period.",94.90132982521614,69.93346097651987,83.04204494304415,0.0,0.0,0.06451612903225806,False,False,1.0,True,0001442145-19-000048,10-Q,2019-10-30 00:00:00,https://www.sec.gov/Archives/edgar/data/1442145/000144214519000048/0001442145-19-000048-index.htm
132,94.89232083014718,MDLZ,Mondelez International,Consumer Staples,1103982,Q,2015,Q3,2015-09-30,Operating margin,operating_margin,1.1391444006424296,0.1023149814081804,YoY delta + Trend,2,"Operating margin rose 10,368 bps year over year (10.2% to 113.9%), 12.4x its usual yearly move; 97.0 sigma above its rolling median of 10.3%.",97.51780006260185,67.40642345016113,92.3843891952066,0.0,0.0,0.11538461538461539,False,False,1.0,False,0001193125-15-357422,10-Q,2015-10-29 00:00:00,https://www.sec.gov/Archives/edgar/data/1103982/000119312515357422/0001193125-15-357422-index.htm
133,94.86500186479915,BALL,Ball Corporation,Materials,9389,Q,2024,Q1,2024-03-31,Return on equity,roe,2.6620926243567755,0.2028169014084507,YoY delta + Trend,2,"Return on equity rose 24,593 bps year over year (20.3% to 266.2%), 12.2x its usual yearly move; 43.3 sigma above its rolling median of 20.6%.",94.86500186479915,67.1010939121597,84.39158395877857,0.0,0.0,0.08333333333333333,False,False,1.0,False,0001558370-24-006975,10-Q,2024-05-07 00:00:00,https://www.sec.gov/Archives/edgar/data/9389/000155837024006975/0001558370-24-006975-index.htm
134,94.85462505376381,EFX,Equifax,Industrials,33185,Q,2019,Q1,2019-03-31,SG&A % of revenue,sga_pct,1.1805933104833943,0.34711793923992146,YoY delta + Trend,2,"SG&A % of revenue rose 8,335 bps year over year (34.7% to 118.1%), 24.1x its usual yearly move; 24.5 sigma above its rolling median of 30.2%.",95.09581007932732,80.05990444861793,75.4053840512677,0.0,0.0,0.10144927536231885,False,False,1.0,False,0000033185-19-000017,10-Q,2019-05-10 00:00:00,https://www.sec.gov/Archives/edgar/data/33185/000003318519000017/0000033185-19-000017-index.htm
135,94.83741863668703,MO,Altria,Consumer Staples,764180,Q,2016,Q4,2016-12-31,Net margin,net_margin,1.6436340371081255,0.19737258626147516,YoY delta + Trend,2,"Net margin rose 14,463 bps year over year (19.7% to 164.4%), 26.4x its usual yearly move; 61.1 sigma above its rolling median of 20.1%.",97.85955185576204,81.50365600591577,88.42772309531794,0.0,0.0,0.11764705882352941,False,False,1.0,False,0000764180-17-000028,10-K,2017-02-27 00:00:00,https://www.sec.gov/Archives/edgar/data/764180/000076418017000028/0000764180-17-000028-index.htm
136,94.81958813998544,TSLA,"Tesla, Inc.",Consumer Discretionary,1318605,Q,2012,Q2,2012-06-30,Net margin,net_margin,-3.962143098337898,-1.0125835897612212,YoY delta + Trend,2,"Net margin fell 29,496 bps year over year (-101.3% to -396.2%); 7.4 sigma below its rolling median of -135.6%. Reverses the prior year's flagged move.",96.69986325890866,93.64990566282768,48.030114737462625,0.0,0.0,0.1111111111111111,False,True,0.027777777777777776,False,0001193125-12-332138,10-Q,2012-08-02 00:00:00,https://www.sec.gov/Archives/edgar/data/1318605/000119312512332138/0001193125-12-332138-index.htm
137,94.77297907783559,MGM,MGM Resorts,Consumer Discretionary,789570,Q,2011,Q2,2011-06-30,Operating margin,operating_margin,2.0397511607239265,-0.6820708918218502,YoY delta + Trend,2,"Operating margin rose 27,218 bps year over year (-68.2% to 204.0%); 8.4 sigma above its rolling median of -7.0%. Reverses the prior year's flagged move.",96.652329937736,93.15495617449596,51.09351893714874,0.0,0.0,0.1111111111111111,False,True,1.0,False,0001193125-11-238192,10-Q/A,2011-09-01 00:00:00,https://www.sec.gov/Archives/edgar/data/789570/000119312511238192/0001193125-11-238192-index.htm
138,94.73781646076884,DLTR,Dollar Tree,Consumer Staples,935703,Q,2018,Q4,2019-02-02,Operating margin,operating_margin,-0.34606459098820347,0.1203660032072446,YoY delta + Trend,2,"Operating margin fell 4,664 bps year over year (12.0% to -34.6%), 21.0x its usual yearly move; 35.7 sigma below its rolling median of 7.9%.",95.93702932736085,77.78918581381708,81.70724117278563,0.0,0.0,0.10714285714285714,False,False,0.03571428571428571,False,0000935703-19-000024,10-K,2019-03-27 00:00:00,https://www.sec.gov/Archives/edgar/data/935703/000093570319000024/0000935703-19-000024-index.htm
139,94.73600840545572,KMB,Kimberly-Clark,Consumer Staples,55785,Q,2011,Q1,2011-03-31,Asset turnover,asset_turnover,1.009433962264151,2.0136374484319533e-06,YoY delta,1,"Asset turnover rose 50,129,776% year over year (0.00x to 1.01x).",94.73600840545572,94.73600840545572,0.0,0.0,0.0,0.07692307692307693,False,False,0.38461538461538464,False,0001193125-11-132240,10-Q,2011-05-09 00:00:00,https://www.sec.gov/Archives/edgar/data/55785/000119312511132240/0001193125-11-132240-index.htm
140,94.73318846951982,FDS,FactSet,Financials,1013237,Q,2016,Q4,2016-08-31,Net margin,net_margin,0.5022990626229155,0.23754388243518387,YoY delta + Trend,2,"Net margin rose 2,648 bps year over year (23.8% to 50.2%), 17.6x its usual yearly move; 36.0 sigma above its rolling median of 23.2%.",95.01501265961188,72.58435097521243,81.81700044423174,0.0,0.0,0.1016949152542373,False,False,0.9661016949152542,False,0001437749-16-040606,10-K,2016-10-31 00:00:00,https://www.sec.gov/Archives/edgar/data/1013237/000143774916040606/0001437749-16-040606-index.htm
141,94.69298405119997,HOOD,Robinhood Markets,Financials,1783879,Q,2021,Q3,2021-09-30,Net margin,net_margin,-3.6081502125105844,-0.03955403851148295,YoY delta,1,"Net margin fell 35,686 bps year over year (-4.0% to -360.8%).",94.69298405119997,94.69298405119997,0.0,0.0,0.0,0.08695652173913043,False,False,0.014492753623188406,False,0001783879-21-000054,10-Q,2021-10-29 00:00:00,https://www.sec.gov/Archives/edgar/data/1783879/000178387921000054/0001783879-21-000054-index.htm
142,94.6496176522477,JCI,Johnson Controls,Industrials,833444,Q,2014,Q3,2014-06-27,Return on equity,roe,1.0513912807033445,0.11463751194140749,YoY delta + Trend,2,"Return on equity rose 9,368 bps year over year (11.5% to 105.1%), 18.0x its usual yearly move; 29.4 sigma above its rolling median of 10.2%.",94.6496176522477,74.99555516450977,78.60227498369329,0.0,0.0,0.08823529411764706,False,False,0.9852941176470589,False,0000833444-14-000099,10-Q,2014-07-25 00:00:00,https://www.sec.gov/Archives/edgar/data/833444/000083344414000099/0000833444-14-000099-index.htm
143,94.6423239508358,APD,Air Products,Materials,2969,Q,2017,Q2,2017-03-31,Return on equity,roe,1.0340496028254313,-0.2650853770381624,YoY delta + Trend,2,"Return on equity rose 12,991 bps year over year (-26.5% to 103.4%), 13.5x its usual yearly move; 37.9 sigma above its rolling median of 17.0%. Reverses the prior year's flagged move.",94.6423239508358,69.29276971216142,82.5523956444679,0.0,0.0,0.058823529411764705,False,True,1.0,False,0000002969-17-000019,10-Q,2017-04-27 00:00:00,https://www.sec.gov/Archives/edgar/data/2969/000000296917000019/0000002969-17-000019-index.htm
144,94.63383093840898,IBKR,Interactive Brokers,Financials,1381197,Q,2014,Q1,2014-03-31,Net margin,net_margin,0.5449546850707216,0.028640066391491407,YoY delta + Trend,2,"Net margin rose 5,163 bps year over year (2.9% to 54.5%), 8.1x its usual yearly move; 55.4 sigma above its rolling median of 3.5%. An input changed XBRL tag versus the comparison period.",94.63383093840898,57.4476909755488,87.38924118428558,0.0,0.0,0.05084745762711865,False,False,1.0,True,0001381197-14-000042,10-Q,2014-05-12 00:00:00,https://www.sec.gov/Archives/edgar/data/1381197/000138119714000042/0001381197-14-000042-index.htm
145,94.63184647983307,IFF,International Flavors & Fragrances,Materials,51253,Q,2023,Q4,2023-12-31,EBITDA margin,ebitda_margin,-0.8320384757676655,0.1360759493670886,YoY delta + Trend,2,"EBITDA margin fell 9,681 bps year over year (13.6% to -83.2%), 6.6x its usual yearly move; 62.9 sigma below its rolling median of 14.6%.",94.63184647983307,52.43598121005554,88.71383525459834,0.0,0.0,0.08333333333333333,False,False,0.041666666666666664,False,0000051253-24-000006,10-K,2024-02-28 00:00:00,https://www.sec.gov/Archives/edgar/data/51253/000005125324000006/0000051253-24-000006-index.htm
146,94.6315977442895,OMC,Omnicom Group,Communication Services,29989,A,2025,FY,2025-12-31,Debt / EBITDA,debt_to_ebitda,12.854033823121707,2.413464213329094,YoY delta + Trend,2,"Debt / EBITDA rose 433% year over year (2.41x to 12.85x), 8.9x its usual yearly move; 51.9 sigma above its rolling median of 2.39x.",94.6315977442895,59.81768636719106,86.63988762626354,0.0,0.0,0.06666666666666667,False,False,1.0,False,0000029989-26-000006,10-K,2026-02-20 00:00:00,https://www.sec.gov/Archives/edgar/data/29989/000002998926000006/0000029989-26-000006-index.htm
147,94.63079894816394,PAYX,Paychex,Industrials,723531,Q,2026,Q1,2025-08-31,Debt / EBITDA,debt_to_ebitda,1.9938776332218955,0.34661692385958964,YoY delta + Trend,2,"Debt / EBITDA rose 475% year over year (0.35x to 1.99x), 4.4x its usual yearly move; 78.1 sigma above its rolling median of 0.36x. An input changed XBRL tag versus the comparison period.",94.63079894816394,42.18207450245695,90.71360481090899,0.0,0.0,0.058823529411764705,False,False,0.39705882352941174,True,0001193125-25-224997,10-Q,2025-09-30 00:00:00,https://www.sec.gov/Archives/edgar/data/723531/000119312525224997/0001193125-25-224997-index.htm
148,94.60873827215055,NCLH,Norwegian Cruise Line Holdings,Consumer Discretionary,1513761,Q,2022,Q3,2022-09-30,Gross margin,gross_margin,0.23312266714535967,-1.8727013803149966,YoY delta,1,"Gross margin rose 21,058 bps year over year (-187.3% to 23.3%).",94.60873827215055,94.60873827215055,0.0,0.0,0.0,0.08823529411764706,False,False,0.20588235294117646,False,0001558370-22-016836,10-Q,2022-11-08 00:00:00,https://www.sec.gov/Archives/edgar/data/1513761/000155837022016836/0001558370-22-016836-index.htm
149,94.53351363296976,DLTR,Dollar Tree,Consumer Staples,935703,Q,2018,Q4,2019-02-02,SG&A % of revenue,sga_pct,0.6542093727841165,0.20994874697355595,YoY delta + Trend,2,"SG&A % of revenue rose 4,443 bps year over year (21.0% to 65.4%), 80.8x its usual yearly move; 75.4 sigma above its rolling median of 23.0%.",98.85857634820367,88.10139104088198,90.40708325050346,0.0,0.0,0.125,False,False,1.0,False,0000935703-19-000024,10-K,2019-03-27 00:00:00,https://www.sec.gov/Archives/edgar/data/935703/000093570319000024/0000935703-19-000024-index.htm
150,94.53101721298624,PSA,Public Storage,Real Estate,1393311,Q,2022,Q3,2022-09-30,Accruals / assets,accruals,0.4172824250346982,-0.05217092659219962,YoY delta + Trend,2,"Accruals / assets rose 4,695 bps year over year (-5.2% to 41.7%), 22.5x its usual yearly move; 22.8 sigma above its rolling median of -4.6%.",94.53101721298624,78.94866523197877,74.02073147721916,0.0,0.0,0.06666666666666667,False,False,1.0,False,0001393311-22-000036,10-Q,2022-11-01 00:00:00,https://www.sec.gov/Archives/edgar/data/1393311/000139331122000036/0001393311-22-000036-index.htm
151,94.50657863612822,PPG,PPG Industries,Materials,79879,Q,2013,Q1,2013-03-31,Return on equity,roe,2.1785310734463277,0.01589727911953531,YoY delta + Trend,2,"Return on equity rose 21,626 bps year over year (1.6% to 217.9%), 20.7x its usual yearly move; 24.7 sigma above its rolling median of 26.8%. Reverses the prior year's flagged move.",94.50657863612822,77.51184419665645,75.5719347913135,0.0,0.0,0.05263157894736842,False,True,1.0,False,0000079879-13-000033,10-Q,2013-04-29 00:00:00,https://www.sec.gov/Archives/edgar/data/79879/000007987913000033/0000079879-13-000033-index.htm
152,94.47048153752688,LYV,Live Nation Entertainment,Communication Services,1335258,Q,2020,Q3,2020-09-30,Net margin,net_margin,-2.8741862209131717,0.04741387991151352,YoY delta + Trend,2,"Net margin fell 29,216 bps year over year (4.7% to -287.4%), 82.5x its usual yearly move; 36.9 sigma below its rolling median of -2.3%.",98.79266043140065,93.22183740308145,82.18780456597158,0.0,0.0,0.125,False,False,0.0625,False,0001335258-20-000163,10-Q,2020-11-05 00:00:00,https://www.sec.gov/Archives/edgar/data/1335258/000133525820000163/0001335258-20-000163-index.htm
153,94.45886653833568,EBAY,eBay Inc.,Consumer Discretionary,1065088,Q,2016,Q4,2016-12-31,Net margin,net_margin,2.478496868475992,0.2054263565891473,YoY delta + Trend,2,"Net margin rose 22,731 bps year over year (20.5% to 247.8%), 9.5x its usual yearly move; 47.9 sigma above its rolling median of 18.7%.",94.45886653833568,61.25648454910582,85.69790738610834,0.0,0.0,0.09090909090909091,False,False,1.0,False,0001065088-17-000007,10-K,2017-02-06 00:00:00,https://www.sec.gov/Archives/edgar/data/1065088/000106508817000007/0001065088-17-000007-index.htm
154,94.40463324922956,IFF,International Flavors & Fragrances,Materials,51253,Q,2022,Q3,2022-09-30,EBITDA margin,ebitda_margin,-0.5523996082272282,0.1937479648323022,YoY delta + Trend,2,"EBITDA margin fell 7,461 bps year over year (19.4% to -55.2%), 22.8x its usual yearly move; 21.7 sigma below its rolling median of 16.3%.",94.40463324922956,79.2016032181309,73.09712469930294,0.0,0.0,0.09523809523809523,False,False,0.047619047619047616,False,0000051253-22-000030,10-Q,2022-11-07 00:00:00,https://www.sec.gov/Archives/edgar/data/51253/000005125322000030/0000051253-22-000030-index.htm
155,94.39475327025704,AVY,Avery Dennison,Materials,8818,Q,2019,Q1,2019-03-30,EBITDA margin,ebitda_margin,-0.1321763117062238,0.11630263454176987,YoY delta + Trend,2,"EBITDA margin fell 2,485 bps year over year (11.6% to -13.2%), 15.4x its usual yearly move; 33.0 sigma below its rolling median of 11.5%. An input changed XBRL tag versus the comparison period.",94.39475327025704,71.30386180379591,80.46689526159165,0.0,0.0,0.043478260869565216,False,False,0.043478260869565216,True,0001104659-19-025335,10-Q,2019-04-30 00:00:00,https://www.sec.gov/Archives/edgar/data/8818/000110465919025335/0001104659-19-025335-index.htm
156,94.30036631985115,FIS,Fidelity National Information Services,Financials,1136893,Q,2023,Q2,2023-06-30,Return on equity,roe,-1.1141186157971412,0.02369242612154129,YoY delta + Trend,2,"Return on equity fell 11,378 bps year over year (2.4% to -111.4%), 4.1x its usual yearly move; 75.1 sigma below its rolling median of 1.2%.",94.30036631985115,40.82721888126643,90.3678117330463,0.0,0.0,0.045454545454545456,False,False,0.015151515151515152,False,0001136893-23-000127,10-Q,2023-08-02 00:00:00,https://www.sec.gov/Archives/edgar/data/1136893/000113689323000127/0001136893-23-000127-index.htm
157,94.11478726833899,SBUX,Starbucks,Consumer Discretionary,829224,Q,2013,Q4,2013-09-29,Return on assets,roa,-0.4789325091962234,0.17361947229264102,YoY delta + Trend,2,"Return on assets fell 6,526 bps year over year (17.4% to -47.9%), 20.2x its usual yearly move; 23.1 sigma below its rolling median of 18.0%.",94.11478726833899,77.08984500244563,74.31177252057327,0.0,0.0,0.1,False,False,0.025,False,0000829224-14-000008,10-Q,2014-01-28 00:00:00,https://www.sec.gov/Archives/edgar/data/829224/000082922414000008/0000829224-14-000008-index.htm
158,94.11243587968634,EMR,Emerson Electric,Industrials,32604,Q,2023,Q3,2023-06-30,Return on equity,roe,2.350930115635998,0.3527046433700335,YoY delta + Trend,2,"Return on equity rose 19,982 bps year over year (35.3% to 235.1%), 17.4x its usual yearly move; 26.9 sigma above its rolling median of 28.3%.",94.11243587968634,74.31744440257937,77.07562980646303,0.0,0.0,0.05555555555555555,False,False,1.0,False,0000032604-23-000037,10-Q,2023-08-02 00:00:00,https://www.sec.gov/Archives/edgar/data/32604/000003260423000037/0000032604-23-000037-index.htm
159,94.08555153800273,BXP,"BXP, Inc.",Real Estate,1037540,Q,2010,Q4,2010-12-31,Operating margin,operating_margin,1.1100203321426205,0.1587385145482389,YoY delta + Trend,2,"Operating margin rose 9,513 bps year over year (15.9% to 111.0%); 26.3 sigma above its rolling median of 16.0%.",95.95127069031439,82.62805883463854,76.69385780698748,0.0,0.0,0.1111111111111111,False,False,1.0,False,0001193125-13-084781,10-K,2013-02-28 00:00:00,https://www.sec.gov/Archives/edgar/data/1037540/000119312513084781/0001193125-13-084781-index.htm
160,94.08329414585864,COHR,Coherent Corp.,Information Technology,820318,Q,2020,Q1,2019-09-30,Trade working capital % of revenue,nwc_pct,0.7525337167936218,0.31550282572121885,YoY delta + Trend,2,"Trade working capital % of revenue rose 4,370 bps year over year (31.6% to 75.3%), 13.0x its usual yearly move; 34.7 sigma above its rolling median of 31.1%.",94.08329414585864,68.44441383227006,81.24989400389579,0.0,0.0,0.07575757575757576,False,False,1.0,False,0001564590-19-042658,10-Q,2019-11-12 00:00:00,https://www.sec.gov/Archives/edgar/data/820318/000156459019042658/0001564590-19-042658-index.htm
161,94.07683189844794,PSA,Public Storage,Real Estate,1393311,Q,2022,Q3,2022-09-30,Return on equity,roe,1.1086009947603577,0.220750052728071,YoY delta + Trend,2,"Return on equity rose 8,879 bps year over year (22.1% to 110.9%), 28.7x its usual yearly move; 23.1 sigma above its rolling median of 18.5%.",95.267677871846,81.61512829815022,74.2596945744372,0.0,0.0,0.10714285714285714,False,False,1.0,False,0001393311-22-000036,10-Q,2022-11-01 00:00:00,https://www.sec.gov/Archives/edgar/data/1393311/000139331122000036/0001393311-22-000036-index.htm
162,94.0669395984868,GDDY,GoDaddy,Information Technology,1609711,Q,2020,Q2,2020-06-30,Return on assets,roa,-0.43948654757921707,-0.007875307629204267,YoY delta + Trend,2,"Return on assets fell 4,316 bps year over year (-0.8% to -43.9%), 18.2x its usual yearly move; 25.4 sigma below its rolling median of 1.6%.",94.0669395984868,75.23861531002069,76.03906051379167,0.0,0.0,0.08571428571428572,False,False,0.014285714285714285,False,0001609711-20-000108,10-Q,2020-08-06 00:00:00,https://www.sec.gov/Archives/edgar/data/1609711/000160971120000108/0001609711-20-000108-index.htm
163,94.038515083157,LITE,Lumentum,Information Technology,1633978,Q,2026,Q4,2026-06-27,Accruals / assets,accruals,-4.199227088187285,0.14577053101773313,YoY delta + Trend,2,"Accruals / assets fell 43,450 bps year over year (14.6% to -419.9%), 28.4x its usual yearly move; 96.0 sigma below its rolling median of -7.1%.",98.65880415078162,82.57163840141376,92.30452133075337,0.0,0.0,0.1267605633802817,False,False,0.014084507042253521,False,0001628280-26-057358,10-K,2026-08-17 00:00:00,https://www.sec.gov/Archives/edgar/data/1633978/000162828026057358/0001628280-26-057358-index.htm
164,94.02251384013287,MSI,Motorola Solutions,Information Technology,68505,Q,2014,Q4,2014-12-31,Operating margin,operating_margin,-0.7993421052631579,0.16493610223642172,YoY delta + Trend,2,"Operating margin fell 9,643 bps year over year (16.5% to -79.9%), 14.9x its usual yearly move; 30.5 sigma below its rolling median of 12.8%.",94.02251384013287,71.23431776653297,79.22007859451111,0.0,0.0,0.08333333333333333,False,False,0.03333333333333333,False,0000068505-15-000003,10-K,2015-02-13 00:00:00,https://www.sec.gov/Archives/edgar/data/68505/000006850515000003/0000068505-15-000003-index.htm
165,94.01244960159858,NRG,NRG Energy,Utilities,1013871,Q,2015,Q4,2015-12-31,Net margin,net_margin,-2.096977748256393,0.02838740458015267,YoY delta + Trend,2,"Net margin fell 21,254 bps year over year (2.8% to -209.7%), 16.1x its usual yearly move; 44.6 sigma below its rolling median of 0.5%.",95.87671914044047,72.87826180691626,84.79713641432095,0.0,0.0,0.1111111111111111,False,False,0.037037037037037035,False,0001013871-16-000022,10-K,2016-02-29 00:00:00,https://www.sec.gov/Archives/edgar/data/1013871/000101387116000022/0001013871-16-000022-index.htm
166,93.99406546351695,LUV,Southwest Airlines,Industrials,92380,Q,2012,Q3,2012-09-30,Days sales outstanding,dso,9.105941053608726,7.81054279749478e-06,YoY delta,1,"Days sales outstanding rose 116,585,153% year over year (0 days to 9 days). An input changed XBRL tag versus the comparison period.",93.99406546351695,93.99406546351695,0.0,0.0,0.0,0.04838709677419355,False,False,0.016129032258064516,True,0000092380-12-000103,10-Q,2012-10-26 00:00:00,https://www.sec.gov/Archives/edgar/data/92380/000009238012000103/0000092380-12-000103-index.htm
167,93.9907371705295,LUV,Southwest Airlines,Industrials,92380,Q,2012,Q2,2012-06-30,Days sales outstanding,dso,9.923635181975737,8.582265473887814e-06,YoY delta,1,"Days sales outstanding rose 115,629,453% year over year (0 days to 10 days). An input changed XBRL tag versus the comparison period.",93.9907371705295,93.9907371705295,0.0,0.0,0.0,0.01639344262295082,False,False,0.01639344262295082,True,0000092380-12-000089,10-Q,2012-07-27 00:00:00,https://www.sec.gov/Archives/edgar/data/92380/000009238012000089/0000092380-12-000089-index.htm
168,93.92475708556873,CAH,Cardinal Health,Health Care,721371,Q,2020,Q1,2019-09-30,Return on assets,roa,-0.49132789298994284,0.05932818088592081,YoY delta + Trend,2,"Return on assets fell 5,507 bps year over year (5.9% to -49.1%), 11.1x its usual yearly move; 38.3 sigma below its rolling median of 2.9%.",93.92475708556873,64.86571113887378,82.7085075253846,0.0,0.0,0.07017543859649122,False,False,0.017543859649122806,False,0000721371-19-000127,10-Q,2019-11-07 00:00:00,https://www.sec.gov/Archives/edgar/data/721371/000072137119000127/0000721371-19-000127-index.htm
169,93.909200033901,LYV,Live Nation Entertainment,Communication Services,1335258,Q,2020,Q2,2020-06-30,Trade working capital % of revenue,nwc_pct,1.6662639706279359,0.07336691152923543,YoY delta + Trend,2,"Trade working capital % of revenue rose 15,929 bps year over year (7.3% to 166.6%), 187.1x its usual yearly move; 164.8 sigma above its rolling median of 7.3%.",99.72658410679753,94.09296628743392,95.37135038486691,0.0,0.0,0.13333333333333333,False,False,1.0,False,0001335258-20-000150,10-Q,2020-08-05 00:00:00,https://www.sec.gov/Archives/edgar/data/1335258/000133525820000150/0001335258-20-000150-index.htm
170,93.90771925466477,CNC,Centene Corporation,Health Care,1071739,Q,2022,Q3,2022-09-30,Gross margin,gross_margin,0.11275616896695943,0.9581867555390977,YoY delta + Trend,2,"Gross margin fell 8,454 bps year over year (95.8% to 11.3%), 5.0x its usual yearly move; 104.7 sigma below its rolling median of 96.5%.",96.1295822404101,45.47835136456951,92.90113586720354,0.0,0.0,0.11320754716981132,False,False,0.07547169811320754,False,0001071739-23-000209,10-Q,2023-10-24 00:00:00,https://www.sec.gov/Archives/edgar/data/1071739/000107173923000209/0001071739-23-000209-index.htm
171,93.87168544577219,ECL,Ecolab,Materials,31462,Q,2020,Q2,2020-06-30,Return on assets,roa,-0.4017416258473109,0.07131087864505499,YoY delta + Trend,2,"Return on assets fell 4,731 bps year over year (7.1% to -40.2%), 18.1x its usual yearly move; 24.5 sigma below its rolling median of 7.6%.",93.87168544577219,75.11423009604272,75.37422158173496,0.0,0.0,0.09090909090909091,False,False,0.045454545454545456,False,0001558370-20-009506,10-Q,2020-08-06 00:00:00,https://www.sec.gov/Archives/edgar/data/31462/000155837020009506/0001558370-20-009506-index.htm
172,93.86548054124059,CNP,CenterPoint Energy,Utilities,1130310,Q,2024,Q3,2024-09-30,Days payables outstanding,dpo,153665.0,69623.75,Trend,1,Days payables outstanding of 153665 days is 179.2 sigma above its rolling median of 2131 days. An input changed XBRL tag versus the comparison period.,95.72683567945215,0.0,95.72683567945215,0.0,0.0,0.1111111111111111,False,False,1.0,True,0001130310-24-000115,10-Q,2024-10-28 00:00:00,https://www.sec.gov/Archives/edgar/data/1130310/000113031024000115/0001130310-24-000115-index.htm
173,93.85802953289485,PLD,Prologis,Real Estate,1045609,Q,2011,Q4,2011-12-31,Operating margin,operating_margin,0.11799261358472482,-2.938291360282445,YoY delta,1,"Operating margin rose 30,563 bps year over year (-293.8% to 11.8%).",93.85802953289485,93.85802953289485,0.0,0.0,0.0,0.1,False,False,0.25,False,0001193125-12-087643,10-K,2012-02-29 00:00:00,https://www.sec.gov/Archives/edgar/data/1045609/000119312512087643/0001193125-12-087643-index.htm
174,93.84584999859406,BAX,Baxter International,Health Care,10456,Q,2016,Q1,2016-03-31,Net margin,net_margin,1.4231578947368422,0.11424017003188097,YoY delta + Trend,2,"Net margin rose 13,089 bps year over year (11.4% to 142.3%), 18.1x its usual yearly move; 24.4 sigma above its rolling median of 11.8%.",93.84584999859406,75.07647225244686,75.30786948083579,0.0,0.0,0.0625,False,False,1.0,False,0001193125-16-582011,10-Q,2016-05-06 00:00:00,https://www.sec.gov/Archives/edgar/data/10456/000119312516582011/0001193125-16-582011-index.htm
175,93.82837511674228,IFF,International Flavors & Fragrances,Materials,51253,Q,2022,Q3,2022-09-30,Net margin,net_margin,-0.7172706496898466,0.06317160534028005,YoY delta + Trend,2,"Net margin fell 7,804 bps year over year (6.3% to -71.7%), 17.7x its usual yearly move; 24.9 sigma below its rolling median of 6.3%.",93.82837511674228,74.65193511653462,75.65248111983693,0.0,0.0,0.08695652173913043,False,False,0.043478260869565216,False,0000051253-22-000030,10-Q,2022-11-07 00:00:00,https://www.sec.gov/Archives/edgar/data/51253/000005125322000030/0000051253-22-000030-index.htm
176,93.79777047552943,LYV,Live Nation Entertainment,Communication Services,1335258,Q,2020,Q2,2020-06-30,SG&A % of revenue,sga_pct,4.364667134603963,0.1626530047902936,YoY delta + Trend,2,"SG&A % of revenue rose 42,020 bps year over year (16.3% to 436.5%), 180.3x its usual yearly move; 57.8 sigma above its rolling median of 19.1%.",99.60825183242063,96.77879292632828,87.83846680391063,0.0,0.0,0.13333333333333333,False,False,1.0,False,0001335258-20-000150,10-Q,2020-08-05 00:00:00,https://www.sec.gov/Archives/edgar/data/1335258/000133525820000150/0001335258-20-000150-index.htm
177,93.72894539436638,GDDY,GoDaddy,Information Technology,1609711,Q,2020,Q2,2020-06-30,Net margin,net_margin,-0.8348214285714286,-0.01709169831795985,YoY delta + Trend,2,"Net margin fell 8,177 bps year over year (-1.7% to -83.5%), 15.6x its usual yearly move; 27.4 sigma below its rolling median of 3.8%.",93.72894539436638,72.22357071054994,77.42310741137823,0.0,0.0,0.08333333333333333,False,False,0.013888888888888888,False,0001609711-20-000108,10-Q,2020-08-06 00:00:00,https://www.sec.gov/Archives/edgar/data/1609711/000160971120000108/0001609711-20-000108-index.htm
178,93.72753868386224,FANG,Diamondback Energy,Energy,1539838,A,2016,FY,2016-12-31,Current ratio,current_ratio,8.560948113613131,0.7689452061575014,YoY delta + Trend,2,"Current ratio rose 1,013% year over year (0.77x to 8.56x), 6.0x its usual yearly move; 55.8 sigma above its rolling median of 0.73x.",93.72753868386224,49.987545316188864,87.45820145043163,0.0,0.0,0.05555555555555555,False,False,1.0,False,0001539838-17-000009,10-K,2017-02-15 00:00:00,https://www.sec.gov/Archives/edgar/data/1539838/000153983817000009/0001539838-17-000009-index.htm
179,93.72042971215063,PANW,Palo Alto Networks,Information Technology,1327567,Q,2014,Q3,2014-04-30,Net margin,net_margin,-0.9727073656270736,-0.07189329542201028,YoY delta + Trend,2,"Net margin fell 9,008 bps year over year (-7.2% to -97.3%); 15.1 sigma below its rolling median of -5.1%.",93.72042971215063,81.83162757333368,65.43680336146876,0.0,0.0,0.03225806451612903,False,False,0.016129032258064516,False,0001327567-14-000013,10-Q,2014-06-03 00:00:00,https://www.sec.gov/Archives/edgar/data/1327567/000132756714000013/0001327567-14-000013-index.htm
180,93.6895810698188,PAYX,Paychex,Industrials,723531,Q,2026,Q2,2025-11-30,Debt / EBITDA,debt_to_ebitda,1.9165215372111923,0.34224083769633507,YoY delta + Trend,2,"Debt / EBITDA rose 460% year over year (0.34x to 1.92x), 3.2x its usual yearly move; 74.5 sigma above its rolling median of 0.36x. An input changed XBRL tag versus the comparison period.",93.6895810698188,34.962517496139704,90.29725830822765,0.0,0.0,0.04411764705882353,False,False,0.4117647058823529,True,0001193125-25-328698,10-Q,2025-12-22 00:00:00,https://www.sec.gov/Archives/edgar/data/723531/000119312525328698/0001193125-25-328698-index.htm
181,93.68661540976217,LYV,Live Nation Entertainment,Communication Services,1335258,A,2020,FY,2020-12-31,Days sales outstanding,dso,95.45455082748668,31.436799839001992,YoY delta + Trend,2,"Days sales outstanding rose 204% year over year (31 days to 95 days), 14.6x its usual yearly move; 28.9 sigma above its rolling median of 25 days.",93.68661540976217,70.90137636430333,78.30349411271501,0.0,0.0,0.0625,False,False,0.9375,False,0001335258-21-000009,10-K,2021-03-01 00:00:00,https://www.sec.gov/Archives/edgar/data/1335258/000133525821000009/0001335258-21-000009-index.htm
182,93.6330640902867,SNPS,Synopsys,Information Technology,883241,Q,2025,Q4,2025-10-31,Debt / EBITDA,debt_to_ebitda,8.559656636559206,0.0094108350374298,YoY delta + Trend + Benford,3,"Debt / EBITDA rose 90,855% year over year (0.01x to 8.56x), 4.0x its usual yearly move; 1805.8 sigma above its rolling median of 0.01x; the filing's leading digits also depart from Benford's Law.",99.85270278042323,40.25938154432514,99.55892841511691,44.09949199398369,0.0,0.13559322033898305,False,False,0.9661016949152542,False,0000883241-25-000028,10-K,2025-12-22 00:00:00,https://www.sec.gov/Archives/edgar/data/883241/000088324125000028/0000883241-25-000028-index.htm
183,93.6237341468543,DOV,Dover Corporation,Industrials,29905,Q,2024,Q4,2024-12-31,Net margin,net_margin,0.7440843042988476,0.14069144730374872,YoY delta + Trend,2,"Net margin rose 6,034 bps year over year (14.1% to 74.4%), 14.2x its usual yearly move; 29.3 sigma above its rolling median of 13.3%.",93.6237341468543,70.27540168241585,78.54885780113736,0.0,0.0,0.05063291139240506,False,False,1.0,False,0000029905-25-000006,10-K,2025-02-14 00:00:00,https://www.sec.gov/Archives/edgar/data/29905/000002990525000006/0000029905-25-000006-index.htm
184,93.57968307845185,EBAY,eBay Inc.,Consumer Discretionary,1065088,Q,2016,Q4,2016-12-31,Return on assets,roa,1.0707794989740467,0.10563906652271406,YoY delta + Trend,2,"Return on assets rose 9,651 bps year over year (10.6% to 107.1%), 8.3x its usual yearly move; 44.4 sigma above its rolling median of 7.4%.",93.57968307845185,57.90954217316795,84.74638373390347,0.0,0.0,0.08888888888888889,False,False,1.0,False,0001065088-17-000007,10-K,2017-02-06 00:00:00,https://www.sec.gov/Archives/edgar/data/1065088/000106508817000007/0001065088-17-000007-index.htm
185,93.5712001387965,NRG,NRG Energy,Utilities,1013871,Q,2015,Q4,2015-12-31,Return on assets,roa,-0.6931796349663785,0.01179181014194763,YoY delta + Trend,2,"Return on assets fell 7,050 bps year over year (1.2% to -69.3%), 17.5x its usual yearly move; 36.7 sigma below its rolling median of 0.3%.",95.42671968829104,74.44843813114565,82.10175825970356,0.0,0.0,0.1111111111111111,False,False,0.037037037037037035,False,0001013871-16-000022,10-K,2016-02-29 00:00:00,https://www.sec.gov/Archives/edgar/data/1013871/000101387116000022/0001013871-16-000022-index.htm
186,93.56693298592835,FSLR,First Solar,Information Technology,1274494,Q,2012,Q1,2012-03-31,EBITDA margin,ebitda_margin,-0.7707758698735553,0.313157398381436,YoY delta + Trend,2,"EBITDA margin fell 10,839 bps year over year (31.3% to -77.1%); 15.7 sigma below its rolling median of 31.1%.",94.75132454271224,84.42286644135154,66.30525483057382,0.0,0.0,0.10714285714285714,False,False,0.017857142857142856,False,0001274494-12-000022,10-Q,2012-05-04 00:00:00,https://www.sec.gov/Archives/edgar/data/1274494/000127449412000022/0001274494-12-000022-index.htm
187,93.51688249729114,TSLA,"Tesla, Inc.",Consumer Discretionary,1318605,Q,2012,Q2,2012-06-30,EBITDA margin,ebitda_margin,-3.8204704911267022,-0.9355348885183339,YoY delta,1,"EBITDA margin fell 28,849 bps year over year (-93.6% to -382.0%).",93.51688249729114,93.51688249729114,0.0,0.0,0.0,0.034482758620689655,False,False,0.034482758620689655,False,0001193125-12-332138,10-Q,2012-08-02 00:00:00,https://www.sec.gov/Archives/edgar/data/1318605/000119312512332138/0001193125-12-332138-index.htm
188,93.5041990683386,CPT,Camden Property Trust,Real Estate,906345,Q,2022,Q2,2022-06-30,EBITDA margin,ebitda_margin,1.897975207068529,0.5625897303298459,YoY delta + Trend,2,"EBITDA margin rose 13,354 bps year over year (56.3% to 189.8%), 4.0x its usual yearly move; 66.0 sigma above its rolling median of 57.4%.",93.5041990683386,39.94290505401822,89.18395746996413,0.0,0.0,0.07692307692307693,False,False,1.0,False,0000906345-22-000029,10-Q,2022-07-29 00:00:00,https://www.sec.gov/Archives/edgar/data/906345/000090634522000029/0000906345-22-000029-index.htm
189,93.49033004707655,HPQ,HP Inc.,Information Technology,47217,Q,2012,Q3,2012-07-31,Net margin,net_margin,-0.298527082139607,0.06175254095995383,YoY delta + Trend,2,"Net margin fell 3,603 bps year over year (6.2% to -29.9%), 15.4x its usual yearly move; 26.5 sigma below its rolling median of 6.7%. An input changed XBRL tag versus the comparison period.",93.49033004707655,71.9099199898311,76.82573367335773,0.0,0.0,0.08196721311475409,False,False,0.03278688524590164,True,0001047469-12-008732,10-Q,2012-09-10 00:00:00,https://www.sec.gov/Archives/edgar/data/47217/000104746912008732/0001047469-12-008732-index.htm
190,93.46252218386121,CNC,Centene Corporation,Health Care,1071739,Q,2022,Q4,2022-12-31,Gross margin,gross_margin,0.1099800343072467,0.9575042986981086,YoY delta + Trend,2,"Gross margin fell 8,475 bps year over year (95.8% to 11.0%), 4.2x its usual yearly move; 92.6 sigma below its rolling median of 96.4%.",95.31588664643068,41.08000122769544,92.05004505911312,0.0,0.0,0.1111111111111111,False,False,0.07407407407407407,False,0001071739-24-000037,10-K,2024-02-20 00:00:00,https://www.sec.gov/Archives/edgar/data/1071739/000107173924000037/0001071739-24-000037-index.htm
191,93.43883002291443,KKR,KKR & Co.,Financials,1404912,Q,2017,Q2,2017-06-30,Asset turnover,asset_turnover,0.0961660975383673,0.002026816985126694,Trend,1,Asset turnover of 0.10x is 113.9 sigma above its rolling median of 0.00x. An input changed XBRL tag versus the comparison period.,93.43883002291443,0.0,93.43883002291443,0.0,0.0,0.045454545454545456,False,False,0.36363636363636365,True,0001404912-18-000016,10-Q,2018-08-03 00:00:00,https://www.sec.gov/Archives/edgar/data/1404912/000140491218000016/0001404912-18-000016-index.htm
192,93.4310728950497,EW,Edwards Lifesciences,Health Care,1099800,Q,2024,Q3,2024-09-30,Return on assets,roa,1.0648403805725928,0.16757733417506585,YoY delta + Trend,2,"Return on assets rose 8,973 bps year over year (16.8% to 106.5%), 6.5x its usual yearly move; 50.3 sigma above its rolling median of 16.1%.",93.4310728950497,52.103194333839575,86.28525010470307,0.0,0.0,0.06666666666666667,False,False,1.0,False,0001099800-24-000086,10-Q,2024-11-06 00:00:00,https://www.sec.gov/Archives/edgar/data/1099800/000109980024000086/0001099800-24-000086-index.htm
193,93.42510811895603,MDLZ,Mondelez International,Consumer Staples,1103982,Q,2015,Q3,2015-09-30,Return on equity,roe,1.0663144571019756,0.1139561414627963,YoY delta + Trend,2,"Return on equity rose 9,524 bps year over year (11.4% to 106.6%), 14.3x its usual yearly move; 66.3 sigma above its rolling median of 7.1%.",96.81358354295962,70.39334759297893,89.23749833910729,0.0,0.0,0.12,False,False,0.96,False,0001193125-15-357422,10-Q,2015-10-29 00:00:00,https://www.sec.gov/Archives/edgar/data/1103982/000119312515357422/0001193125-15-357422-index.htm
194,93.40468192695008,FCX,Freeport-McMoRan,Materials,831259,Q,2015,Q1,2015-03-31,Gross margin,gross_margin,-0.6746929930170961,0.2571715145436309,YoY delta + Trend,2,"Gross margin fell 9,319 bps year over year (25.7% to -67.5%); 17.2 sigma below its rolling median of 31.0%.",96.38115889275576,88.59168655872989,68.27891233990015,0.0,0.0,0.11764705882352941,False,False,0.058823529411764705,False,0000831259-15-000027,10-Q,2015-05-08 00:00:00,https://www.sec.gov/Archives/edgar/data/831259/000083125915000027/0000831259-15-000027-index.htm
195,93.38863390545293,EQT,EQT Corporation,Energy,33213,Q,2018,Q1,2018-03-31,Debt / EBITDA,debt_to_ebitda,54.367896048068,3.5723951285520976,YoY delta + Trend,2,"Debt / EBITDA rose 600% year over year (3.57x to 54.37x), 6.0x its usual yearly move; 52.6 sigma above its rolling median of 2.32x.",93.38863390545293,49.915933853530206,86.79946217782664,0.0,0.0,0.047619047619047616,False,False,1.0,False,0000033213-18-000006,10-Q,2018-04-26 00:00:00,https://www.sec.gov/Archives/edgar/data/33213/000003321318000006/0000033213-18-000006-index.htm
196,93.38796432412686,AOS,A. O. Smith,Industrials,91142,Q,2022,Q4,2022-12-31,Operating margin,operating_margin,-0.16675568849481892,0.19819186338523356,YoY delta + Trend,2,"Operating margin fell 3,649 bps year over year (19.8% to -16.7%), 17.0x its usual yearly move; 23.5 sigma below its rolling median of 18.6%.",93.38796432412686,73.93001924528468,74.63735881478462,0.0,0.0,0.043478260869565216,False,False,0.014492753623188406,False,0000091142-23-000025,10-K,2023-02-14 00:00:00,https://www.sec.gov/Archives/edgar/data/91142/000009114223000025/0000091142-23-000025-index.htm
197,93.3646462985277,BALL,Ball Corporation,Materials,9389,Q,2024,Q1,2024-03-31,Accruals / assets,accruals,1.0067090125251907,0.09095906841921135,YoY delta + Trend,2,"Accruals / assets rose 9,157 bps year over year (9.1% to 100.7%), 10.2x its usual yearly move; 36.6 sigma above its rolling median of -9.5%.",93.3646462985277,63.02314763186804,82.05538525720783,0.0,0.0,0.08333333333333333,False,False,1.0,False,0001558370-24-006975,10-Q,2024-05-07 00:00:00,https://www.sec.gov/Archives/edgar/data/9389/000155837024006975/0001558370-24-006975-index.htm
198,93.36277456007129,HSIC,Henry Schein,Health Care,1000228,Q,2018,Q4,2018-12-29,SG&A % of revenue,sga_pct,0.05633292466643478,0.1988409471334704,YoY delta + Trend,2,"SG&A % of revenue fell 1,425 bps year over year (19.9% to 5.6%), 28.5x its usual yearly move; 27.7 sigma below its rolling median of 20.5%.",93.36277456007129,70.37154416449509,77.59847669153561,0.0,0.0,0.041666666666666664,False,False,0.08333333333333333,False,0001000228-20-000018,10-K,2020-02-20 00:00:00,https://www.sec.gov/Archives/edgar/data/1000228/000100022820000018/0001000228-20-000018-index.htm
199,93.35562989941691,MLM,Martin Marietta Materials,Materials,916076,Q,2024,Q1,2024-03-31,EBITDA margin,ebitda_margin,1.2398081534772183,0.2360977771213352,YoY delta + Trend,2,"EBITDA margin rose 10,037 bps year over year (23.6% to 124.0%), 26.0x its usual yearly move; 14.6 sigma above its rolling median of 29.7%.",93.35562989941691,81.25437676624954,64.55508564463057,0.0,0.0,0.041666666666666664,False,False,1.0,False,0000950170-24-050478,10-Q,2024-04-30 00:00:00,https://www.sec.gov/Archives/edgar/data/916076/000095017024050478/0000950170-24-050478-index.htm
200,93.34907082714382,CCL,Carnival Corporation,Consumer Discretionary,815097,Q,2021,Q1,2021-02-28,Days inventory outstanding,dio,53.21495327102804,11.3965370422935,YoY delta + Trend,2,"Days inventory outstanding rose 367% year over year (11 days to 53 days), 14.6x its usual yearly move; 34.6 sigma above its rolling median of 13 days.",94.53070463508234,70.85122974981155,81.23661712664432,0.0,0.0,0.10714285714285714,False,False,0.5,False,0000815097-21-000052,10-Q,2021-04-07 00:00:00,https://www.sec.gov/Archives/edgar/data/815097/000081509721000052/0000815097-21-000052-index.htm
201,93.31692219854179,PPL,PPL Corporation,Utilities,922224,Q,2021,Q1,2021-03-31,Net margin,net_margin,-1.2137203166226913,0.2697176241480039,YoY delta + Trend,2,"Net margin fell 14,834 bps year over year (27.0% to -121.4%), 9.9x its usual yearly move; 37.1 sigma below its rolling median of 21.9%. An input changed XBRL tag versus the comparison period.",93.31692219854179,62.355310500702025,82.24695729902929,0.0,0.0,0.0967741935483871,False,False,0.03225806451612903,True,0000922224-21-000021,10-Q,2021-05-06 00:00:00,https://www.sec.gov/Archives/edgar/data/922224/000092222421000021/0000922224-21-000021-index.htm
202,93.27085843380921,STZ,Constellation Brands,Consumer Staples,16918,Q,2013,Q2,2013-08-31,Operating margin,operating_margin,1.037624744312899,0.16372069700388617,YoY delta + Trend,2,"Operating margin rose 8,739 bps year over year (16.4% to 103.8%), 14.8x its usual yearly move; 26.3 sigma above its rolling median of 14.5%.",93.27085843380921,71.12112481130931,76.69874078466188,0.0,0.0,0.041666666666666664,False,False,1.0,False,0000016918-13-000021,10-Q,2013-10-10 00:00:00,https://www.sec.gov/Archives/edgar/data/16918/000001691813000021/0000016918-13-000021-index.htm
203,93.24143111567918,ARES,Ares Management,Financials,1176948,Q,2016,Q2,2016-06-30,Asset turnover,asset_turnover,0.3281861318523875,0.03343498055338362,YoY delta + Trend,2,Asset turnover rose 882% year over year (0.03x to 0.33x); 20.6 sigma above its rolling median of 0.03x.,93.24143111567918,75.79747038428968,72.07494839740342,0.0,0.0,0.09090909090909091,False,False,0.6818181818181818,False,0001628280-17-001756,10-K,2017-02-27 00:00:00,https://www.sec.gov/Archives/edgar/data/1176948/000162828017001756/0001628280-17-001756-index.htm
204,93.226149890676,CNC,Centene Corporation,Health Care,1071739,Q,2012,Q3,2012-09-30,Debt / EBITDA,debt_to_ebitda,5.463705218929677,1.4345462935360969,YoY delta + Trend,2,Debt / EBITDA rose 281% year over year (1.43x to 5.46x); 56.7 sigma above its rolling median of 1.42x.,93.226149890676,45.19147476565366,87.6408823620762,0.0,0.0,0.08108108108108109,False,False,1.0,False,0001071739-12-000061,10-Q,2012-10-23 00:00:00,https://www.sec.gov/Archives/edgar/data/1071739/000107173912000061/0001071739-12-000061-index.htm
205,93.20392015738271,COIN,Coinbase,Financials,1679788,Q,2022,Q4,2022-12-31,Net margin,net_margin,-0.885382160137846,0.33628995106191284,YoY delta + Trend,2,"Net margin fell 12,217 bps year over year (33.6% to -88.5%); 8.6 sigma below its rolling median of 25.8%.",93.20392015738271,85.93205856509215,51.69101411132079,0.0,0.0,0.058823529411764705,False,False,0.014705882352941176,False,0001679788-23-000031,10-K,2023-02-21 00:00:00,https://www.sec.gov/Archives/edgar/data/1679788/000167978823000031/0001679788-23-000031-index.htm
206,93.17888413285084,CNP,CenterPoint Energy,Utilities,1130310,Q,2011,Q3,2011-09-30,Return on equity,roe,1.0351063829787235,0.15896607431340873,YoY delta + Trend,2,"Return on equity rose 8,761 bps year over year (15.9% to 103.5%); 51.1 sigma above its rolling median of 15.9%.",95.75695602585462,68.65548425326753,86.46320138288402,0.0,0.0,0.11538461538461539,False,False,1.0,False,0001130310-11-000061,10-Q,2011-11-02 00:00:00,https://www.sec.gov/Archives/edgar/data/1130310/000113031011000061/0001130310-11-000061-index.htm
207,93.12897490277362,AMD,Advanced Micro Devices,Information Technology,2488,Q,2010,Q4,2010-12-25,Return on equity,roe,1.8438844499078058,7.265432098765432,YoY delta,1,"Return on equity fell 54,215 bps year over year (726.5% to 184.4%).",93.12897490277362,93.12897490277362,0.0,0.0,0.0,0.1,False,False,0.9833333333333333,False,0001193125-12-075837,10-K,2012-02-24 00:00:00,https://www.sec.gov/Archives/edgar/data/2488/000119312512075837/0001193125-12-075837-index.htm
208,93.1083006647802,MMM,3M,Industrials,66740,Q,2023,Q2,2023-06-30,Return on equity,roe,-2.369587807412539,0.021763392857142856,YoY delta + Trend,2,"Return on equity fell 23,914 bps year over year (2.2% to -237.0%), 15.1x its usual yearly move; 25.0 sigma below its rolling median of 41.5%.",93.1083006647802,71.56726365528567,75.76139260159192,0.0,0.0,0.05555555555555555,False,False,0.013888888888888888,False,0000066740-23-000058,10-Q,2023-07-25 00:00:00,https://www.sec.gov/Archives/edgar/data/66740/000006674023000058/0000066740-23-000058-index.htm
209,93.10483711766032,EIX,Edison International,Utilities,827052,Q,2018,Q4,2018-12-31,EBITDA margin,ebitda_margin,-0.5782652043868395,0.13478260869565217,YoY delta + Trend,2,"EBITDA margin fell 7,130 bps year over year (13.5% to -57.8%); 26.7 sigma below its rolling median of 32.6%.",94.95110867523432,78.09534209114518,76.95060408715766,0.0,0.0,0.1111111111111111,False,False,0.037037037037037035,False,0000827052-19-000034,10-K,2019-02-28 00:00:00,https://www.sec.gov/Archives/edgar/data/827052/000082705219000034/0000827052-19-000034-index.htm
210,93.09856500561526,ROP,Roper Technologies,Information Technology,882835,A,2022,FY,2022-12-31,Net margin,net_margin,0.8460292639338769,0.19948769427809893,YoY delta + Trend,2,"Net margin rose 6,465 bps year over year (19.9% to 84.6%), 10.4x its usual yearly move; 34.5 sigma above its rolling median of 18.8%.",93.09856500561526,63.30809410013711,81.19085170113625,0.0,0.0,0.0821917808219178,False,False,1.0,False,0000882835-23-000016,10-K,2023-02-27 00:00:00,https://www.sec.gov/Archives/edgar/data/882835/000088283523000016/0000882835-23-000016-index.htm
211,93.08005033812476,AOS,A. O. Smith,Industrials,91142,Q,2022,Q4,2022-12-31,EBITDA margin,ebitda_margin,-0.14496314496314497,0.21818181818181817,YoY delta + Trend,2,"EBITDA margin fell 3,631 bps year over year (21.8% to -14.5%), 13.1x its usual yearly move; 28.3 sigma below its rolling median of 20.9%.",93.08005033812476,68.62254830403671,77.94610687659673,0.0,0.0,0.0684931506849315,False,False,0.0136986301369863,False,0000091142-23-000025,10-K,2023-02-14 00:00:00,https://www.sec.gov/Archives/edgar/data/91142/000009114223000025/0000091142-23-000025-index.htm
212,93.07638898408895,KKR,KKR & Co.,Financials,1404912,Q,2017,Q4,2017-12-31,Asset turnover,asset_turnover,0.09088696985206116,0.0018472610149575458,Trend,1,Asset turnover of 0.09x is 107.5 sigma above its rolling median of 0.00x. An input changed XBRL tag versus the comparison period.,93.07638898408895,0.0,93.07638898408895,0.0,0.0,0.05084745762711865,False,False,0.4067796610169492,True,0001404912-19-000006,10-K,2019-02-15 00:00:00,https://www.sec.gov/Archives/edgar/data/1404912/000140491219000006/0001404912-19-000006-index.htm
213,93.0552455480296,ROP,Roper Technologies,Information Technology,882835,Q,2022,Q1,2022-03-31,Return on assets,roa,0.3275399850455018,0.048271355168187674,YoY delta + Trend,2,"Return on assets rose 2,793 bps year over year (4.8% to 32.8%), 8.2x its usual yearly move; 40.8 sigma above its rolling median of 4.9%.",93.0552455480296,57.61925836506881,83.61341924642872,0.0,0.0,0.03278688524590164,False,False,0.9836065573770492,False,0000882835-22-000025,10-Q,2022-05-04 00:00:00,https://www.sec.gov/Archives/edgar/data/882835/000088283522000025/0000882835-22-000025-index.htm
214,93.04582532237261,ES,Eversource Energy,Utilities,72741,Q,2023,Q4,2023-12-31,Return on equity,roe,-0.34469931563247524,0.08377589328106542,YoY delta + Trend,2,"Return on equity fell 4,285 bps year over year (8.4% to -34.5%), 18.2x its usual yearly move; 28.6 sigma below its rolling median of 8.4%.",93.04582532237261,68.17694681294675,78.14736808328438,0.0,0.0,0.03333333333333333,False,False,0.03333333333333333,False,0000072741-24-000005,10-K,2024-02-14 00:00:00,https://www.sec.gov/Archives/edgar/data/72741/000007274124000005/0000072741-24-000005-index.htm
215,93.03963481072446,PCAR,Paccar,Industrials,75362,Q,2016,Q1,2016-03-31,Net margin,net_margin,-0.13827906976744186,0.078299915161297,YoY delta + Trend,2,"Net margin fell 2,166 bps year over year (7.8% to -13.8%), 17.1x its usual yearly move; 28.3 sigma below its rolling median of 7.4%.",93.03963481072446,68.41230632459393,77.96494653645821,0.0,0.0,0.07352941176470588,False,False,0.014705882352941176,False,0001193125-16-577596,10-Q,2016-05-04 00:00:00,https://www.sec.gov/Archives/edgar/data/75362/000119312516577596/0001193125-16-577596-index.htm
216,93.02399926462257,ECHO,EchoStar,Communication Services,1415404,A,2021,FY,2021-12-31,Gross margin,gross_margin,-4.397202526035897,,Trend,1,Gross margin of -439.7% is 286.1 sigma below its rolling median of 69.8%.,97.27999923097785,0.0,97.27999923097785,0.0,0.0,0.125,False,False,0.125,False,0001415404-22-000005,10-K,2022-02-24 00:00:00,https://www.sec.gov/Archives/edgar/data/1415404/000141540422000005/0001415404-22-000005-index.htm
217,92.98083793858225,CNP,CenterPoint Energy,Utilities,1130310,Q,2024,Q4,2024-12-31,Days payables outstanding,dpo,120450.0,83676.25,Trend,1,Days payables outstanding of 120450 days is 146.6 sigma above its rolling median of 2227 days.,94.82465058892241,0.0,94.82465058892241,0.0,0.0,0.1111111111111111,False,False,1.0,False,0001130310-25-000040,10-K,2025-02-20 00:00:00,https://www.sec.gov/Archives/edgar/data/1130310/000113031025000040/0001130310-25-000040-index.htm
218,92.97342536905285,INCY,Incyte,Health Care,879169,Q,2011,Q2,2011-06-30,Net margin,net_margin,-3.0854797454047946,0.061066864605693424,YoY delta,1,"Net margin fell 31,465 bps year over year (6.1% to -308.5%).",94.02368999129605,94.02368999129605,0.0,0.0,0.0,0.10638297872340426,False,False,0.02127659574468085,False,0001104659-11-041507,10-Q,2011-07-28 00:00:00,https://www.sec.gov/Archives/edgar/data/879169/000110465911041507/0001104659-11-041507-index.htm
219,92.94897615017516,DHI,D. R. Horton,Consumer Discretionary,882184,Q,2012,Q3,2012-06-30,Return on equity,roe,1.018372194483494,0.04415469528260159,YoY delta + Trend,2,"Return on equity rose 9,742 bps year over year (4.4% to 101.8%); 36.7 sigma above its rolling median of 4.3%.",94.7921569803486,70.89252609338769,82.10822747325956,0.0,0.0,0.1111111111111111,False,False,1.0,False,0000882184-12-000031,10-Q,2012-07-27 00:00:00,https://www.sec.gov/Archives/edgar/data/882184/000088218412000031/0000882184-12-000031-index.htm
220,92.89982528641258,DAL,Delta Air Lines,Industrials,27904,Q,2013,Q4,2013-12-31,Accruals / assets,accruals,0.5983165223055705,-0.048862792738071134,YoY delta + Trend,2,"Accruals / assets rose 6,472 bps year over year (-4.9% to 59.8%), 18.2x its usual yearly move; 20.0 sigma above its rolling median of -5.7%.",92.89982528641258,75.18969940010216,71.38214958340062,0.0,0.0,0.1,False,False,1.0,False,0000027904-14-000003,10-K,2014-02-24 00:00:00,https://www.sec.gov/Archives/edgar/data/27904/000002790414000003/0000027904-14-000003-index.htm
221,92.89978352996619,ROP,Roper Technologies,Information Technology,882835,Q,2022,Q4,2022-12-31,Net margin,net_margin,1.3476832762596966,0.19030615618594193,YoY delta + Trend,2,"Net margin rose 11,574 bps year over year (19.0% to 134.8%), 6.4x its usual yearly move; 46.7 sigma above its rolling median of 19.0%.",92.89978352996619,51.49209417274299,85.36276438047312,0.0,0.0,0.0759493670886076,False,False,1.0,False,0000882835-23-000016,10-K,2023-02-27 00:00:00,https://www.sec.gov/Archives/edgar/data/882835/000088283523000016/0000882835-23-000016-index.htm
222,92.8932080319124,ILMN,"Illumina, Inc.",Health Care,1110803,A,2022,FY,2023-01-01,Operating margin,operating_margin,-0.9116492146596858,-0.027176314626601857,YoY delta + Trend,2,"Operating margin fell 8,845 bps year over year (-2.7% to -91.2%), 9.7x its usual yearly move; 35.1 sigma below its rolling median of 25.5%.",92.8932080319124,61.7240123448465,81.43276658954937,0.0,0.0,0.09433962264150944,False,False,0.018867924528301886,False,0001110803-23-000023,10-K,2023-02-17 00:00:00,https://www.sec.gov/Archives/edgar/data/1110803/000111080323000023/0001110803-23-000023-index.htm
223,92.88727354276314,TECH,Bio-Techne,Health Care,842023,Q,2015,Q4,2015-06-30,Operating margin,operating_margin,-0.9270117029142552,0.4198523610345536,YoY delta + Trend,2,"Operating margin fell 13,469 bps year over year (42.0% to -92.7%), 32.9x its usual yearly move; 20.1 sigma below its rolling median of 46.9%.",95.61107749464549,84.55829507355462,71.57747459713426,0.0,0.0,0.11627906976744186,False,False,0.046511627906976744,False,0001437749-15-016645,10-K,2015-08-31 00:00:00,https://www.sec.gov/Archives/edgar/data/842023/000143774915016645/0001437749-15-016645-index.htm
224,92.8685229767288,WBD,Warner Bros. Discovery,Communication Services,1437107,Q,2022,Q2,2022-06-30,Debt / EBITDA,debt_to_ebitda,42.95008183306056,4.185535465924896,YoY delta + Trend,2,"Debt / EBITDA rose 497% year over year (4.19x to 42.95x), 3.0x its usual yearly move; 66.6 sigma above its rolling median of 3.88x. An input changed XBRL tag versus the comparison period.",92.8685229767288,33.49506330950941,89.2767704501989,0.0,0.0,0.07142857142857142,False,False,1.0,True,0001437107-22-000209,10-Q,2022-08-05 00:00:00,https://www.sec.gov/Archives/edgar/data/1437107/000143710722000209/0001437107-22-000209-index.htm
225,92.8468631912148,CVS,CVS Health,Health Care,64803,Q,2018,Q4,2019-01-01,Debt / EBITDA,debt_to_ebitda,11.741125679565078,2.264921640546849,YoY delta + Trend,2,"Debt / EBITDA rose 418% year over year (2.26x to 11.74x), 3.6x its usual yearly move; 61.9 sigma above its rolling median of 2.26x. An input changed XBRL tag versus the comparison period.",92.8468631912148,37.50082819049569,88.55482944544009,0.0,0.0,0.1,False,False,1.0,True,0000064803-19-000013,10-K,2019-02-28 00:00:00,https://www.sec.gov/Archives/edgar/data/64803/000006480319000013/0000064803-19-000013-index.htm
226,92.83292115864421,SNPS,Synopsys,Information Technology,883241,A,2025,FY,2025-10-31,Asset turnover,asset_turnover,0.23016005312536839,0.5235627486361593,YoY delta + Trend + Benford,3,"Asset turnover fell 56% year over year (0.52x to 0.23x), 14.1x its usual yearly move; 11.2 sigma below its rolling median of 0.53x; the filing's leading digits also depart from Benford's Law.",92.83292115864421,69.26798018416878,58.28086235521782,44.09949199398369,0.0,0.04054054054054054,False,False,0.02702702702702703,False,0000883241-25-000028,10-K,2025-12-22 00:00:00,https://www.sec.gov/Archives/edgar/data/883241/000088324125000028/0000883241-25-000028-index.htm
227,92.82676114287675,WELL,Welltower,Real Estate,766704,A,2025,FY,2025-12-31,SG&A % of revenue,sga_pct,0.1613240002753267,0.0294690930605705,YoY delta + Trend,2,"SG&A % of revenue rose 1,319 bps year over year (2.9% to 16.1%), 16.7x its usual yearly move; 26.9 sigma above its rolling median of 2.7%.",92.82676114287675,68.72636677839158,77.06298207728892,0.0,0.0,0.06896551724137931,False,False,0.896551724137931,False,0000766704-26-000010,10-K,2026-02-12 00:00:00,https://www.sec.gov/Archives/edgar/data/766704/000076670426000010/0000766704-26-000010-index.htm
228,92.80273971314081,CNP,CenterPoint Energy,Utilities,1130310,Q,2024,Q1,2024-03-31,Days payables outstanding,dpo,68711.25,2130.6875,Trend,1,Days payables outstanding of 68711 days is 103.2 sigma above its rolling median of 1920 days.,92.80273971314081,0.0,92.80273971314081,0.0,0.0,0.1,False,False,1.0,False,0001130310-24-000066,10-Q,2024-04-30 00:00:00,https://www.sec.gov/Archives/edgar/data/1130310/000113031024000066/0001130310-24-000066-index.htm
229,92.77219074876967,ROK,Rockwell Automation,Industrials,1024478,Q,2025,Q4,2025-09-30,Gross margin,gross_margin,0.694300518134715,0.3785802014247114,YoY delta + Trend,2,"Gross margin rose 3,157 bps year over year (37.9% to 69.4%), 13.9x its usual yearly move; 25.3 sigma above its rolling median of 40.7%.",92.77219074876967,69.91067747393926,75.97882356782796,0.0,0.0,0.08771929824561403,False,False,0.9649122807017544,False,0001024478-25-000116,10-K,2025-11-12 00:00:00,https://www.sec.gov/Archives/edgar/data/1024478/000102447825000116/0001024478-25-000116-index.htm
230,92.7391872210685,T,AT&T,Communication Services,732717,A,2015,FY,2015-12-31,Days inventory outstanding,dio,76.39843263441976,11.640543795680651,YoY delta + Trend,2,"Days inventory outstanding rose 556% year over year (12 days to 76 days), 7.5x its usual yearly move; 41.1 sigma above its rolling median of 8 days. An input changed XBRL tag versus the comparison period.",92.7391872210685,55.46385678342092,83.69680835715344,0.0,0.0,,False,False,,True,0000732717-16-000147,10-K,2016-02-18 00:00:00,https://www.sec.gov/Archives/edgar/data/732717/000073271716000147/0000732717-16-000147-index.htm
231,92.72030936949248,CTVA,Corteva,Materials,1755672,Q,2019,Q3,2019-09-30,EBITDA margin,ebitda_margin,-0.20198848770277342,-2.7493579866461224,YoY delta,1,"EBITDA margin rose 25,474 bps year over year (-274.9% to -20.2%).",92.72030936949248,92.72030936949248,0.0,0.0,0.0,0.08695652173913043,False,False,0.043478260869565216,False,0001755672-19-000028,10-Q,2019-10-31 00:00:00,https://www.sec.gov/Archives/edgar/data/1755672/000175567219000028/0001755672-19-000028-index.htm
232,92.7145935245323,IBKR,Interactive Brokers,Financials,1381197,A,2015,FY,2015-12-31,Net margin,net_margin,0.3304140127388535,0.03992029029678687,YoY delta + Trend,2,"Net margin rose 2,905 bps year over year (4.0% to 33.0%), 9.6x its usual yearly move; 34.4 sigma above its rolling median of 3.4%. An input changed XBRL tag versus the comparison period.",92.7145935245323,61.42209439131751,81.1150803535897,0.0,0.0,0.09090909090909091,False,False,0.9393939393939394,True,0001047469-16-010549,10-K,2016-02-29 00:00:00,https://www.sec.gov/Archives/edgar/data/1381197/000104746916010549/0001047469-16-010549-index.htm
233,92.61886099797893,PM,Philip Morris International,Consumer Staples,1413329,Q,2023,Q3,2023-09-30,Gross margin,gross_margin,0.6537577945520184,0.24401570279586365,YoY delta + Trend,2,"Gross margin rose 4,097 bps year over year (24.4% to 65.4%), 7.9x its usual yearly move; 39.0 sigma above its rolling median of 25.5%. An input changed XBRL tag versus the comparison period.",92.61886099797893,56.681658688504996,82.96070722342637,0.0,0.0,0.058823529411764705,False,False,0.9705882352941176,True,0001413329-23-000201,10-Q,2023-10-26 00:00:00,https://www.sec.gov/Archives/edgar/data/1413329/000141332923000201/0001413329-23-000201-index.htm
234,92.59525651354896,HPQ,HP Inc.,Information Technology,47217,Q,2012,Q3,2012-07-31,EBITDA margin,ebitda_margin,-0.25369914725808085,0.12007438519991022,YoY delta + Trend,2,"EBITDA margin fell 3,738 bps year over year (12.0% to -25.4%), 14.7x its usual yearly move; 23.3 sigma below its rolling median of 12.7%.",92.59525651354896,71.03635759574986,74.43434985454572,0.0,0.0,0.06779661016949153,False,False,0.03389830508474576,False,0001047469-12-008732,10-Q,2012-09-10 00:00:00,https://www.sec.gov/Archives/edgar/data/47217/000104746912008732/0001047469-12-008732-index.htm
235,92.59369216386267,FE,FirstEnergy,Utilities,1031296,A,2016,FY,2016-12-31,Return on equity,roe,-0.6619869253027543,0.04653596876132201,YoY delta + Trend,2,"Return on equity fell 7,085 bps year over year (4.7% to -66.2%), 33.7x its usual yearly move; 15.8 sigma below its rolling median of 7.0%.",92.59369216386267,77.98624544227562,66.35599885191537,0.0,0.0,0.03571428571428571,False,False,0.03571428571428571,False,0001031296-17-000015,10-K,2017-02-21 00:00:00,https://www.sec.gov/Archives/edgar/data/1031296/000103129617000015/0001031296-17-000015-index.htm
236,92.59184214195044,FE,FirstEnergy,Utilities,1031296,Q,2016,Q4,2016-12-31,EBITDA margin,ebitda_margin,-2.479111111111111,0.19457780288054222,YoY delta + Trend,2,"EBITDA margin fell 26,737 bps year over year (19.5% to -247.9%), 22.4x its usual yearly move; 26.8 sigma below its rolling median of 23.9%.",95.15367176643129,78.89729180376906,77.03456737162155,0.0,0.0,0.11538461538461539,False,False,0.038461538461538464,False,0001031296-17-000015,10-K,2017-02-21 00:00:00,https://www.sec.gov/Archives/edgar/data/1031296/000103129617000015/0001031296-17-000015-index.htm
237,92.58811718849351,TRMB,Trimble Inc.,Information Technology,864749,Q,2024,Q2,2024-06-28,Accruals / assets,accruals,0.5196046302658703,-0.044532477289802606,YoY delta + Trend,2,"Accruals / assets rose 5,641 bps year over year (-4.5% to 52.0%), 11.1x its usual yearly move; 30.0 sigma above its rolling median of -2.4%.",92.58811718849351,64.83608575714352,78.92190624650893,0.0,0.0,0.0410958904109589,False,False,1.0,False,0000864749-25-000013,10-Q,2025-01-16 00:00:00,https://www.sec.gov/Archives/edgar/data/864749/000086474925000013/0000864749-25-000013-index.htm
238,92.57882059242569,EQIX,Equinix,Real Estate,1101239,Q,2015,Q1,2015-03-31,Days payables outstanding,dpo,98.47779848682424,10.905569080949483,Trend,1,Days payables outstanding of 98 days is 99.8 sigma above its rolling median of 10 days. An input changed XBRL tag versus the comparison period.,92.57882059242569,0.0,92.57882059242569,0.0,0.0,,False,False,,True,0001193125-15-166246,10-Q,2015-05-01 00:00:00,https://www.sec.gov/Archives/edgar/data/1101239/000119312515166246/0001193125-15-166246-index.htm
239,92.57499222940922,ORCL,Oracle Corporation,Information Technology,1341439,Q,2018,Q4,2018-05-31,Asset turnover,asset_turnover,1.1437532898916378,0.33468908066504593,YoY delta + Trend,2,"Asset turnover rose 242% year over year (0.33x to 1.14x), 13.8x its usual yearly move; 24.6 sigma above its rolling median of 0.30x.",92.57499222940922,69.76020496827874,75.44623644835553,0.0,0.0,0.029850746268656716,False,False,0.8507462686567164,False,0001564590-20-030125,10-K,2020-06-22 00:00:00,https://www.sec.gov/Archives/edgar/data/1341439/000156459020030125/0001564590-20-030125-index.htm
240,92.52088469648498,NRG,NRG Energy,Utilities,1013871,Q,2015,Q4,2015-12-31,Operating margin,operating_margin,-1.5699103287944205,0.10806297709923664,YoY delta + Trend,2,"Operating margin fell 16,780 bps year over year (10.8% to -157.0%), 12.6x its usual yearly move; 26.6 sigma below its rolling median of 6.0%.",92.52088469648498,67.6903992757452,76.85172476334427,0.0,0.0,0.07692307692307693,False,False,0.038461538461538464,False,0001013871-16-000022,10-K,2016-02-29 00:00:00,https://www.sec.gov/Archives/edgar/data/1013871/000101387116000022/0001013871-16-000022-index.htm
241,92.50506112437982,EBAY,eBay Inc.,Consumer Discretionary,1065088,Q,2016,Q4,2016-12-31,Accruals / assets,accruals,0.9589393221944125,-0.12468510367355978,YoY delta + Trend,2,"Accruals / assets rose 10,836 bps year over year (-12.5% to 95.9%), 8.9x its usual yearly move; 35.0 sigma above its rolling median of -7.2%.",92.50506112437982,59.68212767950501,81.41038094460593,0.0,0.0,0.047619047619047616,False,False,1.0,False,0001065088-17-000007,10-K,2017-02-06 00:00:00,https://www.sec.gov/Archives/edgar/data/1065088/000106508817000007/0001065088-17-000007-index.htm
242,92.47600791152931,DAL,Delta Air Lines,Industrials,27904,Q,2020,Q3,2020-09-30,EBITDA margin,ebitda_margin,-1.9075767472240366,0.21512738853503185,YoY delta + Trend,2,"EBITDA margin fell 21,227 bps year over year (21.5% to -190.8%), 4.3x its usual yearly move; 53.8 sigma below its rolling median of 17.5%.",92.47600791152931,41.847017795358845,87.06172615190455,0.0,0.0,0.08333333333333333,False,False,0.013888888888888888,False,0000027904-20-000013,10-Q,2020-10-14 00:00:00,https://www.sec.gov/Archives/edgar/data/27904/000002790420000013/0000027904-20-000013-index.htm
243,92.4414466034373,EQT,EQT Corporation,Energy,33213,Q,2016,Q2,2016-06-30,SG&A % of revenue,sga_pct,0.6061192964847762,0.15098782475402495,YoY delta + Trend,2,"SG&A % of revenue rose 4,551 bps year over year (15.1% to 60.6%), 5.4x its usual yearly move; 47.9 sigma above its rolling median of 10.2%.",92.4414466034373,47.15204579315666,85.69754778590098,0.0,0.0,0.07142857142857142,False,False,1.0,False,0000033213-16-000026,10-Q,2016-07-28 00:00:00,https://www.sec.gov/Archives/edgar/data/33213/000003321316000026/0000033213-16-000026-index.htm
244,92.43725048678802,ILMN,"Illumina, Inc.",Health Care,1110803,Q,2022,Q3,2022-10-02,Accruals / assets,accruals,-1.127621330137807,0.19850029488583706,YoY delta + Trend,2,"Accruals / assets fell 13,261 bps year over year (19.9% to -112.8%), 14.4x its usual yearly move; 23.2 sigma below its rolling median of -5.2%.",92.43725048678802,70.51868241236183,74.34731507256949,0.0,0.0,0.05,False,False,0.016666666666666666,False,0001110803-22-000047,10-Q,2022-11-04 00:00:00,https://www.sec.gov/Archives/edgar/data/1110803/000111080322000047/0001110803-22-000047-index.htm
245,92.4289523131723,INCY,Incyte,Health Care,879169,Q,2011,Q2,2011-06-30,EBITDA margin,ebitda_margin,-2.0502647076319076,0.3913776155034405,YoY delta,1,"EBITDA margin fell 24,416 bps year over year (39.1% to -205.0%).",92.4289523131723,92.4289523131723,0.0,0.0,0.0,0.08695652173913043,False,False,0.021739130434782608,False,0001104659-11-041507,10-Q,2011-07-28 00:00:00,https://www.sec.gov/Archives/edgar/data/879169/000110465911041507/0001104659-11-041507-index.htm
246,92.40926299046055,EXE,Expand Energy,Energy,895126,A,2010,FY,2010-12-31,Gross margin,gross_margin,0.29948750800768736,-1.16138665281745,YoY delta,1,"Gross margin rose 14,609 bps year over year (-116.1% to 29.9%).",92.40926299046055,92.40926299046055,0.0,0.0,0.0,,False,False,,False,0001193125-11-052349,10-K,2011-03-01 00:00:00,https://www.sec.gov/Archives/edgar/data/895126/000119312511052349/0001193125-11-052349-index.htm
247,92.40164900961621,ERIE,Erie Indemnity,Financials,922621,A,2016,FY,2016-12-31,Return on assets,roa,0.14231944445853886,0.018228573145961324,YoY delta + Trend,2,"Return on assets rose 1,241 bps year over year (1.8% to 14.2%), 24.8x its usual yearly move; 26.3 sigma above its rolling median of 1.1%.",92.40164900961621,67.40740071889667,76.68688242735766,0.0,0.0,0.05555555555555555,False,False,0.9305555555555556,False,0000922621-17-000008,10-K,2017-02-23 00:00:00,https://www.sec.gov/Archives/edgar/data/922621/000092262117000008/0000922621-17-000008-index.htm
248,92.37440769425466,GE,GE Aerospace,Industrials,40545,Q,2015,Q1,2015-03-31,Return on equity,roe,-0.4587042020285655,0.09143222993727182,YoY delta + Trend,2,"Return on equity fell 5,501 bps year over year (9.1% to -45.9%), 20.3x its usual yearly move; 37.6 sigma below its rolling median of 10.5%.",95.31805346296383,73.33818336540833,82.43950665026442,0.0,0.0,0.11764705882352941,False,False,0.014705882352941176,False,0000040545-15-000054,10-Q,2015-05-04 00:00:00,https://www.sec.gov/Archives/edgar/data/40545/000004054515000054/0000040545-15-000054-index.htm
249,92.36836446694988,IBKR,Interactive Brokers,Financials,1381197,Q,2015,Q1,2015-03-31,Net margin,net_margin,-0.5828877005347594,0.5449546850707216,YoY delta + Trend,2,"Net margin fell 11,278 bps year over year (54.5% to -58.3%), 6.6x its usual yearly move; 41.9 sigma below its rolling median of 3.6%. Reverses the prior year's flagged move.",92.36836446694988,52.4390742219766,83.9539802722333,0.0,0.0,0.08064516129032258,False,True,0.016129032258064516,False,0001381197-15-000020,10-Q,2015-05-11 00:00:00,https://www.sec.gov/Archives/edgar/data/1381197/000138119715000020/0001381197-15-000020-index.htm
250,92.34544402014156,SBAC,SBA Communications,Real Estate,1034054,Q,2012,Q4,2012-12-31,EBITDA margin,ebitda_margin,-0.34137169421557917,0.6061451754171223,YoY delta + Trend,2,"EBITDA margin fell 9,475 bps year over year (60.6% to -34.1%), 30.0x its usual yearly move; 30.9 sigma below its rolling median of 58.2%. An input changed XBRL tag versus the comparison period.",96.57039897531143,83.33567920151451,79.41949710305471,0.0,0.0,0.125,False,False,0.041666666666666664,True,0001193125-13-080059,10-K,2013-02-27 00:00:00,https://www.sec.gov/Archives/edgar/data/1034054/000119312513080059/0001193125-13-080059-index.htm
251,92.34054908149879,CCI,Crown Castle,Real Estate,1051470,Q,2024,Q4,2024-12-31,Return on equity,roe,-7.387952740654658,0.22252873563218392,YoY delta + Trend,2,"Return on equity fell 76,105 bps year over year (22.3% to -738.8%), 53.7x its usual yearly move; 458.8 sigma below its rolling median of 21.4%.",99.82762062864734,89.94202353712849,98.2861426253184,0.0,0.0,0.14285714285714285,False,False,0.03571428571428571,False,0001051470-26-000016,10-K,2026-02-23 00:00:00,https://www.sec.gov/Archives/edgar/data/1051470/000105147026000016/0001051470-26-000016-index.htm
252,92.31415844241533,MRNA,Moderna,Health Care,1682852,Q,2023,Q2,2023-06-30,Gross margin,gross_margin,-1.125,0.7092019372499474,YoY delta + Trend,2,"Gross margin fell 18,342 bps year over year (70.9% to -112.5%), 27.4x its usual yearly move; 10.7 sigma below its rolling median of 83.2%.",92.31415844241533,82.01415254952765,57.26728151815377,0.0,0.0,0.05555555555555555,False,False,0.018518518518518517,False,0001682852-23-000027,10-Q,2023-08-03 00:00:00,https://www.sec.gov/Archives/edgar/data/1682852/000168285223000027/0001682852-23-000027-index.htm
253,92.30209649046546,MRNA,Moderna,Health Care,1682852,Q,2019,Q2,2019-06-30,SG&A % of revenue,sga_pct,2.180157456240923,0.7412914630342102,YoY delta,1,"SG&A % of revenue rose 14,389 bps year over year (74.1% to 218.0%).",92.30209649046546,92.30209649046546,0.0,0.0,0.0,0.05555555555555555,False,False,1.0,False,0001682852-19-000031,10-Q,2019-08-08 00:00:00,https://www.sec.gov/Archives/edgar/data/1682852/000168285219000031/0001682852-19-000031-index.htm
254,92.30174785890763,BAX,Baxter International,Health Care,10456,Q,2022,Q3,2022-09-30,EBITDA margin,ebitda_margin,-0.6533262655711636,0.22287662740235586,YoY delta + Trend,2,"EBITDA margin fell 8,762 bps year over year (22.3% to -65.3%), 11.0x its usual yearly move; 31.6 sigma below its rolling median of 20.7%.",92.86212273749598,64.6980495745163,79.78050171032095,0.0,0.0,0.10344827586206896,False,False,0.017241379310344827,False,0001628280-22-027149,10-Q,2022-10-27 00:00:00,https://www.sec.gov/Archives/edgar/data/10456/000162828022027149/0001628280-22-027149-index.htm
255,92.29743011024632,ZBH,Zimmer Biomet,Health Care,1136869,Q,2015,Q2,2015-06-30,Trade working capital % of revenue,nwc_pct,0.7844081877355259,0.40696593118606816,YoY delta + Trend,2,"Trade working capital % of revenue rose 3,774 bps year over year (40.7% to 78.4%), 28.9x its usual yearly move; 13.8 sigma above its rolling median of 39.9%.",92.29743011024632,79.05505877868582,63.224676506060995,0.0,0.0,0.041666666666666664,False,False,1.0,False,0001193125-15-285070,10-Q,2015-08-10 00:00:00,https://www.sec.gov/Archives/edgar/data/1136869/000119312515285070/0001193125-15-285070-index.htm
256,92.27991955262968,IVZ,Invesco,Financials,914208,Q,2025,Q4,2025-12-31,Operating margin,operating_margin,-0.8617612293144208,0.19566854990583804,YoY delta + Trend,2,"Operating margin fell 10,574 bps year over year (19.6% to -86.2%), 6.0x its usual yearly move; 44.0 sigma below its rolling median of 14.6%. Reverses the prior year's flagged move.",92.27991955262968,49.79401510266342,84.6231869304891,0.0,0.0,0.07407407407407407,False,True,0.037037037037037035,False,0000914208-26-000079,10-K,2026-02-24 00:00:00,https://www.sec.gov/Archives/edgar/data/914208/000091420826000079/0000914208-26-000079-index.htm
257,92.27301478469941,ORCL,Oracle Corporation,Information Technology,1341439,Q,2016,Q2,2015-11-30,Gross margin,gross_margin,0.5974646947625931,0.9204000833506981,YoY delta + Trend,2,"Gross margin fell 3,229 bps year over year (92.0% to 59.7%), 10.1x its usual yearly move; 30.6 sigma below its rolling median of 91.8%.",92.27301478469941,62.73697632346693,79.26366555120225,0.0,0.0,0.03076923076923077,False,False,0.6461538461538462,False,0001193125-16-797253,10-Q,2016-12-19 00:00:00,https://www.sec.gov/Archives/edgar/data/1341439/000119312516797253/0001193125-16-797253-index.htm
258,92.27182487808942,ROP,Roper Technologies,Information Technology,882835,Q,2022,Q1,2022-03-31,Return on equity,roe,0.643581504795805,0.10882304488009226,YoY delta + Trend,2,"Return on equity rose 5,348 bps year over year (10.9% to 64.4%), 8.1x its usual yearly move; 36.0 sigma above its rolling median of 10.4%.",92.27182487808942,57.52353293036569,81.80598421888217,0.0,0.0,0.09433962264150944,False,False,0.8490566037735849,False,0000882835-22-000025,10-Q,2022-05-04 00:00:00,https://www.sec.gov/Archives/edgar/data/882835/000088283522000025/0000882835-22-000025-index.htm
259,92.25985654949253,HPQ,HP Inc.,Information Technology,47217,Q,2016,Q1,2016-01-31,Gross margin,gross_margin,0.1865915400947248,0.4755765863109654,YoY delta + Trend,2,"Gross margin fell 2,890 bps year over year (47.6% to 18.7%), 10.3x its usual yearly move; 30.1 sigma below its rolling median of 49.2%. An input changed XBRL tag versus the comparison period.",92.25985654949253,63.170751542321334,78.98370514021796,0.0,0.0,0.07017543859649122,False,False,0.10526315789473684,True,0001047469-16-010678,10-Q,2016-03-03 00:00:00,https://www.sec.gov/Archives/edgar/data/47217/000104746916010678/0001047469-16-010678-index.htm
260,92.25924693282023,EBAY,eBay Inc.,Consumer Discretionary,1065088,Q,2014,Q1,2014-03-31,Net margin,net_margin,-0.5457531675269827,0.18062966915688367,YoY delta + Trend,2,"Net margin fell 7,264 bps year over year (18.1% to -54.6%), 4.0x its usual yearly move; 54.0 sigma below its rolling median of 17.9%.",92.25924693282023,40.020249640192,87.09438932182219,0.0,0.0,0.1,False,False,0.025,False,0001065088-14-000060,10-Q,2014-05-01 00:00:00,https://www.sec.gov/Archives/edgar/data/1065088/000106508814000060/0001065088-14-000060-index.htm
261,92.25464761497572,CPRT,Copart,Industrials,900075,Q,2013,Q2,2013-01-31,Gross margin,gross_margin,0.3637207205514961,0.8525475638865487,YoY delta + Trend,2,"Gross margin fell 4,888 bps year over year (85.3% to 36.4%), 3.6x its usual yearly move; 56.2 sigma below its rolling median of 85.4%.",92.25464761497572,37.8040948624318,87.54684513732424,0.0,0.0,0.08771929824561403,False,False,0.5614035087719298,False,0001145443-14-001196,10-K,2014-09-29 00:00:00,https://www.sec.gov/Archives/edgar/data/900075/000114544314001196/0001145443-14-001196-index.htm
262,92.25022907590746,SHW,Sherwin-Williams,Materials,89800,Q,2017,Q2,2017-06-30,Debt / EBITDA,debt_to_ebitda,4.780535625731541,0.8617584351564449,YoY delta + Trend,2,"Debt / EBITDA rose 455% year over year (0.86x to 4.78x), 8.1x its usual yearly move; 49.6 sigma above its rolling median of 0.92x. An input changed XBRL tag versus the comparison period.",94.07955373180363,57.36541797489566,86.11351164481863,0.0,0.0,0.1111111111111111,False,False,0.8888888888888888,True,0000089800-17-000019,10-Q,2017-07-26 00:00:00,https://www.sec.gov/Archives/edgar/data/89800/000008980017000019/0000089800-17-000019-index.htm
263,92.2484172740757,HPQ,HP Inc.,Information Technology,47217,Q,2012,Q3,2012-07-31,Operating margin,operating_margin,-0.2977181569988877,0.08079771714386483,YoY delta + Trend,2,"Operating margin fell 3,785 bps year over year (8.1% to -29.8%), 14.5x its usual yearly move; 22.1 sigma below its rolling median of 8.7%.",92.2484172740757,70.79067053556199,73.46196277678426,0.0,0.0,0.06896551724137931,False,False,0.034482758620689655,False,0001047469-12-008732,10-Q,2012-09-10 00:00:00,https://www.sec.gov/Archives/edgar/data/47217/000104746912008732/0001047469-12-008732-index.htm
264,92.23779536184693,J,Jacobs Solutions,Industrials,52988,A,2013,FY,2013-09-27,Debt / EBITDA,debt_to_ebitda,0.5617864083977111,0.8065493775984293,Trend,1,Debt / EBITDA of 0.56x is 152.3 sigma above its rolling median of 0.00x.,95.00888792636594,0.0,95.00888792636594,0.0,0.0,0.11666666666666667,False,False,0.1,False,0000052988-13-000140,10-K,2013-11-22 00:00:00,https://www.sec.gov/Archives/edgar/data/52988/000005298813000140/0000052988-13-000140-index.htm
265,92.22973816747815,ILMN,"Illumina, Inc.",Health Care,1110803,Q,2022,Q3,2022-10-02,Return on assets,roa,-1.1431995206710606,0.10683292611003455,YoY delta + Trend,2,"Return on assets fell 12,500 bps year over year (10.7% to -114.3%), 16.6x its usual yearly move; 19.3 sigma below its rolling median of 9.0%.",92.22973816747815,73.44285689295614,70.74134894253397,0.0,0.0,0.03278688524590164,False,False,0.01639344262295082,False,0001110803-22-000047,10-Q,2022-11-04 00:00:00,https://www.sec.gov/Archives/edgar/data/1110803/000111080322000047/0001110803-22-000047-index.htm
266,92.21436950854245,MLM,Martin Marietta Materials,Materials,916076,Q,2024,Q1,2024-03-31,Operating margin,operating_margin,1.1358912869704236,0.1448194372646038,YoY delta + Trend,2,"Operating margin rose 9,911 bps year over year (14.5% to 113.6%), 25.5x its usual yearly move; 11.6 sigma above its rolling median of 22.4%.",92.21436950854245,80.96731108963745,59.0933759905119,0.0,0.0,0.05,False,False,1.0,False,0000950170-24-050478,10-Q,2024-04-30 00:00:00,https://www.sec.gov/Archives/edgar/data/916076/000095017024050478/0000950170-24-050478-index.htm
267,92.21149423335861,EQIX,Equinix,Real Estate,1101239,Q,2014,Q4,2014-12-31,Return on equity,roe,-0.5835937344321709,0.07359356359653588,YoY delta + Trend,2,"Return on equity fell 6,572 bps year over year (7.4% to -58.4%), 15.1x its usual yearly move; 43.3 sigma below its rolling median of 6.6%.",95.55595257342861,71.50945932690571,84.40167395360024,0.0,0.0,0.12,False,False,0.04,False,0001193125-15-073042,10-K,2015-03-02 00:00:00,https://www.sec.gov/Archives/edgar/data/1101239/000119312515073042/0001193125-15-073042-index.htm
268,92.202757731817,TRMB,Trimble Inc.,Information Technology,864749,Q,2024,Q2,2024-06-28,Return on equity,roe,1.0549661908339594,0.041602052119162826,YoY delta + Trend,2,"Return on equity rose 10,134 bps year over year (4.2% to 105.5%), 14.7x its usual yearly move; 21.7 sigma above its rolling median of 10.0%.",92.202757731817,71.06888397358493,73.0489405902494,0.0,0.0,0.07692307692307693,False,False,0.9230769230769231,False,0000864749-25-000013,10-Q,2025-01-16 00:00:00,https://www.sec.gov/Archives/edgar/data/864749/000086474925000013/0000864749-25-000013-index.htm
269,92.11081086586788,TSLA,"Tesla, Inc.",Consumer Discretionary,1318605,Q,2013,Q1,2013-03-31,Asset turnover,asset_turnover,1.9904338768308496,0.16366778158459405,YoY delta + Trend,2,"Asset turnover rose 1,116% year over year (0.16x to 1.99x); 14.9 sigma above its rolling median of 0.30x.",92.11081086586788,77.40437840576031,65.08531928971885,0.0,0.0,0.07894736842105263,False,False,0.7894736842105263,False,0001193125-13-212354,10-Q,2013-05-10 00:00:00,https://www.sec.gov/Archives/edgar/data/1318605/000119312513212354/0001193125-13-212354-index.htm
270,92.09234972720834,WMB,Williams Companies,Energy,107263,Q,2014,Q3,2014-09-30,Net margin,net_margin,0.8110198163363944,0.08687615526802218,YoY delta + Trend,2,"Net margin rose 7,241 bps year over year (8.7% to 81.1%), 3.3x its usual yearly move; 57.4 sigma above its rolling median of 8.0%.",92.09234972720834,35.37038231015703,87.76466493931558,0.0,0.0,0.06666666666666667,False,False,1.0,False,0000107263-14-000018,10-Q,2014-10-30 00:00:00,https://www.sec.gov/Archives/edgar/data/107263/000010726314000018/0000107263-14-000018-index.htm
271,92.05689410609676,BDX,Becton Dickinson,Health Care,10795,Q,2017,Q3,2017-06-30,Quick ratio,quick_ratio,4.766575007638252,0.7831239630244133,YoY delta + Trend,2,"Quick ratio rose 509% year over year (0.78x to 4.77x), 3.6x its usual yearly move; 54.7 sigma above its rolling median of 0.73x.",92.05689410609676,37.76631567999804,87.23664526583346,0.0,0.0,0.1,False,False,0.92,False,0000010795-17-000012,10-Q,2017-08-03 00:00:00,https://www.sec.gov/Archives/edgar/data/10795/000001079517000012/0000010795-17-000012-index.htm
272,92.05060590518266,OXY,Occidental Petroleum,Energy,797468,A,2019,FY,2019-12-31,Days payables outstanding,dpo,917.6657112146185,271.4715286236297,YoY delta + Trend,2,"Days payables outstanding rose 238% year over year (271 days to 918 days), 5.1x its usual yearly move; 46.5 sigma above its rolling median of 269 days. An input changed XBRL tag versus the comparison period.",92.05060590518266,45.79892532141609,85.33351203466391,0.0,0.0,0.08333333333333333,False,False,1.0,True,0000797468-20-000004,10-K,2020-02-28 00:00:00,https://www.sec.gov/Archives/edgar/data/797468/000079746820000004/0000797468-20-000004-index.htm
273,92.01721644170233,ERIE,Erie Indemnity,Financials,922621,Q,2016,Q1,2016-03-31,Return on assets,roa,0.13361378788319894,0.008727028614584208,YoY delta + Trend,2,"Return on assets rose 1,249 bps year over year (0.9% to 13.4%), 25.0x its usual yearly move; 24.5 sigma above its rolling median of 1.1%.",92.01721644170233,67.54770312522578,75.40148363272604,0.0,0.0,0.0684931506849315,False,False,0.9178082191780822,False,0000922621-16-000077,10-Q,2016-04-28 00:00:00,https://www.sec.gov/Archives/edgar/data/922621/000092262116000077/0000922621-16-000077-index.htm
274,91.9944217100281,DAL,Delta Air Lines,Industrials,27904,Q,2020,Q3,2020-09-30,Operating margin,operating_margin,-2.085564990202482,0.16488853503184714,YoY delta + Trend,2,"Operating margin fell 22,505 bps year over year (16.5% to -208.6%), 4.2x its usual yearly move; 50.9 sigma below its rolling median of 11.9%.",91.9944217100281,41.03182188131705,86.42390091506749,0.0,0.0,0.09230769230769231,False,False,0.015384615384615385,False,0000027904-20-000013,10-Q,2020-10-14 00:00:00,https://www.sec.gov/Archives/edgar/data/27904/000002790420000013/0000027904-20-000013-index.htm
275,91.99133460069123,BF.B,Brown–Forman,Consumer Staples,14693,Q,2016,Q4,2016-04-30,EBITDA margin,ebitda_margin,0.7952840300107181,0.2587117212249208,YoY delta + Trend,2,"EBITDA margin rose 5,366 bps year over year (25.9% to 79.5%), 14.7x its usual yearly move; 34.4 sigma above its rolling median of 26.0%.",94.5365493920147,71.06124189260778,81.12064592505894,0.0,0.0,0.11538461538461539,False,False,1.0,False,0000014693-16-000160,10-K,2016-06-16 00:00:00,https://www.sec.gov/Archives/edgar/data/14693/000001469316000160/0000014693-16-000160-index.htm
276,91.96112171537685,CNP,CenterPoint Energy,Utilities,1130310,Q,2023,Q4,2023-12-31,Days payables outstanding,dpo,83676.25,2022.4590163934427,YoY delta + Trend,2,"Days payables outstanding rose 4,037% year over year (2022 days to 83676 days), 3.3x its usual yearly move; 126.4 sigma above its rolling median of 1811 days.",96.1684932971261,35.614200272241035,94.0491432597334,0.0,0.0,0.125,False,False,1.0,False,0001130310-24-000010,10-K,2024-02-20 00:00:00,https://www.sec.gov/Archives/edgar/data/1130310/000113031024000010/0001130310-24-000010-index.htm
277,91.95547514422171,DHR,Danaher Corporation,Health Care,313616,Q,2019,Q4,2019-12-31,Quick ratio,quick_ratio,4.6843535208126355,0.8834865227718682,YoY delta + Trend,2,"Quick ratio rose 430% year over year (0.88x to 4.68x), 4.6x its usual yearly move; 48.4 sigma above its rolling median of 0.92x.",91.95547514422171,43.31444363671867,85.80851036510386,0.0,0.0,0.09259259259259259,False,False,0.9444444444444444,False,0000313616-20-000041,10-K,2020-02-21 00:00:00,https://www.sec.gov/Archives/edgar/data/313616/000031361620000041/0000313616-20-000041-index.htm
278,91.87009686254875,LEN,Lennar,Consumer Discretionary,920760,Q,2012,Q2,2012-05-31,Return on assets,roa,0.19878604969848843,0.0063820504426201985,YoY delta + Trend,2,"Return on assets rose 1,924 bps year over year (0.6% to 19.9%); 37.1 sigma above its rolling median of 1.3%.",93.19242176598503,61.58819980351263,82.27737778705435,0.0,0.0,0.10810810810810811,False,False,0.7837837837837838,False,0001445305-12-002152,10-Q,2012-07-10 00:00:00,https://www.sec.gov/Archives/edgar/data/920760/000144530512002152/0001445305-12-002152-index.htm
279,91.83960163945957,TDY,Teledyne Technologies,Information Technology,1094285,Q,2021,Q1,2021-04-04,Quick ratio,quick_ratio,5.624923359901901,0.8973143759873617,YoY delta + Trend,2,"Quick ratio rose 527% year over year (0.90x to 5.62x), 8.8x its usual yearly move; 31.7 sigma above its rolling median of 0.87x.",91.83960163945957,59.50036268864468,79.85068780294382,0.0,0.0,0.05714285714285714,False,False,1.0,False,0001094285-21-000111,10-Q,2021-04-30 00:00:00,https://www.sec.gov/Archives/edgar/data/1094285/000109428521000111/0001094285-21-000111-index.htm
280,91.83151878659024,ICE,Intercontinental Exchange,Financials,1571949,Q,2014,Q3,2014-09-30,Current ratio,current_ratio,1.0008310193161318,7.524454477050414e-06,YoY delta,1,"Current ratio rose 13,300,944% year over year (0.00x to 1.00x).",91.83151878659024,91.83151878659024,0.0,0.0,0.0,0.05,False,False,0.15,False,0001571949-14-000018,10-Q,2014-11-04 00:00:00,https://www.sec.gov/Archives/edgar/data/1571949/000157194914000018/0001571949-14-000018-index.htm
281,91.81502626726599,STZ,Constellation Brands,Consumer Staples,16918,Q,2013,Q2,2013-08-31,EBITDA margin,ebitda_margin,1.0637823095518502,0.19844553090134134,YoY delta + Trend,2,"EBITDA margin rose 8,653 bps year over year (19.8% to 106.4%), 14.1x its usual yearly move; 21.2 sigma above its rolling median of 18.4%.",91.81502626726599,70.17413455840727,72.557464430454,0.0,0.0,0.037037037037037035,False,False,1.0,False,0000016918-13-000021,10-Q,2013-10-10 00:00:00,https://www.sec.gov/Archives/edgar/data/16918/000001691813000021/0000016918-13-000021-index.htm
282,91.80968292335238,SBUX,Starbucks,Consumer Discretionary,829224,Q,2014,Q2,2014-03-30,Debt / EBITDA,debt_to_ebitda,3.1063248900348857,0.19652435099763998,Trend,1,Debt / EBITDA of 3.11x is 89.7 sigma above its rolling median of 0.23x.,91.80968292335238,0.0,91.80968292335238,0.0,0.0,0.08695652173913043,False,False,0.6956521739130435,False,0000829224-14-000021,10-Q,2014-04-29 00:00:00,https://www.sec.gov/Archives/edgar/data/829224/000082922414000021/0000829224-14-000021-index.htm
283,91.79912365054184,COHR,Coherent Corp.,Information Technology,820318,Q,2020,Q1,2019-09-30,Days inventory outstanding,dio,312.6558494308898,126.9667460084188,YoY delta + Trend,2,"Days inventory outstanding rose 146% year over year (127 days to 313 days), 7.7x its usual yearly move; 34.6 sigma above its rolling median of 125 days.",91.79912365054184,56.35885651207992,81.20838343356387,0.0,0.0,0.08333333333333333,False,False,1.0,False,0001564590-19-042658,10-Q,2019-11-12 00:00:00,https://www.sec.gov/Archives/edgar/data/820318/000156459019042658/0001564590-19-042658-index.htm
284,91.77274810995975,IFF,International Flavors & Fragrances,Materials,51253,Q,2023,Q4,2023-12-31,Operating margin,operating_margin,-0.9382167961524233,0.03691983122362869,YoY delta + Trend,2,"Operating margin fell 9,751 bps year over year (3.7% to -93.8%), 6.5x its usual yearly move; 44.3 sigma below its rolling median of 5.1%.",92.6258812265198,51.8364833244822,84.68940957289239,0.0,0.0,0.10526315789473684,False,False,0.05263157894736842,False,0000051253-24-000006,10-K,2024-02-28 00:00:00,https://www.sec.gov/Archives/edgar/data/51253/000005125324000006/0000051253-24-000006-index.htm
285,91.73654772512505,FIS,Fidelity National Information Services,Financials,1136893,Q,2023,Q2,2023-06-30,Return on assets,roa,-0.4602449150472735,0.013779552040194506,YoY delta + Trend,2,"Return on assets fell 4,740 bps year over year (1.4% to -46.0%), 3.4x its usual yearly move; 53.9 sigma below its rolling median of 0.7%.",91.73654772512505,36.07883177097588,87.07243233529822,0.0,0.0,0.06666666666666667,False,False,0.013333333333333334,False,0001136893-23-000127,10-Q,2023-08-02 00:00:00,https://www.sec.gov/Archives/edgar/data/1136893/000113689323000127/0001136893-23-000127-index.htm
286,91.72018251610187,WTW,Willis Towers Watson,Financials,1140536,Q,2012,Q4,2012-12-31,Net margin,net_margin,-0.9242250287026407,0.030525030525030524,YoY delta + Trend,2,"Net margin fell 9,548 bps year over year (3.1% to -92.4%), 10.3x its usual yearly move; 27.5 sigma below its rolling median of 9.8%.",91.72018251610187,63.258607846181896,77.46460599741403,0.0,0.0,0.08928571428571429,False,False,0.017857142857142856,False,0001445305-13-000389,10-K,2013-02-28 00:00:00,https://www.sec.gov/Archives/edgar/data/1140536/000144530513000389/0001445305-13-000389-index.htm
287,91.71812136435676,PLTR,Palantir Technologies,Information Technology,1321655,Q,2020,Q3,2020-09-30,Net margin,net_margin,-2.9489262733009407,-0.7340152513107415,YoY delta,1,"Net margin fell 22,149 bps year over year (-73.4% to -294.9%). An input changed XBRL tag versus the comparison period.",91.71812136435676,91.71812136435676,0.0,0.0,0.0,0.08450704225352113,False,False,0.014084507042253521,True,0001193125-20-292177,10-Q,2020-11-13 00:00:00,https://www.sec.gov/Archives/edgar/data/1321655/000119312520292177/0001193125-20-292177-index.htm
288,91.70642684801028,WTW,Willis Towers Watson,Financials,1140536,Q,2012,Q4,2012-12-31,Operating margin,operating_margin,-0.8897818599311137,0.0989010989010989,YoY delta + Trend,2,"Operating margin fell 9,887 bps year over year (9.9% to -89.0%), 18.1x its usual yearly move; 16.0 sigma below its rolling median of 21.0%.",91.70642684801028,75.11834064866326,66.66792582085503,0.0,0.0,0.08333333333333333,False,False,0.041666666666666664,False,0001445305-13-000389,10-K,2013-02-28 00:00:00,https://www.sec.gov/Archives/edgar/data/1140536/000144530513000389/0001445305-13-000389-index.htm
289,91.70187522525673,APD,Air Products,Materials,2969,Q,2026,Q3,2026-06-30,Operating margin,operating_margin,-0.6634292945270484,0.2615542395871241,YoY delta + Trend,2,"Operating margin fell 9,250 bps year over year (26.2% to -66.3%), 4.3x its usual yearly move; 48.1 sigma below its rolling median of 22.7%.",91.70187522525673,41.81858545171183,85.73749909800463,0.0,0.0,0.06666666666666667,False,False,0.06666666666666667,False,0000002969-26-000036,10-Q,2026-07-30 00:00:00,https://www.sec.gov/Archives/edgar/data/2969/000000296926000036/0000002969-26-000036-index.htm
290,91.68388742293665,MRNA,Moderna,Health Care,1682852,Q,2021,Q3,2021-09-30,Operating margin,operating_margin,0.7160394445562488,-1.4889304033943385,YoY delta,1,"Operating margin rose 22,050 bps year over year (-148.9% to 71.6%).",91.68388742293665,91.68388742293665,0.0,0.0,0.0,0.08,False,False,1.0,False,0001682852-21-000027,10-Q,2021-11-04 00:00:00,https://www.sec.gov/Archives/edgar/data/1682852/000168285221000027/0001682852-21-000027-index.htm
291,91.65131639291624,GDDY,GoDaddy,Information Technology,1609711,Q,2023,Q4,2023-12-31,Return on assets,roa,0.6336132422266623,0.05330903291946691,YoY delta + Trend,2,"Return on assets rose 5,803 bps year over year (5.3% to 63.4%), 4.9x its usual yearly move; 52.4 sigma above its rolling median of 4.8%.",92.73320377023566,45.15386941374742,86.75057629027016,0.0,0.0,0.10666666666666667,False,False,0.9866666666666667,False,0001609711-24-000022,10-K,2024-02-29 00:00:00,https://www.sec.gov/Archives/edgar/data/1609711/000160971124000022/0001609711-24-000022-index.htm
292,91.64885135285442,EFX,Equifax,Industrials,33185,Q,2019,Q1,2019-03-31,EBITDA margin,ebitda_margin,-0.6366859709254226,0.2578260367332794,YoY delta + Trend,2,"EBITDA margin fell 8,945 bps year over year (25.8% to -63.7%), 18.6x its usual yearly move; 16.5 sigma below its rolling median of 31.8%.",92.06194984575203,75.65137421110472,67.39836480682082,0.0,0.0,0.10256410256410256,False,False,0.01282051282051282,False,0000033185-19-000017,10-Q,2019-05-10 00:00:00,https://www.sec.gov/Archives/edgar/data/33185/000003318519000017/0000033185-19-000017-index.htm
293,91.64537991672907,EFX,Equifax,Industrials,33185,Q,2019,Q1,2019-03-31,Net margin,net_margin,-0.6570145372887366,0.10500173270185977,YoY delta + Trend,2,"Net margin fell 7,620 bps year over year (10.5% to -65.7%), 16.4x its usual yearly move; 17.6 sigma below its rolling median of 15.7%.",91.64537991672907,73.25539148814268,68.76147923583598,0.0,0.0,0.09523809523809523,False,False,0.011904761904761904,False,0000033185-19-000017,10-Q,2019-05-10 00:00:00,https://www.sec.gov/Archives/edgar/data/33185/000003318519000017/0000033185-19-000017-index.htm
294,91.63692728800787,MRNA,Moderna,Health Care,1682852,Q,2021,Q1,2021-03-31,Accruals / assets,accruals,-0.6989254021941266,-0.039462253241282455,YoY delta + Trend,2,"Accruals / assets fell 6,595 bps year over year (-3.9% to -69.9%); 14.3 sigma below its rolling median of -6.1%.",91.63692728800787,76.72965964350226,64.06123596014821,0.0,0.0,0.07407407407407407,False,False,0.018518518518518517,False,0001682852-21-000017,10-Q,2021-05-06 00:00:00,https://www.sec.gov/Archives/edgar/data/1682852/000168285221000017/0001682852-21-000017-index.htm
295,91.63482489936614,PG,Procter & Gamble,Consumer Staples,80424,Q,2019,Q4,2019-06-30,Operating margin,operating_margin,-0.30373230373230375,0.16221293098224565,YoY delta + Trend,2,"Operating margin fell 4,659 bps year over year (16.2% to -30.4%), 12.3x its usual yearly move; 23.3 sigma below its rolling median of 21.4%.",91.63482489936614,67.22663833497941,74.47568795006427,0.0,0.0,0.04,False,False,0.04,False,0000080424-19-000050,10-K,2019-08-06 00:00:00,https://www.sec.gov/Archives/edgar/data/80424/000008042419000050/0000080424-19-000050-index.htm
296,91.63022644046337,BDX,Becton Dickinson,Health Care,10795,Q,2017,Q4,2017-09-30,Quick ratio,quick_ratio,4.764512268102933,0.7179545454545454,YoY delta + Trend,2,"Quick ratio rose 564% year over year (0.72x to 4.76x), 3.2x its usual yearly move; 54.7 sigma above its rolling median of 0.73x.",91.63022644046337,34.452653885430195,87.23094975514775,0.0,0.0,0.09090909090909091,False,False,0.9272727272727272,False,0000010795-17-000021,10-K,2017-11-22 00:00:00,https://www.sec.gov/Archives/edgar/data/10795/000001079517000021/0000010795-17-000021-index.htm
297,91.62960126147046,MAS,Masco,Industrials,62996,Q,2010,Q4,2010-12-31,Net margin,net_margin,-0.5959654178674352,-0.09747102212855638,YoY delta + Trend,2,"Net margin fell 4,985 bps year over year (-9.7% to -59.6%); 19.4 sigma below its rolling median of -0.1%. Reverses the prior year's flagged move.",91.62960126147046,71.36698573101124,70.76661695518665,0.0,0.0,0.08333333333333333,False,True,0.013888888888888888,False,0000950123-11-015716,10-K,2011-02-18 00:00:00,https://www.sec.gov/Archives/edgar/data/62996/000095012311015716/0000950123-11-015716-index.htm
298,91.61782339424772,WTW,Willis Towers Watson,Financials,1140536,Q,2012,Q4,2012-12-31,Return on assets,roa,-0.20052934765685818,0.006183718269795628,YoY delta + Trend,2,"Return on assets fell 2,067 bps year over year (0.6% to -20.1%); 27.1 sigma below its rolling median of 1.9%.",91.61782339424772,63.27052312412272,77.17861151663334,0.0,0.0,0.05970149253731343,False,False,0.014925373134328358,False,0001445305-13-000389,10-K,2013-02-28 00:00:00,https://www.sec.gov/Archives/edgar/data/1140536/000144530513000389/0001445305-13-000389-index.htm
299,91.60385884178245,CCI,Crown Castle,Real Estate,1051470,A,2020,FY,2020-12-31,Gross margin,gross_margin,0.6700342465753425,0.9090751344785701,YoY delta + Trend,2,"Gross margin fell 2,390 bps year over year (90.9% to 67.0%), 17.1x its usual yearly move; 16.7 sigma below its rolling median of 90.3%. An input changed XBRL tag versus the comparison period.",91.60385884178245,74.07279807608323,67.61647792594054,0.0,0.0,0.07692307692307693,False,False,0.6923076923076923,True,0001051470-21-000031,10-K,2021-02-22 00:00:00,https://www.sec.gov/Archives/edgar/data/1051470/000105147021000031/0001051470-21-000031-index.htm
300,91.55792286560893,EMR,Emerson Electric,Industrials,32604,Q,2023,Q1,2022-12-31,Net margin,net_margin,0.6910761932997331,0.20031298904538342,YoY delta + Trend,2,"Net margin rose 4,908 bps year over year (20.0% to 69.1%), 13.1x its usual yearly move; 21.8 sigma above its rolling median of 13.4%.",91.55792286560893,68.52644040142471,73.17724069960865,0.0,0.0,0.06172839506172839,False,False,0.9876543209876543,False,0000032604-23-000010,10-Q,2023-02-08 00:00:00,https://www.sec.gov/Archives/edgar/data/32604/000003260423000010/0000032604-23-000010-index.htm
301,91.5441593618615,MRNA,Moderna,Health Care,1682852,Q,2021,Q3,2021-09-30,EBITDA margin,ebitda_margin,0.7301267860736567,-1.4351022734469001,YoY delta,1,"EBITDA margin rose 21,652 bps year over year (-143.5% to 73.0%).",91.5441593618615,91.5441593618615,0.0,0.0,0.0,0.08771929824561403,False,False,1.0,False,0001682852-21-000027,10-Q,2021-11-04 00:00:00,https://www.sec.gov/Archives/edgar/data/1682852/000168285221000027/0001682852-21-000027-index.htm
302,91.52141484264553,EFX,Equifax,Industrials,33185,A,2019,FY,2019-12-31,SG&A % of revenue,sga_pct,0.5673965104344851,0.35558746812813224,YoY delta + Trend,2,"SG&A % of revenue rose 2,118 bps year over year (35.6% to 56.7%), 10.0x its usual yearly move; 27.5 sigma above its rolling median of 31.0%.",91.52141484264553,62.38470210739529,77.45974209333222,0.0,0.0,0.06557377049180328,False,False,1.0,False,0000033185-20-000011,10-K,2020-02-20 00:00:00,https://www.sec.gov/Archives/edgar/data/33185/000003318520000011/0000033185-20-000011-index.htm
303,91.45748854427099,LEN,Lennar,Consumer Discretionary,920760,Q,2012,Q2,2012-05-31,Net margin,net_margin,0.486696303304288,0.01803155816992438,YoY delta + Trend,2,"Net margin rose 4,687 bps year over year (1.8% to 48.7%); 27.6 sigma above its rolling median of 3.2%.",93.27109313296758,70.089644854865,77.50308602361449,0.0,0.0,0.1111111111111111,False,False,0.9722222222222222,False,0001445305-12-002152,10-Q,2012-07-10 00:00:00,https://www.sec.gov/Archives/edgar/data/920760/000144530512002152/0001445305-12-002152-index.htm
304,91.4351926549735,CCI,Crown Castle,Real Estate,1051470,Q,2024,Q4,2024-12-31,Return on assets,roa,-0.5389169103830233,0.0376039157796597,YoY delta + Trend,2,"Return on assets fell 5,765 bps year over year (3.8% to -53.9%), 13.3x its usual yearly move; 112.2 sigma below its rolling median of 4.0%.",97.93612509673986,68.98170710510671,93.34626534653708,0.0,0.0,0.13793103448275862,False,False,0.034482758620689655,False,0001051470-26-000016,10-K,2026-02-23 00:00:00,https://www.sec.gov/Archives/edgar/data/1051470/000105147026000016/0001051470-26-000016-index.htm
305,91.43125136660055,DAL,Delta Air Lines,Industrials,27904,Q,2020,Q2,2020-06-30,Days sales outstanding,dso,85.46917574931881,20.7015794511806,YoY delta + Trend,2,"Days sales outstanding rose 313% year over year (21 days to 85 days), 15.3x its usual yearly move; 26.6 sigma above its rolling median of 21 days.",93.50549293523427,71.88164545932709,76.90296188786049,0.0,0.0,0.11267605633802817,False,False,0.9014084507042254,False,0000027904-20-000010,10-Q,2020-07-15 00:00:00,https://www.sec.gov/Archives/edgar/data/27904/000002790420000010/0000027904-20-000010-index.htm
306,91.4272618325181,ECL,Ecolab,Materials,31462,Q,2012,Q1,2012-03-31,Debt / EBITDA,debt_to_ebitda,5.268036029968853,1.0280753282653767,YoY delta + Trend,2,Debt / EBITDA rose 412% year over year (1.03x to 5.27x); 38.5 sigma above its rolling median of 0.95x. An input changed XBRL tag versus the comparison period.,91.4272618325181,50.18595490839846,82.79051991919597,0.0,0.0,0.058823529411764705,False,False,0.9411764705882353,True,0001104659-12-032271,10-Q,2012-05-03 00:00:00,https://www.sec.gov/Archives/edgar/data/31462/000110465912032271/0001104659-12-032271-index.htm
307,91.41135381763168,ABBV,AbbVie,Health Care,1551152,Q,2014,Q4,2014-12-31,SG&A % of revenue,sga_pct,0.6128026412325752,0.28331050675014674,YoY delta + Trend,2,"SG&A % of revenue rose 3,295 bps year over year (28.3% to 61.3%); 16.9 sigma above its rolling median of 28.6%.",91.41135381763168,73.30320359483598,67.82892579310753,0.0,0.0,0.0784313725490196,False,False,1.0,False,0001047469-15-000995,10-K,2015-02-20 00:00:00,https://www.sec.gov/Archives/edgar/data/1551152/000104746915000995/0001047469-15-000995-index.htm
308,91.36385425668072,CTAS,Cintas,Industrials,723254,Q,2016,Q2,2015-11-30,Return on assets,roa,0.32200646135683364,0.10409688258097367,YoY delta + Trend,2,"Return on assets rose 2,179 bps year over year (10.4% to 32.2%), 18.7x its usual yearly move; 14.5 sigma above its rolling median of 8.2%.",91.36385425668072,75.71908648639615,64.43236891198218,0.0,0.0,0.1,False,False,1.0,False,0000723254-16-000037,10-Q,2016-01-08 00:00:00,https://www.sec.gov/Archives/edgar/data/723254/000072325416000037/0000723254-16-000037-index.htm
309,91.36369462832998,HWM,Howmet Aerospace,Industrials,4281,Q,2014,Q3,2014-09-30,Debt / EBITDA,debt_to_ebitda,78.03508771929825,3.3434221146085554,YoY delta + Trend,2,Debt / EBITDA rose 648% year over year (3.34x to 78.04x); 33.3 sigma above its rolling median of 3.72x. An input changed XBRL tag versus the comparison period.,91.36369462832998,55.36665220421421,80.65055435414718,0.0,0.0,0.09259259259259259,False,False,1.0,True,0001193125-14-380409,10-Q,2014-10-23 00:00:00,https://www.sec.gov/Archives/edgar/data/4281/000119312514380409/0001193125-14-380409-index.htm
310,91.34756673781698,VRT,Vertiv,Industrials,1674101,Q,2021,Q1,2021-03-31,Return on equity,roe,0.18153185397279886,-6.385277397753216,YoY delta,1,"Return on equity rose 65,668 bps year over year (-638.5% to 18.2%).",94.25849071580508,94.25849071580508,0.0,0.0,0.0,0.11764705882352941,False,False,0.4264705882352941,False,0001628280-21-008627,10-Q,2021-05-03 00:00:00,https://www.sec.gov/Archives/edgar/data/1674101/000162828021008627/0001628280-21-008627-index.htm
311,91.34483189732605,CPT,Camden Property Trust,Real Estate,906345,Q,2016,Q3,2016-09-30,EBITDA margin,ebitda_margin,1.7696051944513815,0.5591742412571252,YoY delta + Trend,2,"EBITDA margin rose 12,104 bps year over year (55.9% to 177.0%), 4.8x its usual yearly move; 43.4 sigma above its rolling median of 58.5%.",91.34483189732605,44.42758586864757,84.42542358837179,0.0,0.0,0.08,False,False,1.0,False,0000906345-16-000082,10-Q,2016-10-28 00:00:00,https://www.sec.gov/Archives/edgar/data/906345/000090634516000082/0000906345-16-000082-index.htm
312,91.3189542105102,ES,Eversource Energy,Utilities,72741,Q,2023,Q4,2023-12-31,Return on assets,roa,-0.09197631846588394,0.02457594212361738,YoY delta + Trend,2,"Return on assets fell 1,166 bps year over year (2.5% to -9.2%), 16.3x its usual yearly move; 23.3 sigma below its rolling median of 2.5%.",91.3189542105102,66.01572826104731,74.45569569307672,0.0,0.0,0.03333333333333333,False,False,0.03333333333333333,False,0000072741-24-000005,10-K,2024-02-14 00:00:00,https://www.sec.gov/Archives/edgar/data/72741/000007274124000005/0000072741-24-000005-index.htm
313,91.30770608288348,MRNA,Moderna,Health Care,1682852,Q,2023,Q3,2023-09-30,EBITDA margin,ebitda_margin,-0.9645002730748226,0.3802021403091558,YoY delta + Trend,2,"EBITDA margin fell 13,447 bps year over year (38.0% to -96.5%); 7.1 sigma below its rolling median of 59.6%. An input changed XBRL tag versus the comparison period.",93.11834048112763,87.05252233264399,46.8494196655551,0.0,0.0,0.1111111111111111,False,False,0.015873015873015872,True,0001682852-23-000042,10-Q,2023-11-03 00:00:00,https://www.sec.gov/Archives/edgar/data/1682852/000168285223000042/0001682852-23-000042-index.htm
314,91.24606446432183,MMM,3M,Industrials,66740,A,2023,FY,2023-12-31,Return on equity,roe,-0.7163705258845819,0.38813490997043804,YoY delta + Trend,2,"Return on equity fell 11,045 bps year over year (38.8% to -71.6%), 26.9x its usual yearly move; 34.7 sigma below its rolling median of 45.2%.",96.58357798451893,81.74746396855686,81.28248036549164,0.0,0.0,0.13157894736842105,False,False,0.02631578947368421,False,0000066740-24-000016,10-K,2024-02-07 00:00:00,https://www.sec.gov/Archives/edgar/data/66740/000006674024000016/0000066740-24-000016-index.htm
315,91.21443818811997,ILMN,"Illumina, Inc.",Health Care,1110803,Q,2022,Q3,2022-10-02,Return on equity,roe,-1.777467248908297,0.1607810815951309,YoY delta + Trend,2,"Return on equity fell 19,382 bps year over year (16.1% to -177.7%), 13.4x its usual yearly move; 20.2 sigma below its rolling median of 14.8%.",91.21443818811997,69.01442043040966,71.64628858353743,0.0,0.0,0.05454545454545454,False,False,0.01818181818181818,False,0001110803-22-000047,10-Q,2022-11-04 00:00:00,https://www.sec.gov/Archives/edgar/data/1110803/000111080322000047/0001110803-22-000047-index.htm
316,91.18971423352114,LEN,Lennar,Consumer Discretionary,920760,Q,2012,Q2,2012-05-31,Return on equity,roe,0.6138164738870413,0.020838128105737062,YoY delta + Trend,2,"Return on equity rose 5,930 bps year over year (2.1% to 61.4%); 38.0 sigma above its rolling median of 4.3%.",92.99800885004989,59.71714774049093,82.61793602686801,0.0,0.0,0.1111111111111111,False,False,0.9722222222222222,False,0001445305-12-002152,10-Q,2012-07-10 00:00:00,https://www.sec.gov/Archives/edgar/data/920760/000144530512002152/0001445305-12-002152-index.htm
317,91.18272526445419,GEN,Gen Digital,Information Technology,849399,Q,2020,Q3,2020-01-03,Net margin,net_margin,4.6035598705501615,0.053674649050371594,YoY delta + Trend,2,"Net margin rose 45,499 bps year over year (5.4% to 460.4%), 4.8x its usual yearly move; 60.5 sigma above its rolling median of 0.7%.",93.52074386097865,44.495040211616185,88.32670780462875,0.0,0.0,0.11428571428571428,False,False,1.0,False,0000849399-20-000002,10-Q,2020-02-07 00:00:00,https://www.sec.gov/Archives/edgar/data/849399/000084939920000002/0000849399-20-000002-index.htm
318,91.17574380618585,ABNB,Airbnb,Consumer Discretionary,1559720,Q,2021,Q4,2021-12-31,Return on assets,roa,0.01597656208061149,-1.4822861823653608,YoY delta,1,"Return on assets rose 14,983 bps year over year (-148.2% to 1.6%).",92.5846405095927,92.5846405095927,0.0,0.0,0.0,0.10869565217391304,False,False,0.21739130434782608,False,0001559720-22-000006,10-K,2022-02-25 00:00:00,https://www.sec.gov/Archives/edgar/data/1559720/000155972022000006/0001559720-22-000006-index.htm
319,91.1599420842731,IBKR,Interactive Brokers,Financials,1381197,Q,2014,Q2,2014-06-30,Net margin,net_margin,0.5004280275556358,0.03488051625046214,YoY delta + Trend,2,"Net margin rose 4,655 bps year over year (3.5% to 50.0%), 3.3x its usual yearly move; 50.6 sigma above its rolling median of 3.5%. An input changed XBRL tag versus the comparison period.",91.1599420842731,35.24942413685276,86.34752232256483,0.0,0.0,0.09836065573770492,False,False,0.9836065573770492,True,0001381197-14-000051,10-Q,2014-08-11 00:00:00,https://www.sec.gov/Archives/edgar/data/1381197/000138119714000051/0001381197-14-000051-index.htm
320,91.15257379285349,ARES,Ares Management,Financials,1176948,Q,2014,Q3,2014-09-30,Net margin,net_margin,0.07976090568105915,2.989446337496412,YoY delta,1,"Net margin fell 29,097 bps year over year (298.9% to 8.0%). An input changed XBRL tag versus the comparison period.",93.56848130187737,93.56848130187737,0.0,0.0,0.0,0.11475409836065574,False,False,0.14754098360655737,True,0001047469-14-009068,10-Q,2014-11-12 00:00:00,https://www.sec.gov/Archives/edgar/data/1176948/000104746914009068/0001047469-14-009068-index.htm
321,91.14964562624436,STX,Seagate Technology,Information Technology,1137789,A,2023,FY,2023-06-30,Cash conversion (CFO / EBITDA),cash_conversion,5.508771929824562,0.6886949293433084,YoY delta + Trend,2,"Cash conversion (CFO / EBITDA) rose 626% year over year (0.69x to 5.51x), 10.7x its usual yearly move; 34.3 sigma above its rolling median of 0.93x.",93.21749858787685,64.13742126325766,81.08752451430863,0.0,0.0,0.11267605633802817,False,False,0.971830985915493,False,0001137789-23-000049,10-K,2023-08-04 00:00:00,https://www.sec.gov/Archives/edgar/data/1137789/000113778923000049/0001137789-23-000049-index.htm
322,91.11858277685717,EQIX,Equinix,Real Estate,1101239,Q,2015,Q2,2015-06-30,Days payables outstanding,dpo,91.1913354256596,6.549171273548021,Trend,1,Days payables outstanding of 91 days is 82.1 sigma above its rolling median of 10 days. An input changed XBRL tag versus the comparison period.,91.11858277685717,0.0,91.11858277685717,0.0,0.0,,False,False,,True,0001193125-15-272652,10-Q,2015-07-31 00:00:00,https://www.sec.gov/Archives/edgar/data/1101239/000119312515272652/0001193125-15-272652-index.htm
323,91.11385573971202,VTRS,Viatris,Health Care,1792044,Q,2025,Q1,2025-03-31,Net margin,net_margin,-0.9347632363334665,0.031091335917453732,YoY delta + Trend,2,"Net margin fell 9,659 bps year over year (3.1% to -93.5%), 6.7x its usual yearly move; 34.7 sigma below its rolling median of 6.7%.",91.11385573971202,52.622183577232455,81.24408229160659,0.0,0.0,0.06779661016949153,False,False,0.01694915254237288,False,0001792044-25-000018,10-Q,2025-05-08 00:00:00,https://www.sec.gov/Archives/edgar/data/1792044/000179204425000018/0001792044-25-000018-index.htm
324,91.10620296862884,TECH,Bio-Techne,Health Care,842023,A,2015,FY,2015-06-30,EBITDA margin,ebitda_margin,0.08263870106092702,0.5001215888730808,YoY delta + Trend,2,"EBITDA margin fell 4,175 bps year over year (50.0% to 8.3%), 19.4x its usual yearly move; 13.2 sigma below its rolling median of 58.0%.",91.10620296862884,76.40002649900708,62.314377043698876,0.0,0.0,0.1,False,False,0.26,False,0001437749-15-016645,10-K,2015-08-31 00:00:00,https://www.sec.gov/Archives/edgar/data/842023/000143774915016645/0001437749-15-016645-index.htm
325,91.0785221986838,SNPS,Synopsys,Information Technology,883241,Q,2025,Q4,2025-10-31,Interest coverage,interest_coverage,0.6233209415050937,19.730954799390553,YoY delta + Trend + Benford,3,"Interest coverage fell 97% year over year (19.73x to 0.62x), 4.8x its usual yearly move; 19.8 sigma below its rolling median of 50.00x; the filing's leading digits also depart from Benford's Law.",91.0785221986838,44.638919731929164,71.17186888819367,44.09949199398369,0.0,0.08196721311475409,False,False,0.04918032786885246,False,0000883241-25-000028,10-K,2025-12-22 00:00:00,https://www.sec.gov/Archives/edgar/data/883241/000088324125000028/0000883241-25-000028-index.htm
326,91.06821419314501,COIN,Coinbase,Financials,1679788,Q,2022,Q1,2022-03-31,Operating margin,operating_margin,-0.47534798308694176,0.5483906608806115,YoY delta + Trend,2,"Operating margin fell 10,237 bps year over year (54.8% to -47.5%); 6.6 sigma below its rolling median of 34.6%. Reverses the prior year's flagged move.",91.06821419314501,83.65664098409376,45.34914274255319,0.0,0.0,0.07407407407407407,False,True,0.037037037037037035,False,0001679788-22-000048,10-Q,2022-05-10 00:00:00,https://www.sec.gov/Archives/edgar/data/1679788/000167978822000048/0001679788-22-000048-index.htm
327,91.05131370999943,NCLH,Norwegian Cruise Line Holdings,Consumer Discretionary,1513761,Q,2022,Q3,2022-09-30,SG&A % of revenue,sga_pct,0.2323049687095716,1.4968676713635265,YoY delta,1,"SG&A % of revenue fell 12,646 bps year over year (149.7% to 23.2%), 61.0x its usual yearly move.",91.05131370999943,91.05131370999943,0.0,0.0,0.0,0.047619047619047616,False,False,0.7142857142857143,False,0001558370-22-016836,10-Q,2022-11-08 00:00:00,https://www.sec.gov/Archives/edgar/data/1513761/000155837022016836/0001558370-22-016836-index.htm
328,91.0252970998308,LNT,Alliant Energy,Utilities,352541,Q,2014,Q4,2014-12-31,Days sales outstanding,dso,48.49039298594702,8.964989190487628,YoY delta + Trend,2,"Days sales outstanding rose 441% year over year (9 days to 48 days), 5.5x its usual yearly move; 38.4 sigma above its rolling median of 10 days.",91.0252970998308,47.90448280777537,82.77260043881722,0.0,0.0,0.08,False,False,0.96,False,0000352541-15-000005,10-K,2015-02-25 00:00:00,https://www.sec.gov/Archives/edgar/data/352541/000035254115000005/0000352541-15-000005-index.htm
329,91.01557894691811,EXR,Extra Space Storage,Real Estate,1289490,A,2019,FY,2019-12-31,Interest coverage,interest_coverage,27.9594011448701,3.472970700979623,YoY delta + Trend,2,"Interest coverage rose 705% year over year (3.47x to 27.96x), 10.4x its usual yearly move; 67.7 sigma above its rolling median of 3.22x. An input changed XBRL tag versus the comparison period.",96.1358583595461,63.41930900915408,89.43666307063232,0.0,0.0,0.13043478260869565,False,False,0.9565217391304348,True,0001628280-20-002202,10-K,2020-02-25 00:00:00,https://www.sec.gov/Archives/edgar/data/1289490/000162828020002202/0001628280-20-002202-index.htm
330,91.01376360659185,EW,Edwards Lifesciences,Health Care,1099800,A,2024,FY,2024-12-31,Accruals / assets,accruals,0.32404487365345586,0.057386566377996905,YoY delta + Trend,2,"Accruals / assets rose 2,667 bps year over year (5.7% to 32.4%), 7.2x its usual yearly move; 32.5 sigma above its rolling median of -3.0%.",91.01376360659185,54.48606290026362,80.25607766316442,0.0,0.0,0.08333333333333333,False,False,1.0,False,0001099800-25-000005,10-K,2025-02-28 00:00:00,https://www.sec.gov/Archives/edgar/data/1099800/000109980025000005/0001099800-25-000005-index.htm
331,91.01018047842228,BMY,Bristol Myers Squibb,Health Care,14272,Q,2024,Q1,2024-03-31,EBITDA margin,ebitda_margin,-0.7213653603034134,0.48399047367028314,YoY delta + Trend,2,"EBITDA margin fell 12,054 bps year over year (48.4% to -72.1%), 5.0x its usual yearly move; 40.8 sigma below its rolling median of 40.9%.",91.01018047842228,45.20986590489329,83.59226588864911,0.0,0.0,0.034482758620689655,False,False,0.017241379310344827,False,0000014272-24-000096,10-Q,2024-04-25 00:00:00,https://www.sec.gov/Archives/edgar/data/14272/000001427224000096/0000014272-24-000096-index.htm
332,90.99477382616666,KKR,KKR & Co.,Financials,1404912,Q,2017,Q3,2017-09-30,Asset turnover,asset_turnover,0.06879614636154106,0.0017157964999224417,Trend,1,Asset turnover of 0.07x is 80.8 sigma above its rolling median of 0.00x. An input changed XBRL tag versus the comparison period.,90.99477382616666,0.0,90.99477382616666,0.0,0.0,0.05970149253731343,False,False,0.26865671641791045,True,0001404912-18-000021,10-Q,2018-11-02 00:00:00,https://www.sec.gov/Archives/edgar/data/1404912/000140491218000021/0001404912-18-000021-index.htm
333,90.99414413085852,PHM,PulteGroup,Consumer Discretionary,822416,Q,2013,Q3,2013-09-30,Return on assets,roa,1.2052740285830055,0.06620571820649446,YoY delta + Trend,2,"Return on assets rose 11,391 bps year over year (6.6% to 120.5%), 9.9x its usual yearly move; 25.6 sigma above its rolling median of 0.1%.",90.99414413085852,62.19274994301996,76.1795532455585,0.0,0.0,0.1,False,False,1.0,False,0000822416-13-000046,10-Q,2013-10-24 00:00:00,https://www.sec.gov/Archives/edgar/data/822416/000082241613000046/0000822416-13-000046-index.htm
334,90.97796507119368,LHX,L3Harris,Industrials,202058,Q,2025,Q4,2026-01-02,Asset turnover,asset_turnover,2.1277475702173727,2.0336154488020024,Trend,1,Asset turnover of 2.13x is 80.7 sigma above its rolling median of 0.51x.,90.97796507119368,0.0,90.97796507119368,0.0,0.0,0.012987012987012988,False,False,0.974025974025974,False,0000202058-26-000015,10-K,2026-02-12 00:00:00,https://www.sec.gov/Archives/edgar/data/202058/000020205826000015/0000202058-26-000015-index.htm
335,90.97747678899519,MRNA,Moderna,Health Care,1682852,Q,2019,Q3,2019-09-30,SG&A % of revenue,sga_pct,1.6536430834213305,0.44363819239887925,YoY delta,1,"SG&A % of revenue rose 12,100 bps year over year (44.4% to 165.4%).",90.97747678899519,90.97747678899519,0.0,0.0,0.0,0.037037037037037035,False,False,1.0,False,0001682852-19-000036,10-Q,2019-11-06 00:00:00,https://www.sec.gov/Archives/edgar/data/1682852/000168285219000036/0001682852-19-000036-index.htm
336,90.94992419348796,TPR,"Tapestry, Inc.",Consumer Discretionary,1116132,Q,2015,Q4,2015-06-27,Debt / EBITDA,debt_to_ebitda,1.0482180293501049,0.10728681247012067,Trend,1,Debt / EBITDA of 1.05x is 102.4 sigma above its rolling median of 0.01x.,92.75346376672992,0.0,92.75346376672992,0.0,0.0,0.1111111111111111,False,False,0.3333333333333333,False,0001116132-15-000010,10-K,2015-08-14 00:00:00,https://www.sec.gov/Archives/edgar/data/1116132/000111613215000010/0001116132-15-000010-index.htm
337,90.93962840364382,IFF,International Flavors & Fragrances,Materials,51253,Q,2022,Q3,2022-09-30,Operating margin,operating_margin,-0.6480574600065295,0.09703679583197655,YoY delta + Trend,2,"Operating margin fell 7,451 bps year over year (9.7% to -64.8%), 19.0x its usual yearly move; 18.5 sigma below its rolling median of 9.4%.",92.74296381108151,75.96062337199382,69.81187864720276,0.0,0.0,0.1111111111111111,False,False,0.05555555555555555,False,0000051253-22-000030,10-Q,2022-11-07 00:00:00,https://www.sec.gov/Archives/edgar/data/51253/000005125322000030/0000051253-22-000030-index.htm
338,90.90863125477806,LHX,L3Harris,Industrials,202058,Q,2012,Q3,2012-03-30,Return on equity,roe,-0.6829739920719327,0.22904523438141366,YoY delta + Trend,2,"Return on equity fell 9,120 bps year over year (22.9% to -68.3%); 18.8 sigma below its rolling median of 24.2%.",90.90863125477806,69.51264189311608,70.17987352872946,0.0,0.0,0.05,False,False,0.016666666666666666,False,0001193125-12-204526,10-Q,2012-05-02 00:00:00,https://www.sec.gov/Archives/edgar/data/202058/000119312512204526/0001193125-12-204526-index.htm
339,90.90849636006695,ARES,Ares Management,Financials,1176948,A,2013,FY,2013-12-31,Net margin,net_margin,1.6992990776237582,3.6991552061692103,YoY delta,1,"Net margin fell 19,999 bps year over year (369.9% to 169.9%).",90.90849636006695,90.90849636006695,0.0,0.0,0.0,0.08064516129032258,False,False,1.0,False,0001047469-15-002528,10-K,2015-03-20 00:00:00,https://www.sec.gov/Archives/edgar/data/1176948/000104746915002528/0001047469-15-002528-index.htm
340,90.89899856656413,VMRK,Vivmark Residential,Real Estate,906107,Q,2016,Q1,2016-03-31,Return on assets,roa,0.645590528900807,0.03175699725674364,YoY delta + Trend,2,"Return on assets rose 6,138 bps year over year (3.2% to 64.6%), 8.9x its usual yearly move; 27.3 sigma above its rolling median of 3.7%.",90.89899856656413,59.79478855404162,77.36362748478781,0.0,0.0,0.08,False,False,1.0,False,0000906107-16-000037,10-Q,2016-05-05 00:00:00,https://www.sec.gov/Archives/edgar/data/906107/000090610716000037/0000906107-16-000037-index.htm
341,90.88847161981357,DLTR,Dollar Tree,Consumer Staples,935703,Q,2024,Q4,2025-02-01,Return on equity,roe,-2.545933611744952,-0.8385842943235671,YoY delta + Trend,2,"Return on equity fell 17,073 bps year over year (-83.9% to -254.6%), 4.3x its usual yearly move; 43.2 sigma below its rolling median of 13.2%.",90.88847161981357,41.69968855778421,84.37138986947386,0.0,0.0,0.07142857142857142,False,False,0.03571428571428571,False,0000935703-25-000015,10-K,2025-03-26 00:00:00,https://www.sec.gov/Archives/edgar/data/935703/000093570325000015/0000935703-25-000015-index.htm
342,90.88575140404302,SWK,Stanley Black & Decker,Industrials,93556,A,2022,FY,2022-12-31,Interest coverage,interest_coverage,1.1119645494830133,9.851132686084142,YoY delta + Trend + Benford,3,"Interest coverage fell 89% year over year (9.85x to 1.11x), 9.1x its usual yearly move; 17.7 sigma below its rolling median of 9.48x; the filing's leading digits also depart from Benford's Law. An input changed XBRL tag versus the comparison period.",92.40171707480148,60.20680093762874,68.81696877803888,38.76661378172998,0.0,0.109375,False,False,0.0625,True,0000093556-23-000007,10-K,2023-02-23 00:00:00,https://www.sec.gov/Archives/edgar/data/93556/000009355623000007/0000093556-23-000007-index.htm
343,90.88031070287623,JCI,Johnson Controls,Industrials,833444,Q,2014,Q3,2014-06-27,Accruals / assets,accruals,0.4202177168062806,-0.04364613060265234,YoY delta + Trend,2,"Accruals / assets rose 4,639 bps year over year (-4.4% to 42.0%), 12.3x its usual yearly move; 20.7 sigma above its rolling median of -5.2%. An input changed XBRL tag versus the comparison period.",90.88031070287623,67.26567594944223,72.14028527658454,0.0,0.0,0.02857142857142857,False,False,1.0,True,0000833444-14-000099,10-Q,2014-07-25 00:00:00,https://www.sec.gov/Archives/edgar/data/833444/000083344414000099/0000833444-14-000099-index.htm
344,90.86130924597131,EFX,Equifax,Industrials,33185,Q,2019,Q1,2019-03-31,Return on equity,roe,-0.784407796101949,0.11275991998883565,YoY delta + Trend,2,"Return on equity fell 8,972 bps year over year (11.3% to -78.4%), 15.7x its usual yearly move; 16.2 sigma below its rolling median of 18.0%.",90.86130924597131,72.37447940717922,66.91938990498653,0.0,0.0,0.0547945205479452,False,False,0.0136986301369863,False,0000033185-19-000017,10-Q,2019-05-10 00:00:00,https://www.sec.gov/Archives/edgar/data/33185/000003318519000017/0000033185-19-000017-index.htm
345,90.85438428741797,TDY,Teledyne Technologies,Information Technology,1094285,Q,2024,Q4,2024-12-29,SG&A % of revenue,sga_pct,0.007188976902083472,0.21263157894736842,YoY delta + Trend,2,"SG&A % of revenue fell 2,054 bps year over year (21.3% to 0.7%), 9.4x its usual yearly move; 26.2 sigma below its rolling median of 21.4%.",90.85438428741797,60.9545688403877,76.5769888026181,0.0,0.0,0.0410958904109589,False,False,0.0136986301369863,False,0001094285-25-000053,10-K,2025-02-21 00:00:00,https://www.sec.gov/Archives/edgar/data/1094285/000109428525000053/0001094285-25-000053-index.htm
346,90.84738304565455,HPQ,HP Inc.,Information Technology,47217,Q,2012,Q3,2012-07-31,Return on equity,roe,-0.9721082742251917,0.19200957057049572,YoY delta + Trend,2,"Return on equity fell 11,641 bps year over year (19.2% to -97.2%), 13.7x its usual yearly move; 21.3 sigma below its rolling median of 19.9%. An input changed XBRL tag versus the comparison period.",91.69191383093953,69.58686491675404,72.68257236118599,0.0,0.0,0.10526315789473684,False,False,0.017543859649122806,True,0001047469-12-008732,10-Q,2012-09-10 00:00:00,https://www.sec.gov/Archives/edgar/data/47217/000104746912008732/0001047469-12-008732-index.htm
347,90.83820158558554,MSI,Motorola Solutions,Information Technology,68505,Q,2014,Q4,2014-12-31,EBITDA margin,ebitda_margin,-0.7763157894736842,0.18889776357827476,YoY delta + Trend,2,"EBITDA margin fell 9,652 bps year over year (18.9% to -77.6%), 13.8x its usual yearly move; 31.8 sigma below its rolling median of 15.7%.",93.90195170476647,69.69303619976496,79.87905243353266,0.0,0.0,0.11864406779661017,False,False,0.01694915254237288,False,0000068505-15-000003,10-K,2015-02-13 00:00:00,https://www.sec.gov/Archives/edgar/data/68505/000006850515000003/0000068505-15-000003-index.htm
348,90.8356101765839,SNDK,Sandisk,Information Technology,2023554,Q,2026,Q3,2026-04-03,EBITDA margin,ebitda_margin,0.697310924369748,-1.087905604719764,YoY delta + Trend,2,"EBITDA margin rose 17,852 bps year over year (-108.8% to 69.7%); 7.1 sigma above its rolling median of 10.7%. Reverses the prior year's flagged move.",94.65835128621968,89.92553219916384,46.97835340406791,0.0,0.0,0.12307692307692308,False,True,0.9692307692307692,False,0001628280-26-029401,10-Q,2026-05-01 00:00:00,https://www.sec.gov/Archives/edgar/data/2023554/000162828026029401/0001628280-26-029401-index.htm
349,90.81192153123565,TSLA,"Tesla, Inc.",Consumer Discretionary,1318605,Q,2012,Q1,2012-03-31,Operating margin,operating_margin,-2.9423873769350615,-0.9656536814195391,YoY delta,1,"Operating margin fell 19,767 bps year over year (-96.6% to -294.2%).",90.81192153123565,90.81192153123565,0.0,0.0,0.0,0.0625,False,False,0.03125,False,0001193125-12-225825,10-Q,2012-05-10 00:00:00,https://www.sec.gov/Archives/edgar/data/1318605/000119312512225825/0001193125-12-225825-index.htm
350,90.80736732750357,RDDT,Reddit,Communication Services,1713445,Q,2025,Q1,2025-03-31,Return on assets,roa,0.04383759994251741,-1.2735508585377493,YoY delta,1,"Return on assets rose 13,174 bps year over year (-127.4% to 4.4%).",91.65152612072073,91.65152612072073,0.0,0.0,0.0,0.10526315789473684,False,False,0.47368421052631576,False,0001713445-25-000102,10-Q,2025-05-02 00:00:00,https://www.sec.gov/Archives/edgar/data/1713445/000171344525000102/0001713445-25-000102-index.htm
351,90.78539620190816,ALGN,Align Technology,Health Care,1097149,Q,2020,Q1,2020-03-31,Accruals / assets,accruals,1.8663208745685977,-0.08464695135492227,YoY delta + Trend,2,"Accruals / assets rose 19,510 bps year over year (-8.5% to 186.6%), 16.1x its usual yearly move; 15.5 sigma above its rolling median of -8.6%.",90.78539620190816,72.87801283343512,66.02533678118056,0.0,0.0,0.07272727272727272,False,False,1.0,False,0001097149-20-000025,10-Q,2020-05-05 00:00:00,https://www.sec.gov/Archives/edgar/data/1097149/000109714920000025/0001097149-20-000025-index.htm
352,90.77794901694368,PLTR,Palantir Technologies,Information Technology,1321655,Q,2021,Q3,2021-09-30,Return on assets,roa,-0.12969788071260374,-1.3109268613425755,YoY delta,1,"Return on assets rose 11,812 bps year over year (-131.1% to -13.0%).",90.77794901694368,90.77794901694368,0.0,0.0,0.0,0.08333333333333333,False,False,0.013888888888888888,False,0001193125-21-323920,10-Q,2021-11-09 00:00:00,https://www.sec.gov/Archives/edgar/data/1321655/000119312521323920/0001193125-21-323920-index.htm
353,90.77601276222607,D,Dominion Energy,Utilities,715957,Q,2010,Q2,2010-06-30,EBITDA margin,ebitda_margin,1.0258025802580257,0.3527536231884058,YoY delta + Trend,2,"EBITDA margin rose 6,730 bps year over year (35.3% to 102.6%); 11.9 sigma above its rolling median of 27.5%. An input changed XBRL tag versus the comparison period.",90.77601276222607,77.09177722732778,59.735037810189965,0.0,0.0,0.08695652173913043,False,False,1.0,True,0001193125-10-173603,10-Q,2010-08-02 00:00:00,https://www.sec.gov/Archives/edgar/data/715957/000119312510173603/0001193125-10-173603-index.htm
354,90.76893448884742,VTRS,Viatris,Health Care,1792044,Q,2025,Q1,2025-03-31,Return on assets,roa,-0.30429204834462426,0.009588631704781267,YoY delta + Trend,2,"Return on assets fell 3,139 bps year over year (1.0% to -30.4%), 7.0x its usual yearly move; 32.1 sigma below its rolling median of 2.2%.",90.76893448884742,53.7473026089311,80.04210341917262,0.0,0.0,0.05,False,False,0.016666666666666666,False,0001792044-25-000018,10-Q,2025-05-08 00:00:00,https://www.sec.gov/Archives/edgar/data/1792044/000179204425000018/0001792044-25-000018-index.htm
355,90.76567295146538,CNP,CenterPoint Energy,Utilities,1130310,Q,2011,Q3,2011-09-30,Return on assets,roa,0.191592005513439,0.02528263103802672,YoY delta + Trend,2,"Return on assets rose 1,663 bps year over year (2.5% to 19.2%); 33.5 sigma above its rolling median of 2.4%.",91.91460552047127,58.0872962263744,80.70896470149314,0.0,0.0,0.10714285714285714,False,False,1.0,False,0001130310-11-000061,10-Q,2011-11-02 00:00:00,https://www.sec.gov/Archives/edgar/data/1130310/000113031011000061/0001130310-11-000061-index.htm
356,90.75005425951055,OXY,Occidental Petroleum,Energy,797468,Q,2015,Q2,2015-06-30,Days inventory outstanding,dio,69.05405405405405,36.61624203821656,YoY delta + Trend,2,"Days inventory outstanding rose 89% year over year (37 days to 69 days), 9.1x its usual yearly move; 27.7 sigma above its rolling median of 38 days. An input changed XBRL tag versus the comparison period.",90.75005425951055,58.70330449241541,77.60124478049195,0.0,0.0,,False,False,,True,0000797468-15-000012,10-Q,2015-08-04 00:00:00,https://www.sec.gov/Archives/edgar/data/797468/000079746815000012/0000797468-15-000012-index.htm
357,90.73251057440697,BMY,Bristol Myers Squibb,Health Care,14272,Q,2024,Q1,2024-03-31,Return on equity,roe,-2.0750871080139373,0.2877633775940208,YoY delta + Trend,2,"Return on equity fell 23,629 bps year over year (28.8% to -207.5%), 4.8x its usual yearly move; 48.8 sigma below its rolling median of 22.8%.",92.19931790470916,44.66271198106909,85.90338924339369,0.0,0.0,0.10909090909090909,False,False,0.01818181818181818,False,0000014272-24-000096,10-Q,2024-04-25 00:00:00,https://www.sec.gov/Archives/edgar/data/14272/000001427224000096/0000014272-24-000096-index.htm
358,90.7051180219748,GE,GE Aerospace,Industrials,40545,Q,2018,Q3,2018-09-30,Return on equity,roe,-2.1052436924286027,0.09775511969810918,YoY delta + Trend,2,"Return on equity fell 22,030 bps year over year (9.8% to -210.5%), 11.9x its usual yearly move; 30.6 sigma below its rolling median of 8.2%.",93.03089027894852,66.40995346563156,79.252455890703,0.0,0.0,0.11428571428571428,False,False,0.014285714285714285,False,0000040545-18-000081,10-Q,2018-10-30 00:00:00,https://www.sec.gov/Archives/edgar/data/40545/000004054518000081/0000040545-18-000081-index.htm
359,90.70175884450757,V,Visa Inc.,Financials,1403161,Q,2012,Q3,2012-06-30,Net margin,net_margin,-0.7169590643274854,0.43281653746770027,YoY delta + Trend,2,"Net margin fell 11,498 bps year over year (43.3% to -71.7%), 8.1x its usual yearly move; 28.7 sigma below its rolling median of 39.1%.",90.70175884450757,57.38905461339284,78.17874944775357,0.0,0.0,0.05555555555555555,False,False,0.018518518518518517,False,0001384108-12-000008,10-Q,2012-07-27 00:00:00,https://www.sec.gov/Archives/edgar/data/1403161/000138410812000008/0001384108-12-000008-index.htm
360,90.69759749087204,KHC,Kraft Heinz,Consumer Staples,1637459,Q,2018,Q4,2018-12-29,Return on assets,roa,-0.45048411450282494,0.2664524747901433,YoY delta + Trend,2,"Return on assets fell 7,169 bps year over year (26.6% to -45.0%), 10.1x its usual yearly move; 96.2 sigma below its rolling median of 3.0%. Reverses the prior year's flagged move.",97.1460878018574,62.841970770155584,92.31952754951169,0.0,0.0,0.13793103448275862,False,True,0.034482758620689655,False,0001637459-19-000049,10-K,2019-06-07 00:00:00,https://www.sec.gov/Archives/edgar/data/1637459/000163745919000049/0001637459-19-000049-index.htm
361,90.69172359661025,UNH,UnitedHealth Group,Health Care,731766,Q,2015,Q3,2015-09-30,Days payables outstanding,dpo,169.03688524590163,802.0445026178011,YoY delta + Trend,2,"Days payables outstanding fell 79% year over year (802 days to 169 days), 24.5x its usual yearly move; 11.1 sigma below its rolling median of 897 days.",90.69172359661025,77.72278378938653,58.216159885564835,0.0,0.0,0.0625,False,False,0.8958333333333334,False,0000731766-15-000049,10-Q,2015-11-05 00:00:00,https://www.sec.gov/Archives/edgar/data/731766/000073176615000049/0000731766-15-000049-index.htm
362,90.69172245819779,GD,General Dynamics,Industrials,40533,Q,2012,Q4,2012-12-31,Operating margin,operating_margin,-0.23545432037633077,0.10385918880507271,YoY delta + Trend,2,"Operating margin fell 3,393 bps year over year (10.4% to -23.5%), 35.3x its usual yearly move; 47.5 sigma below its rolling median of 12.0%.",96.71598056997144,77.23721262605027,85.5728589997424,0.0,0.0,0.13559322033898305,False,False,0.03389830508474576,False,0000040533-13-000005,10-K,2013-02-08 00:00:00,https://www.sec.gov/Archives/edgar/data/40533/000004053313000005/0000040533-13-000005-index.htm
363,90.65222617056281,IEX,IDEX Corporation,Industrials,832101,Q,2012,Q4,2012-12-31,Operating margin,operating_margin,-0.2558664977039268,0.15811043868828312,YoY delta + Trend,2,"Operating margin fell 4,140 bps year over year (15.8% to -25.6%), 28.1x its usual yearly move; 38.8 sigma below its rolling median of 16.6%.",96.67386071510539,80.54387406914867,82.90441120336092,0.0,0.0,0.13559322033898305,False,False,0.01694915254237288,False,0001193125-13-069436,10-K,2013-02-21 00:00:00,https://www.sec.gov/Archives/edgar/data/832101/000119312513069436/0001193125-13-069436-index.htm
364,90.62821298474373,PLTR,Palantir Technologies,Information Technology,1321655,Q,2020,Q3,2020-09-30,EBITDA margin,ebitda_margin,-2.9210826427431003,-0.7402081441789431,YoY delta,1,"EBITDA margin fell 21,809 bps year over year (-74.0% to -292.1%). An input changed XBRL tag versus the comparison period.",91.59972522194619,91.59972522194619,0.0,0.0,0.0,0.10606060606060606,False,False,0.015151515151515152,True,0001193125-20-292177,10-Q,2020-11-13 00:00:00,https://www.sec.gov/Archives/edgar/data/1321655/000119312520292177/0001193125-20-292177-index.htm
365,90.61456011459245,NDSN,Nordson Corporation,Industrials,72331,Q,2010,Q4,2010-11-01,Return on assets,roa,0.21981296443369103,-0.9387632287458711,YoY delta,1,"Return on assets rose 11,586 bps year over year (-93.9% to 22.0%).",90.61456011459245,90.61456011459245,0.0,0.0,0.0,0.04225352112676056,False,False,1.0,False,0001193125-11-343516,10-K,2011-12-16 00:00:00,https://www.sec.gov/Archives/edgar/data/72331/000119312511343516/0001193125-11-343516-index.htm
366,90.6125412792006,FIS,Fidelity National Information Services,Financials,1136893,A,2022,FY,2022-12-31,Accruals / assets,accruals,-0.2825954626596174,-0.0526823886360502,YoY delta + Trend,2,"Accruals / assets fell 2,299 bps year over year (-5.3% to -28.3%), 13.6x its usual yearly move; 18.2 sigma below its rolling median of -4.3%.",90.6125412792006,69.314373325165,69.40763563255507,0.0,0.0,0.06666666666666667,False,False,0.013333333333333334,False,0001136893-23-000028,10-K,2023-02-27 00:00:00,https://www.sec.gov/Archives/edgar/data/1136893/000113689323000028/0001136893-23-000028-index.htm
367,90.58360265094429,MAS,Masco,Industrials,62996,A,2013,FY,2013-12-31,Days sales outstanding,dso,44.837880827113665,3.487411233053583,Trend,1,Days sales outstanding of 45 days is 77.0 sigma above its rolling median of 3 days. An input changed XBRL tag versus the comparison period.,90.58360265094429,0.0,90.58360265094429,0.0,0.0,0.03125,False,False,0.34375,True,0001047469-14-000923,10-K,2014-02-14 00:00:00,https://www.sec.gov/Archives/edgar/data/62996/000104746914000923/0001047469-14-000923-index.htm
368,90.58277499701529,KMB,Kimberly-Clark,Consumer Staples,55785,Q,2014,Q4,2014-12-31,Interest coverage,interest_coverage,0.38571428571428573,11.416666666666666,YoY delta + Trend,2,"Interest coverage fell 97% year over year (11.42x to 0.39x), 13.5x its usual yearly move; 18.2 sigma below its rolling median of 11.12x.",90.58277499701529,69.1936891390932,69.43085770475959,0.0,0.0,0.08695652173913043,False,False,0.043478260869565216,False,0000055785-15-000014,10-K,2015-02-18 00:00:00,https://www.sec.gov/Archives/edgar/data/55785/000005578515000014/0000055785-15-000014-index.htm
369,90.5652722234325,V,Visa Inc.,Financials,1403161,Q,2012,Q3,2012-06-30,Return on equity,roe,-0.2690612483768906,0.15402003793030786,YoY delta + Trend,2,"Return on equity fell 4,231 bps year over year (15.4% to -26.9%), 8.6x its usual yearly move; 26.8 sigma below its rolling median of 13.2%. An input changed XBRL tag versus the comparison period.",90.5652722234325,58.99561826497224,76.99092785367391,0.0,0.0,0.04838709677419355,False,False,0.016129032258064516,True,0001384108-12-000008,10-Q,2012-07-27 00:00:00,https://www.sec.gov/Archives/edgar/data/1403161/000138410812000008/0001384108-12-000008-index.htm
370,90.55089351594165,DAL,Delta Air Lines,Industrials,27904,Q,2013,Q4,2013-12-31,Net margin,net_margin,0.9342221242838255,0.0008137642408742153,YoY delta + Trend,2,"Net margin rose 9,334 bps year over year (0.1% to 93.4%), 19.7x its usual yearly move; 18.2 sigma above its rolling median of 1.8%.",92.8727112984017,76.65034137807925,69.47583338581589,0.0,0.0,0.11428571428571428,False,False,1.0,False,0000027904-14-000003,10-K,2014-02-24 00:00:00,https://www.sec.gov/Archives/edgar/data/27904/000002790414000003/0000027904-14-000003-index.htm
371,90.53339656673485,ZBRA,Zebra Technologies,Information Technology,877212,A,2014,FY,2014-12-31,Trade working capital % of revenue,nwc_pct,0.441797180845842,0.2535758010092866,YoY delta + Trend,2,"Trade working capital % of revenue rose 1,882 bps year over year (25.4% to 44.2%), 12.0x its usual yearly move; 21.3 sigma above its rolling median of 25.4%.",90.53339656673485,65.30444755461652,72.71522496098845,0.0,0.0,0.06349206349206349,False,False,1.0,False,0001193125-15-095560,10-K,2015-03-17 00:00:00,https://www.sec.gov/Archives/edgar/data/877212/000119312515095560/0001193125-15-095560-index.htm
372,90.52342359789147,TSLA,"Tesla, Inc.",Consumer Discretionary,1318605,Q,2012,Q1,2012-03-31,EBITDA margin,ebitda_margin,-2.804388901780091,-0.8939220885172343,YoY delta,1,"EBITDA margin fell 19,105 bps year over year (-89.4% to -280.4%).",90.52342359789147,90.52342359789147,0.0,0.0,0.0,0.058823529411764705,False,False,0.029411764705882353,False,0001193125-12-225825,10-Q,2012-05-10 00:00:00,https://www.sec.gov/Archives/edgar/data/1318605/000119312512225825/0001193125-12-225825-index.htm
373,90.51092506951069,MGM,MGM Resorts,Consumer Discretionary,789570,Q,2011,Q2,2011-06-30,Net margin,net_margin,1.905876848368065,-0.5745456673787714,YoY delta + Trend,2,"Net margin rose 24,804 bps year over year (-57.5% to 190.6%); 12.7 sigma above its rolling median of -17.3%. Reverses the prior year's flagged move.",97.12051572287287,92.53848977819548,61.40882754924717,0.0,0.0,0.1388888888888889,False,True,1.0,False,0001193125-11-238192,10-Q/A,2011-09-01 00:00:00,https://www.sec.gov/Archives/edgar/data/789570/000119312511238192/0001193125-11-238192-index.htm
374,90.50823075314985,GEV,GE Vernova,Industrials,1996810,Q,2025,Q4,2025-12-31,Return on equity,roe,1.4786117836965296,0.203254593175853,YoY delta + Trend,2,"Return on equity rose 12,754 bps year over year (20.3% to 147.9%); 12.1 sigma above its rolling median of 15.8%.",90.50823075314985,76.12449439061494,60.24474035381641,0.0,0.0,0.04,False,False,0.9866666666666667,False,0001996810-26-000015,10-K,2026-01-29 00:00:00,https://www.sec.gov/Archives/edgar/data/1996810/000199681026000015/0001996810-26-000015-index.htm
375,90.50034633907374,ECHO,EchoStar,Communication Services,1415404,Q,2023,Q4,2023-12-31,SG&A % of revenue,sga_pct,0.6406302701487245,0.024829379638329173,YoY delta + Trend,2,"SG&A % of revenue rose 6,158 bps year over year (2.5% to 64.1%), 14.4x its usual yearly move; 27.6 sigma above its rolling median of 23.6%. Reverses the prior year's flagged move.",93.38427239843725,70.52109602321607,77.55775585560116,0.0,0.0,0.11764705882352941,False,True,1.0,False,0001558370-24-002209,10-K,2024-02-29 00:00:00,https://www.sec.gov/Archives/edgar/data/1415404/000155837024002209/0001558370-24-002209-index.htm
376,90.48268805175843,TRMB,Trimble Inc.,Information Technology,864749,Q,2024,Q2,2024-06-28,Return on assets,roa,0.5566467572281834,0.020308266739521436,YoY delta + Trend,2,"Return on assets rose 5,363 bps year over year (2.0% to 55.7%), 14.0x its usual yearly move; 17.2 sigma above its rolling median of 5.5%.",90.48268805175843,70.01813502753267,68.25643782672819,0.0,0.0,0.0547945205479452,False,False,0.9863013698630136,False,0000864749-25-000013,10-Q,2025-01-16 00:00:00,https://www.sec.gov/Archives/edgar/data/864749/000086474925000013/0000864749-25-000013-index.htm
377,90.48093328806644,MRNA,Moderna,Health Care,1682852,Q,2019,Q1,2019-03-31,SG&A % of revenue,sga_pct,1.7025273010920436,0.5618995144460898,YoY delta,1,"SG&A % of revenue rose 11,406 bps year over year (56.2% to 170.3%).",90.48093328806644,90.48093328806644,0.0,0.0,0.0,0.08333333333333333,False,False,1.0,False,0001682852-19-000023,10-Q,2019-05-09 00:00:00,https://www.sec.gov/Archives/edgar/data/1682852/000168285219000023/0001682852-19-000023-index.htm
378,90.4692100843878,MDLZ,Mondelez International,Consumer Staples,1103982,Q,2015,Q3,2015-09-30,Net margin,net_margin,1.0608848007008322,0.10783255367638239,YoY delta + Trend,2,"Net margin rose 9,531 bps year over year (10.8% to 106.1%), 18.0x its usual yearly move; 56.6 sigma above its rolling median of 6.1%.",96.90146232492137,74.96220972669036,87.62455615589333,0.0,0.0,0.13793103448275862,False,False,1.0,False,0001193125-15-357422,10-Q,2015-10-29 00:00:00,https://www.sec.gov/Archives/edgar/data/1103982/000119312515357422/0001193125-15-357422-index.htm
379,90.45247373490079,FISV,Fiserv,Financials,798354,Q,2019,Q2,2019-06-30,Current ratio,current_ratio,4.970301850048686,1.0900302114803626,YoY delta + Trend,2,"Current ratio rose 356% year over year (1.09x to 4.97x), 8.6x its usual yearly move; 65.7 sigma above its rolling median of 1.02x.",95.54107443870117,58.93426134773872,89.1419813507889,0.0,0.0,0.13043478260869565,False,False,1.0,False,0000798354-19-000019,10-Q,2019-07-26 00:00:00,https://www.sec.gov/Archives/edgar/data/798354/000079835419000019/0000798354-19-000019-index.htm
380,90.42883728784474,HIG,Hartford (The),Financials,874766,Q,2019,Q1,2019-03-31,Asset turnover,asset_turnover,0.31457204034036185,0.08491919461629323,Trend,1,Asset turnover of 0.31x is 75.6 sigma above its rolling median of 0.08x.,90.42883728784474,0.0,90.42883728784474,0.0,0.0,0.056338028169014086,False,False,0.647887323943662,False,0000874766-19-000039,10-Q,2019-05-01 00:00:00,https://www.sec.gov/Archives/edgar/data/874766/000087476619000039/0000874766-19-000039-index.htm
381,90.424662807096,EFX,Equifax,Industrials,33185,Q,2019,Q1,2019-03-31,Operating margin,operating_margin,-0.7302919276681243,0.1665704054522352,YoY delta + Trend,2,"Operating margin fell 8,969 bps year over year (16.7% to -73.0%), 18.5x its usual yearly move; 18.0 sigma below its rolling median of 23.5%.",92.47606855316984,75.55648044750903,69.21911580419926,0.0,0.0,0.11267605633802817,False,False,0.014084507042253521,False,0000033185-19-000017,10-Q,2019-05-10 00:00:00,https://www.sec.gov/Archives/edgar/data/33185/000003318519000017/0000033185-19-000017-index.htm
382,90.41469821721708,BSX,Boston Scientific,Health Care,885725,Q,2012,Q2,2012-06-30,Interest coverage,interest_coverage,-56.046875,3.2465753424657535,Trend,1,Interest coverage of -56.05x is 75.5 sigma below its rolling median of 2.78x.,90.41469821721708,0.0,90.41469821721708,0.0,0.0,0.09523809523809523,False,False,0.047619047619047616,False,0000885725-12-000029,10-Q,2012-08-07 00:00:00,https://www.sec.gov/Archives/edgar/data/885725/000088572512000029/0000885725-12-000029-index.htm
383,90.40290216303572,ILMN,"Illumina, Inc.",Health Care,1110803,A,2022,FY,2023-01-01,Return on assets,roa,-0.3206523717645346,0.06683624243487414,YoY delta + Trend,2,"Return on assets fell 3,875 bps year over year (6.7% to -32.1%), 11.6x its usual yearly move; 20.5 sigma below its rolling median of 12.4%.",90.40290216303572,65.81212008219259,71.92836215630487,0.0,0.0,0.09523809523809523,False,False,0.015873015873015872,False,0001110803-24-000010,10-K,2024-02-16 00:00:00,https://www.sec.gov/Archives/edgar/data/1110803/000111080324000010/0001110803-24-000010-index.htm
384,90.39956358664318,BXP,"BXP, Inc.",Real Estate,1037540,Q,2010,Q4,2010-12-31,Interest coverage,interest_coverage,4.725605258590767,0.6770923111816739,YoY delta + Trend,2,Interest coverage rose 598% year over year (0.68x to 4.73x); 29.9 sigma above its rolling median of 0.67x.,90.39956358664318,54.50351411277152,78.89851001426068,0.0,0.0,0.08695652173913043,False,False,0.9565217391304348,False,0001193125-13-084781,10-K,2013-02-28 00:00:00,https://www.sec.gov/Archives/edgar/data/1037540/000119312513084781/0001193125-13-084781-index.htm
385,90.3708305874851,ILMN,"Illumina, Inc.",Health Care,1110803,A,2021,FY,2022-01-02,Debt / EBITDA,debt_to_ebitda,7.7578125,1.54367666232073,YoY delta + Trend,2,"Debt / EBITDA rose 403% year over year (1.54x to 7.76x), 3.7x its usual yearly move; 43.2 sigma above its rolling median of 1.55x. An input changed XBRL tag versus the comparison period.",90.3708305874851,38.35202989430996,84.38039501380739,0.0,0.0,0.0784313725490196,False,False,0.9607843137254902,True,0001110803-22-000041,10-Q,2022-08-11 00:00:00,https://www.sec.gov/Archives/edgar/data/1110803/000111080322000041/0001110803-22-000041-index.htm
386,90.3672737832494,ERIE,Erie Indemnity,Financials,922621,Q,2016,Q2,2016-06-30,Return on assets,roa,0.17800068954254297,0.012423049193056403,YoY delta + Trend,2,"Return on assets rose 1,656 bps year over year (1.2% to 17.8%), 6.0x its usual yearly move; 33.4 sigma above its rolling median of 1.1%.",90.3672737832494,50.170852516202295,80.66849082681426,0.0,0.0,0.08333333333333333,False,False,0.9166666666666666,False,0000922621-16-000102,10-Q,2016-07-28 00:00:00,https://www.sec.gov/Archives/edgar/data/922621/000092262116000102/0000922621-16-000102-index.htm
387,90.36693658343256,MMM,3M,Industrials,66740,A,2023,FY,2023-12-31,Operating margin,operating_margin,-0.2793060187876748,0.1910368401063426,YoY delta + Trend,2,"Operating margin fell 4,703 bps year over year (19.1% to -27.9%), 23.6x its usual yearly move; 21.5 sigma below its rolling median of 22.1%.",94.5013715905177,79.75240404392517,72.84305543526735,0.0,0.0,0.125,False,False,0.013888888888888888,False,0000066740-24-000016,10-K,2024-02-07 00:00:00,https://www.sec.gov/Archives/edgar/data/66740/000006674024000016/0000066740-24-000016-index.htm
388,90.36213678525891,SNPS,Synopsys,Information Technology,883241,Q,2025,Q2,2025-04-30,Debt / EBITDA,debt_to_ebitda,6.412732127646678,0.010144930136962538,YoY delta + Trend,2,"Debt / EBITDA rose 63,111% year over year (0.01x to 6.41x), 8.3x its usual yearly move; 1411.7 sigma above its rolling median of 0.01x.",99.76286863765316,57.918338013318,99.4364971554073,0.0,0.0,0.15384615384615385,False,False,0.9807692307692307,False,0000883241-25-000017,10-Q,2025-05-28 00:00:00,https://www.sec.gov/Archives/edgar/data/883241/000088324125000017/0000883241-25-000017-index.htm
389,90.35961827981279,HIG,Hartford (The),Financials,874766,Q,2018,Q3,2018-09-30,Asset turnover,asset_turnover,0.3169574182567997,0.08325741989095127,Trend,1,Asset turnover of 0.32x is 75.0 sigma above its rolling median of 0.08x.,90.35961827981279,0.0,90.35961827981279,0.0,0.0,0.057971014492753624,False,False,0.6666666666666666,False,0000874766-18-000057,10-Q,2018-10-25 00:00:00,https://www.sec.gov/Archives/edgar/data/874766/000087476618000057/0000874766-18-000057-index.htm
390,90.34474543765731,MRNA,Moderna,Health Care,1682852,A,2019,FY,2019-12-31,SG&A % of revenue,sga_pct,1.8206580411566378,0.697811472739657,YoY delta,1,"SG&A % of revenue rose 11,228 bps year over year (69.8% to 182.1%).",90.34474543765731,90.34474543765731,0.0,0.0,0.0,0.08928571428571429,False,False,1.0,False,0001682852-20-000006,10-K,2020-02-27 00:00:00,https://www.sec.gov/Archives/edgar/data/1682852/000168285220000006/0001682852-20-000006-index.htm
391,90.33732002066738,PPL,PPL Corporation,Utilities,922224,Q,2021,Q1,2021-03-31,Return on equity,roe,-0.5905243310466562,0.1689539493748094,YoY delta + Trend,2,"Return on equity fell 7,595 bps year over year (16.9% to -59.1%), 7.0x its usual yearly move; 30.2 sigma below its rolling median of 15.0%.",90.33732002066738,53.87358400725481,79.05174340696146,0.0,0.0,0.1,False,False,0.06666666666666667,False,0000922224-21-000021,10-Q,2021-05-06 00:00:00,https://www.sec.gov/Archives/edgar/data/922224/000092222421000021/0000922224-21-000021-index.htm
392,90.31482189331011,PAYX,Paychex,Industrials,723531,A,2025,FY,2025-05-31,Debt / EBITDA,debt_to_ebitda,2.0470792652655967,0.34769845996766785,YoY delta + Trend,2,"Debt / EBITDA rose 489% year over year (0.35x to 2.05x), 22.3x its usual yearly move; 17.9 sigma above its rolling median of 0.44x. An input changed XBRL tag versus the comparison period.",90.31482189331011,68.6143841613845,69.14134756351133,0.0,0.0,0.056338028169014086,False,False,0.4647887323943662,True,0000950170-25-095300,10-K,2025-07-11 00:00:00,https://www.sec.gov/Archives/edgar/data/723531/000095017025095300/0000950170-25-095300-index.htm
393,90.30960275865351,LHX,L3Harris,Industrials,202058,Q,2012,Q3,2012-03-30,Return on assets,roa,-0.23903020869462233,0.09541152632793864,YoY delta + Trend,2,"Return on assets fell 3,344 bps year over year (9.5% to -23.9%); 13.8 sigma below its rolling median of 9.5%.",90.30960275865351,73.5939745952157,63.302325538205515,0.0,0.0,0.07692307692307693,False,False,0.015384615384615385,False,0001193125-12-204526,10-Q,2012-05-02 00:00:00,https://www.sec.gov/Archives/edgar/data/202058/000119312512204526/0001193125-12-204526-index.htm
394,90.29756047284856,ILMN,"Illumina, Inc.",Health Care,1110803,Q,2021,Q4,2022-01-02,Debt / EBITDA,debt_to_ebitda,8.866071428571429,1.5765645805592543,YoY delta + Trend,2,"Debt / EBITDA rose 462% year over year (1.58x to 8.87x), 5.3x its usual yearly move; 35.9 sigma above its rolling median of 1.15x. An input changed XBRL tag versus the comparison period.",90.29756047284856,46.74996324406395,81.77946886380343,0.0,0.0,0.08695652173913043,False,False,0.9782608695652174,True,0001110803-22-000041,10-Q,2022-08-11 00:00:00,https://www.sec.gov/Archives/edgar/data/1110803/000111080322000041/0001110803-22-000041-index.htm
395,90.29639067056061,APA,APA Corporation,Energy,1841666,Q,2024,Q4,2024-12-31,Return on equity,roe,0.27246488358668464,3.99464237878382,YoY delta,1,"Return on equity fell 37,222 bps year over year (399.5% to 27.2%). An input changed XBRL tag versus the comparison period.",90.29639067056061,90.29639067056061,0.0,0.0,0.0,0.05,False,False,0.85,True,0001841666-26-000015,10-K,2026-02-26 00:00:00,https://www.sec.gov/Archives/edgar/data/1841666/000184166626000015/0001841666-26-000015-index.htm
396,90.2871011634139,VMRK,Vivmark Residential,Real Estate,906107,Q,2016,Q1,2016-03-31,Accruals / assets,accruals,0.6093533267564311,-0.0287732432656856,YoY delta + Trend,2,"Accruals / assets rose 6,381 bps year over year (-2.9% to 60.9%), 8.3x its usual yearly move; 26.6 sigma above its rolling median of -1.6%.",90.2871011634139,57.94789684866039,76.90270376815461,0.0,0.0,0.04,False,False,1.0,False,0000906107-16-000037,10-Q,2016-05-05 00:00:00,https://www.sec.gov/Archives/edgar/data/906107/000090610716000037/0000906107-16-000037-index.htm
397,90.28391739196447,GDDY,GoDaddy,Information Technology,1609711,Q,2023,Q4,2023-12-31,Net margin,net_margin,1.0123602653821684,0.09000865467833445,YoY delta + Trend,2,"Net margin rose 9,224 bps year over year (9.0% to 101.2%), 4.4x its usual yearly move; 44.2 sigma above its rolling median of 8.3%.",91.12321011672375,42.10772604448778,84.66671063897458,0.0,0.0,0.10526315789473684,False,False,1.0,False,0001609711-24-000022,10-K,2024-02-29 00:00:00,https://www.sec.gov/Archives/edgar/data/1609711/000160971124000022/0001609711-24-000022-index.htm
398,90.28377271634858,MDLZ,Mondelez International,Consumer Staples,1103982,Q,2012,Q4,2012-12-31,EBITDA margin,ebitda_margin,-0.13744075829383887,0.12765522875816993,YoY delta + Trend,2,"EBITDA margin fell 2,651 bps year over year (12.8% to -13.7%), 8.6x its usual yearly move; 25.9 sigma below its rolling median of 15.7%.",90.28377271634858,58.798006273806585,76.41806523193921,0.0,0.0,0.07692307692307693,False,False,0.038461538461538464,False,0001193125-13-073227,10-K,2013-02-25 00:00:00,https://www.sec.gov/Archives/edgar/data/1103982/000119312513073227/0001193125-13-073227-index.htm
399,90.27798486832995,CPRT,Copart,Industrials,900075,Q,2013,Q1,2012-10-31,Gross margin,gross_margin,0.44140229249872315,0.8484483171265723,YoY delta + Trend,2,"Gross margin fell 4,070 bps year over year (84.8% to 44.1%), 31.0x its usual yearly move; 46.1 sigma below its rolling median of 85.6%.",97.59782147927562,83.7655026334704,85.2032467252303,0.0,0.0,0.14285714285714285,False,False,0.7857142857142857,False,0001145443-14-001196,10-K,2014-09-29 00:00:00,https://www.sec.gov/Archives/edgar/data/900075/000114544314001196/0001145443-14-001196-index.htm
400,90.27255526109342,ISRG,Intuitive Surgical,Health Care,1035267,Q,2014,Q1,2014-03-31,SG&A % of revenue,sga_pct,0.4643856251344954,0.23143604841347726,YoY delta + Trend,2,"SG&A % of revenue rose 2,329 bps year over year (23.1% to 46.4%), 9.6x its usual yearly move; 23.6 sigma above its rolling median of 25.0%.",90.27255526109342,61.579067710866134,74.68191384398634,0.0,0.0,0.08,False,False,0.94,False,0001035267-14-000053,10-Q,2014-04-25 00:00:00,https://www.sec.gov/Archives/edgar/data/1035267/000103526714000053/0001035267-14-000053-index.htm
401,90.26717024165919,BAX,Baxter International,Health Care,10456,Q,2016,Q1,2016-03-31,Accruals / assets,accruals,0.7750554468362687,0.05262121391153649,YoY delta + Trend,2,"Accruals / assets rose 7,224 bps year over year (5.3% to 77.5%), 14.7x its usual yearly move; 15.9 sigma above its rolling median of -3.0%.",90.26717024165919,70.94732951243958,66.49936272636916,0.0,0.0,0.08163265306122448,False,False,1.0,False,0001193125-16-582011,10-Q,2016-05-06 00:00:00,https://www.sec.gov/Archives/edgar/data/10456/000119312516582011/0001193125-16-582011-index.htm
402,90.26277312597492,MRSH,Marsh McLennan,Financials,62709,Q,2015,Q2,2015-06-30,Return on equity,roe,1.1401360544217687,0.21191076147747526,YoY delta + Trend,2,"Return on equity rose 9,282 bps year over year (21.2% to 114.0%), 13.0x its usual yearly move; 17.9 sigma above its rolling median of 18.5%. An input changed XBRL tag versus the comparison period.",90.26277312597492,68.49528610946606,69.0927938344148,0.0,0.0,0.078125,False,False,0.984375,True,0000062709-15-000023,10-Q,2015-07-31 00:00:00,https://www.sec.gov/Archives/edgar/data/62709/000006270915000023/0000062709-15-000023-index.htm
403,90.25549432709198,EW,Edwards Lifesciences,Health Care,1099800,Q,2024,Q3,2024-09-30,Return on equity,roe,1.4465288818229995,0.236258171439094,YoY delta + Trend,2,"Return on equity rose 12,103 bps year over year (23.6% to 144.7%), 4.9x its usual yearly move; 37.3 sigma above its rolling median of 23.3%.",90.25549432709198,44.79043332904219,82.34996892661,0.0,0.0,0.05660377358490566,False,False,0.9622641509433962,False,0001099800-24-000086,10-Q,2024-11-06 00:00:00,https://www.sec.gov/Archives/edgar/data/1099800/000109980024000086/0001099800-24-000086-index.htm
404,90.25167228268204,ABT,Abbott Laboratories,Health Care,1800,Q,2024,Q4,2024-12-31,Net margin,net_margin,0.8409877893202115,0.15564886241577972,YoY delta + Trend,2,"Net margin rose 6,853 bps year over year (15.6% to 84.1%), 6.8x its usual yearly move; 30.5 sigma above its rolling median of 14.0%.",90.25167228268204,53.06277200433702,79.2311388345756,0.0,0.0,0.0847457627118644,False,False,1.0,False,0001628280-25-007110,10-K,2025-02-21 00:00:00,https://www.sec.gov/Archives/edgar/data/1800/000162828025007110/0001628280-25-007110-index.htm
405,90.24546639890228,HWM,Howmet Aerospace,Industrials,4281,Q,2013,Q4,2013-12-31,Debt / EBITDA,debt_to_ebitda,140.03389830508473,3.8558875219683655,YoY delta + Trend,2,Debt / EBITDA rose 548% year over year (3.86x to 140.03x); 32.4 sigma above its rolling median of 3.53x.,90.79335734841861,53.543463402894474,80.18224489822384,0.0,0.0,0.10344827586206896,False,False,1.0,False,0001193125-14-051516,10-K,2014-02-13 00:00:00,https://www.sec.gov/Archives/edgar/data/4281/000119312514051516/0001193125-14-051516-index.htm
406,90.2242015195577,KHC,Kraft Heinz,Consumer Staples,1637459,Q,2018,Q4,2018-12-29,Interest coverage,interest_coverage,-43.495384615384616,4.89935064935065,Trend,1,Interest coverage of -43.50x is 73.8 sigma below its rolling median of 4.93x.,90.2242015195577,0.0,90.2242015195577,0.0,0.0,0.045454545454545456,False,False,0.045454545454545456,False,0001637459-19-000049,10-K,2019-06-07 00:00:00,https://www.sec.gov/Archives/edgar/data/1637459/000163745919000049/0001637459-19-000049-index.htm
407,90.20582191537544,ECHO,EchoStar,Communication Services,1415404,Q,2026,Q2,2026-06-30,Return on equity,roe,3.4214889332111214,-0.06162131095498444,YoY delta + Trend,2,"Return on equity rose 34,831 bps year over year (-6.2% to 342.1%), 5.9x its usual yearly move; 50.3 sigma above its rolling median of -4.1%.",93.08036252269393,49.60689360232341,86.26868242116325,0.0,0.0,0.11764705882352941,False,False,1.0,False,0001104659-26-089370,10-Q,2026-08-03 00:00:00,https://www.sec.gov/Archives/edgar/data/1415404/000110465926089370/0001104659-26-089370-index.htm
408,90.20163528774812,KMI,Kinder Morgan,Energy,1506307,Q,2012,Q2,2012-06-30,SG&A % of revenue,sga_pct,0.23119520073834796,0.05394639783624293,YoY delta + Trend,2,"SG&A % of revenue rose 1,772 bps year over year (5.4% to 23.1%); 25.0 sigma above its rolling median of 5.6%.",90.20163528774812,59.62977854631751,75.7287318240408,0.0,0.0,0.07692307692307693,False,False,1.0,False,0001506307-13-000054,10-Q,2013-08-05 00:00:00,https://www.sec.gov/Archives/edgar/data/1506307/000150630713000054/0001506307-13-000054-index.htm
409,90.20096689457272,WMB,Williams Companies,Energy,107263,Q,2012,Q1,2012-03-31,Return on equity,roe,0.9065095097776588,0.17322091062394604,YoY delta + Trend,2,"Return on equity rose 7,333 bps year over year (17.3% to 90.7%); 20.8 sigma above its rolling median of 9.0%.",90.20096689457272,64.70448919201152,72.23716874722362,0.0,0.0,0.06666666666666667,False,False,1.0,False,0001193125-12-200863,10-Q,2012-05-01 00:00:00,https://www.sec.gov/Archives/edgar/data/107263/000119312512200863/0001193125-12-200863-index.htm
410,90.18349655648218,TECH,Bio-Techne,Health Care,842023,Q,2015,Q4,2015-06-30,EBITDA margin,ebitda_margin,-0.8462811419052718,0.47725430433513827,YoY delta + Trend,2,"EBITDA margin fell 13,235 bps year over year (47.7% to -84.6%), 43.9x its usual yearly move; 23.8 sigma below its rolling median of 51.9%.",96.97150167363677,87.97648004972714,74.8118825527919,0.0,0.0,0.14,False,False,0.04,False,0001437749-15-016645,10-K,2015-08-31 00:00:00,https://www.sec.gov/Archives/edgar/data/842023/000143774915016645/0001437749-15-016645-index.htm
411,90.17423890671552,GPN,Global Payments,Financials,1123360,Q,2026,Q1,2026-03-31,Net margin,net_margin,-0.606084422507191,0.12675023983270994,YoY delta + Trend,2,"Net margin fell 7,328 bps year over year (12.7% to -60.6%), 7.2x its usual yearly move; 29.0 sigma below its rolling median of 12.8%.",90.17423890671552,54.50839307223811,78.40093644331525,0.0,0.0,0.07042253521126761,False,False,0.014084507042253521,False,0001123360-26-000072,10-Q,2026-05-08 00:00:00,https://www.sec.gov/Archives/edgar/data/1123360/000112336026000072/0001123360-26-000072-index.htm
412,90.17266988865696,SNPS,Synopsys,Information Technology,883241,Q,2025,Q2,2025-04-30,Quick ratio,quick_ratio,6.344814544511478,0.9945254848804991,YoY delta + Trend,2,"Quick ratio rose 538% year over year (0.99x to 6.34x), 7.2x its usual yearly move; 63.4 sigma above its rolling median of 0.91x.",94.91859988279678,54.61920589203997,88.80275187535356,0.0,0.0,0.12857142857142856,False,False,1.0,False,0000883241-25-000017,10-Q,2025-05-28 00:00:00,https://www.sec.gov/Archives/edgar/data/883241/000088324125000017/0000883241-25-000017-index.htm
413,90.16843506299423,MDLZ,Mondelez International,Consumer Staples,1103982,A,2015,FY,2015-12-31,EBITDA margin,ebitda_margin,0.3303752193278445,0.12559864501810536,YoY delta + Trend,2,"EBITDA margin rose 2,048 bps year over year (12.6% to 33.0%), 8.8x its usual yearly move; 25.0 sigma above its rolling median of 14.3%.",90.16843506299423,59.40696970313301,75.78016505517063,0.0,0.0,0.1,False,False,0.9333333333333333,False,0001193125-16-469394,10-K,2016-02-19 00:00:00,https://www.sec.gov/Archives/edgar/data/1103982/000119312516469394/0001193125-16-469394-index.htm
414,90.15707707303633,TSCO,Tractor Supply,Consumer Discretionary,916365,Q,2025,Q4,2025-12-27,Net margin,net_margin,0.28116906770095834,0.06264848493360728,YoY delta + Trend,2,"Net margin rose 2,185 bps year over year (6.3% to 28.1%), 19.1x its usual yearly move; 17.5 sigma above its rolling median of 6.9%.",90.15707707303633,68.60485462785917,68.64826453169411,0.0,0.0,0.08695652173913043,False,False,0.9782608695652174,False,0000916365-26-000014,10-K,2026-02-19 00:00:00,https://www.sec.gov/Archives/edgar/data/916365/000091636526000014/0000916365-26-000014-index.htm
415,90.1440327610109,GDDY,GoDaddy,Information Technology,1609711,Q,2020,Q2,2020-06-30,Accruals / assets,accruals,-0.5492276180605992,-0.1086917457713192,YoY delta + Trend,2,"Accruals / assets fell 4,405 bps year over year (-10.9% to -54.9%), 13.4x its usual yearly move; 17.1 sigma below its rolling median of -7.7%.",90.1440327610109,69.13300155913102,68.06956381628785,0.0,0.0,0.02857142857142857,False,False,0.014285714285714285,False,0001609711-20-000108,10-Q,2020-08-06 00:00:00,https://www.sec.gov/Archives/edgar/data/1609711/000160971120000108/0001609711-20-000108-index.htm
416,90.10384187727819,BMY,Bristol Myers Squibb,Health Care,14272,Q,2019,Q2,2019-06-30,Quick ratio,quick_ratio,3.4867675831531253,1.0526422352702975,YoY delta + Trend,2,"Quick ratio rose 231% year over year (1.05x to 3.49x), 3.1x its usual yearly move; 45.6 sigma above its rolling median of 1.17x.",90.10384187727819,33.75372339135397,85.06156326160944,0.0,0.0,0.09259259259259259,False,False,0.8888888888888888,False,0000014272-19-000160,10-Q,2019-07-25 00:00:00,https://www.sec.gov/Archives/edgar/data/14272/000001427219000160/0000014272-19-000160-index.htm
417,90.09420877350088,DOV,Dover Corporation,Industrials,29905,Q,2024,Q4,2024-12-31,Return on assets,roa,0.4703874338243688,0.1071442036565163,YoY delta + Trend,2,"Return on assets rose 3,632 bps year over year (10.7% to 47.0%), 10.4x its usual yearly move; 21.5 sigma above its rolling median of 10.7%.",90.09420877350088,63.47336408242,72.88063634206308,0.0,0.0,0.08860759493670886,False,False,0.9873417721518988,False,0000029905-25-000006,10-K,2025-02-14 00:00:00,https://www.sec.gov/Archives/edgar/data/29905/000002990525000006/0000029905-25-000006-index.htm
418,90.08452530125898,ECHO,EchoStar,Communication Services,1415404,Q,2024,Q1,2024-03-31,Debt / EBITDA,debt_to_ebitda,12.530345484409724,,Trend,1,Debt / EBITDA of 12.53x is 72.7 sigma above its rolling median of 2.20x. An input changed XBRL tag versus the comparison period.,90.08452530125898,0.0,90.08452530125898,0.0,0.0,0.06666666666666667,False,False,1.0,True,0001558370-24-007171,10-Q,2024-05-08 00:00:00,https://www.sec.gov/Archives/edgar/data/1415404/000155837024007171/0001558370-24-007171-index.htm
419,90.07667925052712,MMM,3M,Industrials,66740,Q,2018,Q1,2018-03-31,SG&A % of revenue,sga_pct,0.3108238705001208,0.2044242029928432,YoY delta + Trend,2,"SG&A % of revenue rose 1,064 bps year over year (20.4% to 31.1%), 12.5x its usual yearly move; 21.1 sigma above its rolling median of 20.4%.",90.07667925052712,63.94223564336398,72.4793787786607,0.0,0.0,0.04411764705882353,False,False,0.9264705882352942,False,0001558370-18-004248,10-Q,2018-05-08 00:00:00,https://www.sec.gov/Archives/edgar/data/66740/000155837018004248/0001558370-18-004248-index.htm
420,90.07389357857181,EFX,Equifax,Industrials,33185,A,2019,FY,2019-12-31,Debt / EBITDA,debt_to_ebitda,1791.1052631578948,3.4754549024741457,YoY delta + Trend,2,"Debt / EBITDA rose 619% year over year (3.48x to 1791.11x), 5.4x its usual yearly move; 35.3 sigma above its rolling median of 2.12x. An input changed XBRL tag versus the comparison period.",90.30292273042434,47.557357643323,81.50917491223431,0.0,0.0,0.10144927536231885,False,False,1.0,True,0000033185-20-000011,10-K,2020-02-20 00:00:00,https://www.sec.gov/Archives/edgar/data/33185/000003318520000011/0000033185-20-000011-index.htm
421,90.04412760845256,HAS,Hasbro,Consumer Discretionary,46080,Q,2023,Q4,2023-12-31,Return on equity,roe,-2.564437194127243,-0.17594567387261342,YoY delta + Trend,2,"Return on equity fell 23,885 bps year over year (-17.6% to -256.4%), 13.7x its usual yearly move; 16.5 sigma below its rolling median of 9.4%.",90.04412760845256,69.55104213800712,67.30307672048573,0.0,0.0,0.09090909090909091,False,False,0.030303030303030304,False,0000046080-24-000034,10-K,2024-02-28 00:00:00,https://www.sec.gov/Archives/edgar/data/46080/000004608024000034/0000046080-24-000034-index.htm
422,90.03264449072715,AON,Aon plc,Financials,315293,Q,2018,Q4,2018-12-31,Asset turnover,asset_turnover,1.6561586959864678,0.44743520725986313,YoY delta + Trend,2,"Asset turnover rose 270% year over year (0.45x to 1.66x), 13.8x its usual yearly move; 16.3 sigma above its rolling median of 0.41x. An input changed XBRL tag versus the comparison period.",90.03264449072715,69.66903431185547,67.13802121648641,0.0,0.0,0.07575757575757576,False,False,1.0,True,0001628280-19-001558,10-K,2019-02-19 00:00:00,https://www.sec.gov/Archives/edgar/data/315293/000162828019001558/0001628280-19-001558-index.htm
423,90.01980374678378,SHW,Sherwin-Williams,Materials,89800,Q,2017,Q3,2017-09-30,Debt / EBITDA,debt_to_ebitda,4.489348603567754,0.8503695348004816,YoY delta + Trend,2,"Debt / EBITDA rose 428% year over year (0.85x to 4.49x), 4.3x its usual yearly move; 38.6 sigma above its rolling median of 0.92x. An input changed XBRL tag versus the comparison period.",90.01980374678378,41.891709512553234,82.82483244732133,0.0,0.0,0.05,False,False,0.9,True,0000089800-17-000023,10-Q,2017-10-25 00:00:00,https://www.sec.gov/Archives/edgar/data/89800/000008980017000023/0000089800-17-000023-index.htm
424,90.00375989137618,BF.B,Brown–Forman,Consumer Staples,14693,Q,2016,Q4,2016-04-30,Net margin,net_margin,0.5594855305466238,0.14889123548046462,YoY delta + Trend,2,"Net margin rose 4,106 bps year over year (14.9% to 55.9%), 13.2x its usual yearly move; 22.5 sigma above its rolling median of 16.7%.",91.78853699970374,68.72634515221569,73.74319362331254,0.0,0.0,0.1111111111111111,False,False,1.0,False,0000014693-16-000160,10-K,2016-06-16 00:00:00,https://www.sec.gov/Archives/edgar/data/14693/000001469316000160/0000014693-16-000160-index.htm
425,89.9957938546175,CCL,Carnival Corporation,Consumer Discretionary,815097,Q,2022,Q3,2022-08-31,Operating margin,operating_margin,-0.06480836236933799,-3.7673992673992673,YoY delta,1,"Operating margin rose 37,026 bps year over year (-376.7% to -6.5%), 67.0x its usual yearly move.",91.78041299621047,91.78041299621047,0.0,0.0,0.0,0.1111111111111111,False,False,0.1388888888888889,False,0000815097-22-000073,10-Q,2022-09-30 00:00:00,https://www.sec.gov/Archives/edgar/data/815097/000081509722000073/0000815097-22-000073-index.htm
426,89.99181477388814,TECH,Bio-Techne,Health Care,842023,A,2015,FY,2015-06-30,Cash conversion (CFO / EBITDA),cash_conversion,3.728866239395894,0.7643537795165573,YoY delta + Trend,2,"Cash conversion (CFO / EBITDA) rose 388% year over year (0.76x to 3.73x), 27.4x its usual yearly move; 84.1 sigma above its rolling median of 0.72x.",97.83934562053524,75.12613047073832,91.31355747877117,0.0,0.0,0.14583333333333334,False,False,0.9791666666666666,False,0001437749-15-016645,10-K,2015-08-31 00:00:00,https://www.sec.gov/Archives/edgar/data/842023/000143774915016645/0001437749-15-016645-index.htm
427,89.99013643057717,DOC,Healthpeak Properties,Real Estate,765880,Q,2015,Q4,2015-12-31,EBITDA margin,ebitda_margin,-0.506800531707872,0.7526693044896011,YoY delta + Trend + Benford,3,"EBITDA margin fell 12,595 bps year over year (75.3% to -50.7%), 5.4x its usual yearly move; 39.3 sigma below its rolling median of 79.8%; the filing's leading digits also depart from Benford's Law.",94.10733221498265,47.286013032463494,83.07944490898845,33.93499288192391,0.0,0.125,False,False,0.041666666666666664,False,0001558370-16-003110,10-K,2016-02-09 00:00:00,https://www.sec.gov/Archives/edgar/data/765880/000155837016003110/0001558370-16-003110-index.htm
428,89.98572533295172,UDR,"UDR, Inc.",Real Estate,74208,Q,2018,Q4,2018-12-31,EBITDA margin,ebitda_margin,1.1379811482177482,0.6261309712116419,YoY delta + Trend,2,"EBITDA margin rose 5,119 bps year over year (62.6% to 113.8%), 5.4x its usual yearly move; 63.4 sigma above its rolling median of 62.4%. An input changed XBRL tag versus the comparison period.",94.10271930243316,47.375536315932386,88.79365168836432,0.0,0.0,0.125,False,False,0.9583333333333334,True,0000074208-19-000028,10-K,2019-02-19 00:00:00,https://www.sec.gov/Archives/edgar/data/74208/000007420819000028/0000074208-19-000028-index.htm
429,89.97652313799006,MO,Altria,Consumer Staples,764180,A,2016,FY,2016-12-31,Accruals / assets,accruals,0.26630303184778314,-0.016982539919415014,YoY delta + Trend,2,"Accruals / assets rose 2,833 bps year over year (-1.7% to 26.6%), 11.1x its usual yearly move; 20.0 sigma above its rolling median of 0.3%.",89.97652313799006,64.90424144026005,71.43963466426293,0.0,0.0,0.0625,False,False,1.0,False,0000764180-17-000028,10-K,2017-02-27 00:00:00,https://www.sec.gov/Archives/edgar/data/764180/000076418017000028/0000764180-17-000028-index.htm
430,89.97471448862471,ARES,Ares Management,Financials,1176948,Q,2016,Q3,2016-09-30,Asset turnover,asset_turnover,0.2686167928735595,0.04566860703907161,YoY delta + Trend,2,Asset turnover rose 488% year over year (0.05x to 0.27x); 15.3 sigma above its rolling median of 0.03x.,89.97471448862471,70.84209071648964,65.61726900959638,0.0,0.0,0.09523809523809523,False,False,0.6190476190476191,False,0001628280-17-001756,10-K,2017-02-27 00:00:00,https://www.sec.gov/Archives/edgar/data/1176948/000162828017001756/0001628280-17-001756-index.htm
431,89.96460852576402,KKR,KKR & Co.,Financials,1404912,A,2015,FY,2015-12-31,Net margin,net_margin,4.348710918025781,2.555764250090969,YoY delta,1,"Net margin rose 17,929 bps year over year (255.6% to 434.9%).",89.96460852576402,89.96460852576402,0.0,0.0,0.0,0.09090909090909091,False,False,1.0,False,0001404912-16-000009,10-K,2016-02-26 00:00:00,https://www.sec.gov/Archives/edgar/data/1404912/000140491216000009/0001404912-16-000009-index.htm
432,89.95013686420256,GE,GE Aerospace,Industrials,40545,Q,2015,Q1,2015-03-31,Return on assets,roa,-0.08577070727815606,0.018331127770833396,YoY delta + Trend,2,"Return on assets fell 1,041 bps year over year (1.8% to -8.6%), 20.8x its usual yearly move; 21.1 sigma below its rolling median of 2.0%.",89.95013686420256,63.43733756414841,72.51331695707417,0.0,0.0,0.056338028169014086,False,False,0.014084507042253521,False,0000040545-15-000054,10-Q,2015-05-04 00:00:00,https://www.sec.gov/Archives/edgar/data/40545/000004054515000054/0000040545-15-000054-index.htm
433,89.94453244468797,PCG,PG&E Corporation,Utilities,1004980,Q,2020,Q3,2020-09-30,Accruals / assets,accruals,0.8825872978673541,-0.13761316872427984,YoY delta + Trend,2,"Accruals / assets rose 10,202 bps year over year (-13.8% to 88.3%), 14.7x its usual yearly move; 15.1 sigma above its rolling median of -11.7%. An input changed XBRL tag versus the comparison period.",89.94453244468797,71.01724355142821,65.30534432377102,0.0,0.0,0.03333333333333333,False,False,1.0,True,0001004980-21-000039,10-Q,2021-11-01 00:00:00,https://www.sec.gov/Archives/edgar/data/1004980/000100498021000039/0001004980-21-000039-index.htm
434,89.9037055528788,GM,General Motors,Consumer Discretionary,1467858,Q,2012,Q4,2012-12-31,Operating margin,operating_margin,-0.884905996387412,0.011845222426954462,YoY delta + Trend,2,"Operating margin fell 8,968 bps year over year (1.2% to -88.5%); 44.0 sigma below its rolling median of 4.6%.",97.1931951923014,81.76432388958652,84.60816703091265,0.0,0.0,0.14285714285714285,False,False,0.03571428571428571,False,0001467858-13-000025,10-K,2013-02-15 00:00:00,https://www.sec.gov/Archives/edgar/data/1467858/000146785813000025/0001467858-13-000025-index.htm
435,89.90324715510522,A,Agilent Technologies,Health Care,1090872,Q,2023,Q3,2023-07-31,Gross margin,gross_margin,0.39354066985645936,0.5465657741559954,YoY delta + Trend,2,"Gross margin fell 1,530 bps year over year (54.7% to 39.4%), 8.5x its usual yearly move; 24.7 sigma below its rolling median of 54.0%.",89.90324715510522,58.68259718059675,75.562953729141,0.0,0.0,0.08771929824561403,False,False,0.3157894736842105,False,0001090872-23-000015,10-Q,2023-08-31 00:00:00,https://www.sec.gov/Archives/edgar/data/1090872/000109087223000015/0001090872-23-000015-index.htm
436,89.89208185727198,SOLV,Solventum,Health Care,1964738,Q,2025,Q3,2025-09-30,Operating margin,operating_margin,0.8062977099236641,0.13208453410182516,YoY delta + Trend,2,"Operating margin rose 6,742 bps year over year (13.2% to 80.6%); 10.1 sigma above its rolling median of 15.7%. Reverses the prior year's flagged move.",89.89208185727198,77.12228486925035,55.81762389749274,0.0,0.0,0.0784313725490196,False,True,1.0,False,0001964738-25-000091,10-Q,2025-11-06 00:00:00,https://www.sec.gov/Archives/edgar/data/1964738/000196473825000091/0001964738-25-000091-index.htm
437,89.88377136211781,UBER,Uber,Industrials,1543151,Q,2019,Q1,2019-03-31,Net margin,net_margin,-0.32655695385608263,1.4504643962848298,YoY delta,1,"Net margin fell 17,770 bps year over year (145.0% to -32.7%).",89.88377136211781,89.88377136211781,0.0,0.0,0.0,0.09523809523809523,False,False,0.047619047619047616,False,0001628280-19-007524,10-Q,2019-06-04 00:00:00,https://www.sec.gov/Archives/edgar/data/1543151/000162828019007524/0001628280-19-007524-index.htm
438,89.86873459436204,EW,Edwards Lifesciences,Health Care,1099800,Q,2018,Q4,2018-12-31,EBITDA margin,ebitda_margin,0.014933006034570932,0.40213843556555995,YoY delta + Trend,2,"EBITDA margin fell 3,872 bps year over year (40.2% to 1.5%); 18.9 sigma below its rolling median of 29.6%. Reverses the prior year's flagged move.",89.86873459436204,65.9403694274858,70.25432972894957,0.0,0.0,0.1,False,True,0.1,False,0001099800-19-000004,10-K,2019-02-15 00:00:00,https://www.sec.gov/Archives/edgar/data/1099800/000109980019000004/0001099800-19-000004-index.htm
439,89.84483182435021,HIG,Hartford (The),Financials,874766,Q,2018,Q4,2018-12-31,Asset turnover,asset_turnover,0.29952159296612363,0.08078830447348105,Trend,1,Asset turnover of 0.30x is 70.8 sigma above its rolling median of 0.08x.,89.84483182435021,0.0,89.84483182435021,0.0,0.0,0.07575757575757576,False,False,0.6818181818181818,False,0000874766-19-000018,10-K,2019-02-22 00:00:00,https://www.sec.gov/Archives/edgar/data/874766/000087476619000018/0000874766-19-000018-index.htm
440,89.8203562422049,MDLZ,Mondelez International,Consumer Staples,1103982,Q,2015,Q3,2015-09-30,Return on assets,roa,0.4420111324025915,0.05041816512089283,YoY delta + Trend,2,"Return on assets rose 3,916 bps year over year (5.0% to 44.2%), 13.9x its usual yearly move; 55.5 sigma above its rolling median of 3.0%.",96.20647575342352,69.88106282883261,87.40485354772747,0.0,0.0,0.13793103448275862,False,False,1.0,False,0001193125-15-357422,10-Q,2015-10-29 00:00:00,https://www.sec.gov/Archives/edgar/data/1103982/000119312515357422/0001193125-15-357422-index.htm
441,89.80913268484782,APD,Air Products,Materials,2969,Q,2026,Q3,2026-06-30,EBITDA margin,ebitda_margin,-0.541505852578298,0.3942170906805174,YoY delta + Trend,2,"EBITDA margin fell 9,357 bps year over year (39.4% to -54.2%), 4.4x its usual yearly move; 37.5 sigma below its rolling median of 34.4%.",89.80913268484782,42.04755431685202,82.4151212342785,0.0,0.0,0.047619047619047616,False,False,0.047619047619047616,False,0000002969-26-000036,10-Q,2026-07-30 00:00:00,https://www.sec.gov/Archives/edgar/data/2969/000000296926000036/0000002969-26-000036-index.htm
442,89.79652895473198,OXY,Occidental Petroleum,Energy,797468,Q,2015,Q1,2015-03-31,Gross margin,gross_margin,0.16472868217054262,0.4747043363994744,YoY delta + Trend,2,"Gross margin fell 3,100 bps year over year (47.5% to 16.5%), 3.7x its usual yearly move; 40.3 sigma below its rolling median of 46.9%. An input changed XBRL tag versus the comparison period.",89.79652895473198,38.337935065839226,83.45259592561051,0.0,0.0,,False,False,,True,0000797468-16-000023,10-Q,2016-05-05 00:00:00,https://www.sec.gov/Archives/edgar/data/797468/000079746816000023/0000797468-16-000023-index.htm
443,89.79010461041442,V,Visa Inc.,Financials,1403161,Q,2012,Q3,2012-06-30,Return on assets,roa,-0.19463664386733168,0.11674338236361788,YoY delta + Trend,2,"Return on assets fell 3,114 bps year over year (11.7% to -19.5%), 9.9x its usual yearly move; 21.6 sigma below its rolling median of 9.9%.",89.79010461041442,62.19930451837562,72.99019168959785,0.0,0.0,0.030303030303030304,False,False,0.015151515151515152,False,0001384108-12-000008,10-Q,2012-07-27 00:00:00,https://www.sec.gov/Archives/edgar/data/1403161/000138410812000008/0001384108-12-000008-index.htm
444,89.77340681233937,VRSK,Verisk Analytics,Industrials,1442145,Q,2023,Q3,2023-09-30,Return on equity,roe,2.2095799557848195,0.34905203989956,YoY delta + Trend,2,"Return on equity rose 18,605 bps year over year (34.9% to 221.0%), 5.1x its usual yearly move; 34.1 sigma above its rolling median of 28.5%.",89.77340681233937,46.12769936568563,81.01697334762287,0.0,0.0,0.07792207792207792,False,False,1.0,False,0001437749-23-029653,10-Q,2023-11-01 00:00:00,https://www.sec.gov/Archives/edgar/data/1442145/000143774923029653/0001437749-23-029653-index.htm
445,89.76949580440046,ANET,Arista Networks,Information Technology,1596532,Q,2018,Q2,2018-06-30,EBITDA margin,ebitda_margin,-0.4504650424645808,0.30040645490867723,YoY delta + Trend,2,"EBITDA margin fell 7,509 bps year over year (30.0% to -45.0%), 15.6x its usual yearly move; 13.7 sigma below its rolling median of 23.4%.",89.76949580440046,72.2094426470541,63.18712120210478,0.0,0.0,0.09230769230769231,False,False,0.015384615384615385,False,0001596532-18-000174,10-Q,2018-08-08 00:00:00,https://www.sec.gov/Archives/edgar/data/1596532/000159653218000174/0001596532-18-000174-index.htm
446,89.7678739699592,FE,FirstEnergy,Utilities,1031296,Q,2016,Q4,2016-12-31,Return on equity,roe,-2.6131650135256987,-0.07218141168955605,YoY delta + Trend,2,"Return on equity fell 25,410 bps year over year (-7.2% to -261.3%), 26.3x its usual yearly move; 42.4 sigma below its rolling median of 6.3%.",97.04635023779372,81.40258974839772,84.11795125102532,0.0,0.0,0.14285714285714285,False,False,0.03571428571428571,False,0001031296-18-000015,10-K,2018-02-20 00:00:00,https://www.sec.gov/Archives/edgar/data/1031296/000103129618000015/0001031296-18-000015-index.htm
447,89.76549664384791,FDS,FactSet,Financials,1013237,Q,2016,Q4,2016-08-31,Return on equity,roe,1.0880364322484208,0.4675668893256225,YoY delta + Trend,2,"Return on equity rose 6,205 bps year over year (46.8% to 108.8%), 20.5x its usual yearly move; 11.1 sigma above its rolling median of 44.1%.",89.76549664384791,75.62371428346623,58.01450854668024,0.0,0.0,0.03225806451612903,False,False,1.0,False,0001437749-16-040606,10-K,2016-10-31 00:00:00,https://www.sec.gov/Archives/edgar/data/1013237/000143774916040606/0001437749-16-040606-index.htm
448,89.75299697312649,COIN,Coinbase,Financials,1679788,Q,2025,Q1,2025-03-31,Asset turnover,asset_turnover,0.3675914396230638,0.02360378626744653,Trend,1,Asset turnover of 0.37x is 70.1 sigma above its rolling median of 0.02x.,89.75299697312649,0.0,89.75299697312649,0.0,0.0,0.05555555555555555,False,False,0.7916666666666666,False,0001679788-25-000089,10-Q,2025-05-08 00:00:00,https://www.sec.gov/Archives/edgar/data/1679788/000167978825000089/0001679788-25-000089-index.htm
449,89.74120544329752,SOLV,Solventum,Health Care,1964738,Q,2025,Q3,2025-09-30,EBITDA margin,ebitda_margin,0.8640267175572519,0.19596541786743515,YoY delta + Trend,2,"EBITDA margin rose 6,681 bps year over year (19.6% to 86.4%); 10.0 sigma above its rolling median of 22.5%. Reverses the prior year's flagged move.",89.74120544329752,76.96015246026222,55.47368731929013,0.0,0.0,0.06896551724137931,False,True,1.0,False,0001964738-25-000091,10-Q,2025-11-06 00:00:00,https://www.sec.gov/Archives/edgar/data/1964738/000196473825000091/0001964738-25-000091-index.htm
450,89.71043213051364,CNC,Centene Corporation,Health Care,1071739,Q,2013,Q1,2013-03-31,Debt / EBITDA,debt_to_ebitda,12.260810903519404,1.4241464802471142,YoY delta + Trend,2,Debt / EBITDA rose 761% year over year (1.42x to 12.26x); 60.2 sigma above its rolling median of 1.43x.,94.95811757547403,57.03334770512169,88.26559167345934,0.0,0.0,0.13157894736842105,False,False,1.0,False,0001071739-13-000057,10-Q,2013-04-23 00:00:00,https://www.sec.gov/Archives/edgar/data/1071739/000107173913000057/0001071739-13-000057-index.htm
451,89.70964813894538,ROP,Roper Technologies,Information Technology,882835,A,2022,FY,2022-12-31,Accruals / assets,accruals,0.15031551621767167,-0.03600014244208577,YoY delta + Trend,2,"Accruals / assets rose 1,863 bps year over year (-3.6% to 15.0%), 8.9x its usual yearly move; 23.4 sigma above its rolling median of -2.5%.",89.70964813894538,59.644550246040936,74.500713227598,0.0,0.0,0.0958904109589041,False,False,0.9863013698630136,False,0000882835-23-000016,10-K,2023-02-27 00:00:00,https://www.sec.gov/Archives/edgar/data/882835/000088283523000016/0000882835-23-000016-index.htm
452,89.70874471068471,GILD,Gilead Sciences,Health Care,882095,Q,2026,Q2,2026-06-30,Return on equity,roe,-2.3757356269805343,0.40374909877433307,YoY delta + Trend,2,"Return on equity fell 27,795 bps year over year (40.4% to -237.6%), 6.9x its usual yearly move; 28.2 sigma below its rolling median of 35.5%.",89.70874471068471,53.3793844621235,77.92552678556069,0.0,0.0,0.06382978723404255,False,False,0.02127659574468085,False,0000882095-26-000031,10-Q,2026-08-06 00:00:00,https://www.sec.gov/Archives/edgar/data/882095/000088209526000031/0000882095-26-000031-index.htm
453,89.70287907374771,HST,Host Hotels & Resorts,Real Estate,1070750,Q,2021,Q3,2021-09-30,Debt / EBITDA,debt_to_ebitda,33.8109756097561,25.0,Trend,1,Debt / EBITDA of 33.81x is 69.7 sigma above its rolling median of 2.77x.,89.70287907374771,0.0,89.70287907374771,0.0,0.0,0.05,False,False,1.0,False,0000950170-21-003158,10-Q,2021-11-05 00:00:00,https://www.sec.gov/Archives/edgar/data/1070750/000095017021003158/0000950170-21-003158-index.htm
454,89.70117104974682,BAX,Baxter International,Health Care,10456,Q,2022,Q3,2022-09-30,Return on equity,roe,-1.6323468111713213,0.20852641334569044,YoY delta + Trend,2,"Return on equity fell 18,409 bps year over year (20.9% to -163.2%), 6.1x its usual yearly move; 30.7 sigma below its rolling median of 13.2%.",89.70117104974682,50.23728701524503,79.30412485065219,0.0,0.0,0.07692307692307693,False,False,0.019230769230769232,False,0001628280-22-027149,10-Q,2022-10-27 00:00:00,https://www.sec.gov/Archives/edgar/data/10456/000162828022027149/0001628280-22-027149-index.htm
455,89.6821146875601,JCI,Johnson Controls,Industrials,833444,A,2014,FY,2014-09-26,SG&A % of revenue,sga_pct,0.1088028078143952,0.27519489057950597,YoY delta + Trend,2,"SG&A % of revenue fell 1,664 bps year over year (27.5% to 10.9%), 11.2x its usual yearly move; 19.1 sigma below its rolling median of 27.0%. An input changed XBRL tag versus the comparison period.",89.6821146875601,65.08564082499983,70.44801750270175,0.0,0.0,0.057692307692307696,False,False,0.3076923076923077,True,0000833444-16-000216,10-K,2016-11-23 00:00:00,https://www.sec.gov/Archives/edgar/data/833444/000083344416000216/0000833444-16-000216-index.htm
456,89.6734096798204,UDR,"UDR, Inc.",Real Estate,74208,Q,2023,Q2,2023-06-30,EBITDA margin,ebitda_margin,1.4067774405014979,0.5995552148485644,YoY delta + Trend,2,"EBITDA margin rose 8,072 bps year over year (60.0% to 140.7%), 5.7x its usual yearly move; 31.8 sigma above its rolling median of 60.0%.",89.6734096798204,48.68817055491023,79.8748350392956,0.0,0.0,0.07407407407407407,False,False,1.0,False,0000074208-23-000056,10-Q,2023-07-27 00:00:00,https://www.sec.gov/Archives/edgar/data/74208/000007420823000056/0000074208-23-000056-index.htm
457,89.62796970750493,VRSN,Verisign,Information Technology,1014473,Q,2010,Q3,2010-09-30,Return on equity,roe,3.7614874328030257,0.3049618662567212,YoY delta,1,"Return on equity rose 34,565 bps year over year (30.5% to 376.1%).",89.62796970750493,89.62796970750493,0.0,0.0,0.0,0.057692307692307696,False,False,1.0,False,0001193125-10-240755,10-Q,2010-10-29 00:00:00,https://www.sec.gov/Archives/edgar/data/1014473/000119312510240755/0001193125-10-240755-index.htm
458,89.60940201450202,AEP,American Electric Power,Utilities,4904,Q,2016,Q3,2016-09-30,Operating margin,operating_margin,-0.2424444348910193,0.21660649819494585,YoY delta + Trend,2,"Operating margin fell 4,591 bps year over year (21.7% to -24.2%), 10.9x its usual yearly move; 28.0 sigma below its rolling median of 21.2%.",92.08871353268982,64.42529734950271,77.76148252022118,0.0,0.0,0.11538461538461539,False,False,0.038461538461538464,False,0000004904-16-000102,10-Q,2016-11-02 00:00:00,https://www.sec.gov/Archives/edgar/data/4904/000000490416000102/0000004904-16-000102-index.htm
459,89.60302136864422,ABT,Abbott Laboratories,Health Care,1800,Q,2024,Q4,2024-12-31,Return on assets,roa,0.4739808692302754,0.08776083246159776,YoY delta + Trend,2,"Return on assets rose 3,862 bps year over year (8.8% to 47.4%), 7.3x its usual yearly move; 26.6 sigma above its rolling median of 7.9%.",89.60302136864422,54.99636044943584,76.8974715485529,0.0,0.0,0.0847457627118644,False,False,1.0,False,0001628280-25-007110,10-K,2025-02-21 00:00:00,https://www.sec.gov/Archives/edgar/data/1800/000162828025007110/0001628280-25-007110-index.htm
460,89.5957159122848,PAYX,Paychex,Industrials,723531,Q,2026,Q3,2026-02-28,Debt / EBITDA,debt_to_ebitda,1.8001816860465116,0.33635390065079496,Trend,1,Debt / EBITDA of 1.80x is 68.9 sigma above its rolling median of 0.36x. An input changed XBRL tag versus the comparison period.,89.5957159122848,0.0,89.5957159122848,0.0,0.0,0.046875,False,False,0.359375,True,0001193125-26-126204,10-Q,2026-03-26 00:00:00,https://www.sec.gov/Archives/edgar/data/723531/000119312526126204/0001193125-26-126204-index.htm
461,89.58717770542239,DHR,Danaher Corporation,Health Care,313616,Q,2019,Q4,2019-12-31,SG&A % of revenue,sga_pct,0.11880700024648755,0.3120536962804139,YoY delta + Trend,2,"SG&A % of revenue fell 1,932 bps year over year (31.2% to 11.9%), 14.5x its usual yearly move; 19.1 sigma below its rolling median of 32.9%. An input changed XBRL tag versus the comparison period.",91.3636939772013,70.74782292918802,70.47636488083457,0.0,0.0,0.1111111111111111,False,False,0.14814814814814814,True,0000313616-20-000041,10-K,2020-02-21 00:00:00,https://www.sec.gov/Archives/edgar/data/313616/000031361620000041/0000313616-20-000041-index.htm
462,89.5869726347984,IFF,International Flavors & Fragrances,Materials,51253,Q,2023,Q4,2023-12-31,Net margin,net_margin,-0.9652238253792083,-0.008438818565400843,YoY delta + Trend,2,"Net margin fell 9,568 bps year over year (-0.8% to -96.5%), 6.3x its usual yearly move; 29.6 sigma below its rolling median of 0.9%.",89.5869726347984,51.07665328276995,78.71562747866082,0.0,0.0,0.08,False,False,0.04,False,0000051253-24-000006,10-K,2024-02-28 00:00:00,https://www.sec.gov/Archives/edgar/data/51253/000005125324000006/0000051253-24-000006-index.htm
463,89.56329723495223,GD,General Dynamics,Industrials,40533,Q,2012,Q4,2012-12-31,Return on assets,roa,-0.24408411161404917,0.07063888360106017,YoY delta + Trend,2,"Return on assets fell 3,147 bps year over year (7.1% to -24.4%), 38.5x its usual yearly move; 37.8 sigma below its rolling median of 7.7%.",97.20593801355413,83.98817239236759,82.5500120603721,0.0,0.0,0.14492753623188406,False,False,0.014492753623188406,False,0000040533-13-000005,10-K,2013-02-08 00:00:00,https://www.sec.gov/Archives/edgar/data/40533/000004053313000005/0000040533-13-000005-index.htm
464,89.5613960816736,ORCL,Oracle Corporation,Information Technology,1341439,Q,2018,Q4,2018-05-31,Days sales outstanding,dso,12.231387908488434,44.39777838979161,YoY delta + Trend,2,"Days sales outstanding fell 72% year over year (44 days to 12 days), 29.9x its usual yearly move; 11.7 sigma below its rolling median of 37 days.",89.5613960816736,74.28438302794865,59.4075307247287,0.0,0.0,0.08955223880597014,False,False,0.05970149253731343,False,0001193125-18-201034,10-K,2018-06-22 00:00:00,https://www.sec.gov/Archives/edgar/data/1341439/000119312518201034/0001193125-18-201034-index.htm
465,89.56119205868019,LVS,Las Vegas Sands,Consumer Discretionary,1300514,Q,2022,Q1,2022-03-31,Accruals / assets,accruals,0.5729683732803857,-0.01741317596981716,YoY delta + Trend,2,"Accruals / assets rose 5,904 bps year over year (-1.7% to 57.3%), 7.7x its usual yearly move; 25.5 sigma above its rolling median of -4.4%.",89.56119205868019,56.23868646473079,76.14603608068872,0.0,0.0,0.06666666666666667,False,False,1.0,False,0001300514-22-000048,10-Q,2022-04-29 00:00:00,https://www.sec.gov/Archives/edgar/data/1300514/000130051422000048/0001300514-22-000048-index.htm
466,89.55042163993257,PPL,PPL Corporation,Utilities,922224,A,2021,FY,2021-12-31,Quick ratio,quick_ratio,1.7882049074472666,0.25062740505270203,YoY delta + Trend,2,"Quick ratio rose 613% year over year (0.25x to 1.79x), 9.1x its usual yearly move; 24.1 sigma above its rolling median of 0.30x.",90.09409289013163,60.21278065172111,75.10279111702516,0.0,0.0,0.10344827586206896,False,False,1.0,False,0000922224-22-000005,10-K,2022-02-18 00:00:00,https://www.sec.gov/Archives/edgar/data/922224/000092222422000005/0000922224-22-000005-index.htm
467,89.54001718862298,MGM,MGM Resorts,Consumer Discretionary,789570,Q,2011,Q2,2011-06-30,Return on equity,roe,2.9656264347718198,-1.2403327579586672,YoY delta,1,"Return on equity rose 42,060 bps year over year (-124.0% to 296.6%).",91.31559826601777,91.31559826601777,0.0,0.0,0.0,0.1111111111111111,False,False,1.0,False,0001193125-11-238192,10-Q/A,2011-09-01 00:00:00,https://www.sec.gov/Archives/edgar/data/789570/000119312511238192/0001193125-11-238192-index.htm
468,89.52719014277582,VRTX,Vertex Pharmaceuticals,Health Care,875320,A,2011,FY,2011-12-31,SG&A % of revenue,sga_pct,0.2840731703513192,1.3098974680895585,YoY delta,1,"SG&A % of revenue fell 10,258 bps year over year (131.0% to 28.4%).",89.52719014277582,89.52719014277582,0.0,0.0,0.0,0.08,False,False,0.6,False,0001047469-12-001298,10-K,2012-02-22 00:00:00,https://www.sec.gov/Archives/edgar/data/875320/000104746912001298/0001047469-12-001298-index.htm
469,89.5126870078166,CL,Colgate-Palmolive,Consumer Staples,21665,Q,2015,Q4,2015-12-31,Return on assets,roa,-0.14356804200462364,0.18508694370763337,YoY delta + Trend,2,"Return on assets fell 3,287 bps year over year (18.5% to -14.4%), 10.7x its usual yearly move; 19.4 sigma below its rolling median of 16.9%.",89.5126870078166,64.06818551333645,70.81329417395308,0.0,0.0,0.0967741935483871,False,False,0.03225806451612903,False,0001628280-16-011343,10-K,2016-02-18 00:00:00,https://www.sec.gov/Archives/edgar/data/21665/000162828016011343/0001628280-16-011343-index.htm
470,89.51250372760435,SNDK,Sandisk,Information Technology,2023554,Q,2026,Q3,2026-04-03,Net margin,net_margin,0.607563025210084,-1.1404129793510325,YoY delta + Trend,2,"Net margin rose 17,480 bps year over year (-114.0% to 60.8%); 6.2 sigma above its rolling median of 4.9%. Reverses the prior year's flagged move.",94.22368813432037,89.73293307865667,43.7394154539721,0.0,0.0,0.12857142857142856,False,True,0.9571428571428572,False,0001628280-26-029401,10-Q,2026-05-01 00:00:00,https://www.sec.gov/Archives/edgar/data/2023554/000162828026029401/0001628280-26-029401-index.htm
471,89.50761319266347,ZBH,Zimmer Biomet,Health Care,1136869,Q,2015,Q1,2015-03-31,Quick ratio,quick_ratio,11.17167381974249,2.7508435833242624,YoY delta + Trend,2,"Quick ratio rose 306% year over year (2.75x to 11.17x), 6.4x its usual yearly move; 34.4 sigma above its rolling median of 2.76x.",90.89073304332273,51.741869605346665,81.12387097846103,0.0,0.0,0.10869565217391304,False,False,1.0,False,0001193125-15-177116,10-Q,2015-05-07 00:00:00,https://www.sec.gov/Archives/edgar/data/1136869/000119312515177116/0001193125-15-177116-index.htm
472,89.50180500200608,GILD,Gilead Sciences,Health Care,882095,Q,2026,Q2,2026-06-30,Accruals / assets,accruals,-1.0654297614539947,0.08081672685123267,YoY delta + Trend,2,"Accruals / assets fell 11,462 bps year over year (8.1% to -106.5%), 7.9x its usual yearly move; 24.8 sigma below its rolling median of -6.1%.",89.50180500200608,56.910348347132974,75.63638925984351,0.0,0.0,0.057692307692307696,False,False,0.019230769230769232,False,0000882095-26-000031,10-Q,2026-08-06 00:00:00,https://www.sec.gov/Archives/edgar/data/882095/000088209526000031/0000882095-26-000031-index.htm
473,89.5005248725577,MKC,McCormick & Company,Consumer Staples,63754,Q,2017,Q3,2017-08-31,Debt / EBITDA,debt_to_ebitda,6.555281598754218,2.174825174825175,YoY delta + Trend,2,"Debt / EBITDA rose 201% year over year (2.17x to 6.56x), 6.0x its usual yearly move; 37.8 sigma above its rolling median of 1.92x.",91.27532281620616,50.063213607990086,82.52855697340225,0.0,0.0,0.1111111111111111,False,False,1.0,False,0000063754-17-000057,10-Q,2017-09-28 00:00:00,https://www.sec.gov/Archives/edgar/data/63754/000006375417000057/0000063754-17-000057-index.htm
474,89.44269771167595,MAS,Masco,Industrials,62996,Q,2010,Q4,2010-12-31,Operating margin,operating_margin,-0.45994236311239195,-0.10326659641728135,YoY delta + Trend,2,"Operating margin fell 3,567 bps year over year (-10.3% to -46.0%); 19.2 sigma below its rolling median of 5.4%. Reverses the prior year's flagged move.",89.44269771167595,64.07244360799717,70.61502827207579,0.0,0.0,0.04918032786885246,False,True,0.01639344262295082,False,0000950123-11-015716,10-K,2011-02-18 00:00:00,https://www.sec.gov/Archives/edgar/data/62996/000095012311015716/0000950123-11-015716-index.htm
475,89.44138094314664,CAH,Cardinal Health,Health Care,721371,Q,2020,Q1,2019-09-30,EBITDA margin,ebitda_margin,-0.13470448032993224,0.030130917558856104,YoY delta + Trend,2,"EBITDA margin fell 1,648 bps year over year (3.0% to -13.5%), 13.3x its usual yearly move; 20.6 sigma below its rolling median of 2.0%.",89.44138094314664,62.240697128413046,72.03703920922098,0.0,0.0,0.07272727272727272,False,False,0.03636363636363636,False,0000721371-19-000127,10-Q,2019-11-07 00:00:00,https://www.sec.gov/Archives/edgar/data/721371/000072137119000127/0000721371-19-000127-index.htm
476,89.40077141483022,CAH,Cardinal Health,Health Care,721371,Q,2020,Q1,2019-09-30,Operating margin,operating_margin,-0.14097105058782572,0.02317325987561412,YoY delta + Trend,2,"Operating margin fell 1,641 bps year over year (2.3% to -14.1%), 13.0x its usual yearly move; 20.6 sigma below its rolling median of 1.3%.",89.40077141483022,62.141906511425326,72.00274073925945,0.0,0.0,0.0625,False,False,0.041666666666666664,False,0000721371-19-000127,10-Q,2019-11-07 00:00:00,https://www.sec.gov/Archives/edgar/data/721371/000072137119000127/0000721371-19-000127-index.htm
477,89.39384637876007,NOW,ServiceNow,Information Technology,1373715,Q,2016,Q1,2016-03-31,Return on equity,roe,-3.0680488281924134,-0.5259754296417436,YoY delta + Trend,2,"Return on equity fell 25,421 bps year over year (-52.6% to -306.8%), 11.8x its usual yearly move; 20.5 sigma below its rolling median of -36.9%.",90.52541405444057,66.21396104941425,71.95709754725432,0.0,0.0,0.10714285714285714,False,False,0.017857142857142856,False,0001373715-16-000364,10-Q,2016-05-06 00:00:00,https://www.sec.gov/Archives/edgar/data/1373715/000137371516000364/0001373715-16-000364-index.htm
478,89.38527349222313,SBUX,Starbucks,Consumer Discretionary,829224,Q,2014,Q3,2014-06-29,Debt / EBITDA,debt_to_ebitda,2.4347360912981455,0.18687109056295895,Trend,1,Debt / EBITDA of 2.43x is 67.4 sigma above its rolling median of 0.23x.,89.38527349222313,0.0,89.38527349222313,0.0,0.0,0.08333333333333333,False,False,0.625,False,0000829224-14-000030,10-Q,2014-07-29 00:00:00,https://www.sec.gov/Archives/edgar/data/829224/000082922414000030/0000829224-14-000030-index.htm
479,89.36590267609606,WMT,Walmart,Consumer Staples,104169,Q,2027,Q2,2026-07-31,Interest coverage,interest_coverage,68.48905109489051,11.192012288786483,YoY delta + Trend,2,"Interest coverage rose 347% year over year (11.19x to 68.49x), 6.8x its usual yearly move; 27.2 sigma above its rolling median of 13.09x.",89.36590267609606,53.163097079096154,77.2954728841436,0.0,0.0,,False,False,,False,0000104169-26-000154,10-Q,2026-08-28 00:00:00,https://www.sec.gov/Archives/edgar/data/104169/000010416926000154/0000104169-26-000154-index.htm
480,89.35089157909115,STX,Seagate Technology,Information Technology,1137789,A,2023,FY,2023-06-30,Debt / EBITDA,debt_to_ebitda,32.26900584795322,2.3753117206982544,YoY delta + Trend,2,"Debt / EBITDA rose 952% year over year (2.38x to 32.27x), 4.5x its usual yearly move; 47.1 sigma above its rolling median of 2.45x.",91.71904730878519,42.93527719374634,85.48849046488787,0.0,0.0,0.11475409836065574,False,False,0.9836065573770492,False,0001137789-23-000049,10-K,2023-08-04 00:00:00,https://www.sec.gov/Archives/edgar/data/1137789/000113778923000049/0001137789-23-000049-index.htm
481,89.34395812905463,BDX,Becton Dickinson,Health Care,10795,Q,2013,Q4,2013-09-30,SG&A % of revenue,sga_pct,0.4175577693491142,0.24617077010590335,YoY delta + Trend,2,"SG&A % of revenue rose 1,714 bps year over year (24.6% to 41.8%), 14.6x its usual yearly move; 13.9 sigma above its rolling median of 24.5%.",89.34395812905463,70.88039092170858,63.405958361956785,0.0,0.0,0.1,False,False,0.96,False,0001193125-13-456802,10-K,2013-11-27 00:00:00,https://www.sec.gov/Archives/edgar/data/10795/000119312513456802/0001193125-13-456802-index.htm
482,89.33469038846845,LHX,L3Harris,Industrials,202058,Q,2015,Q4,2015-07-03,Debt / EBITDA,debt_to_ebitda,6.09048178613396,1.4948321595170584,YoY delta + Trend,2,"Debt / EBITDA rose 307% year over year (1.49x to 6.09x), 4.0x its usual yearly move; 37.0 sigma above its rolling median of 1.62x. An input changed XBRL tag versus the comparison period.",89.33469038846845,39.99492441366526,82.22598753969338,0.0,0.0,0.09259259259259259,False,False,0.9814814814814815,True,0001193125-15-308363,10-K,2015-08-31 00:00:00,https://www.sec.gov/Archives/edgar/data/202058/000119312515308363/0001193125-15-308363-index.htm
483,89.32421998360897,ARES,Ares Management,Financials,1176948,Q,2015,Q4,2015-12-31,Asset turnover,asset_turnover,0.14058597097091252,0.029957883923232672,YoY delta + Trend,2,Asset turnover rose 369% year over year (0.03x to 0.14x); 16.0 sigma above its rolling median of 0.03x.,89.32421998360897,67.94787088253992,66.69244661636066,0.0,0.0,0.09375,False,False,0.390625,False,0001558370-16-003647,10-K,2016-02-29 00:00:00,https://www.sec.gov/Archives/edgar/data/1176948/000155837016003647/0001558370-16-003647-index.htm
484,89.31790700556078,PAYX,Paychex,Industrials,723531,Q,2025,Q4,2025-05-31,Interest coverage,interest_coverage,6.767660910518053,50.0,YoY delta + Trend,2,"Interest coverage fell 86% year over year (50.00x to 6.77x), 11.8x its usual yearly move; 17.3 sigma below its rolling median of 50.00x. An input changed XBRL tag versus the comparison period.",89.31790700556078,66.227313679512,68.37061496064948,0.0,0.0,0.09433962264150944,False,False,0.41509433962264153,True,0000950170-25-095300,10-K,2025-07-11 00:00:00,https://www.sec.gov/Archives/edgar/data/723531/000095017025095300/0000950170-25-095300-index.htm
485,89.311458775535,IP,International Paper,Materials,51434,Q,2026,Q2,2026-06-30,Debt / EBITDA,debt_to_ebitda,196.10638297872342,3.879155260070395,YoY delta + Trend,2,"Debt / EBITDA rose 544% year over year (3.88x to 196.11x), 4.2x its usual yearly move; 39.6 sigma above its rolling median of 2.72x.",90.14171138035405,41.38926885968886,83.18006203327221,0.0,0.0,0.10526315789473684,False,False,1.0,False,0000051434-26-000123,10-Q,2026-08-05 00:00:00,https://www.sec.gov/Archives/edgar/data/51434/000005143426000123/0000051434-26-000123-index.htm
486,89.30377358636756,XYZ,"Block, Inc.",Financials,1512673,Q,2019,Q4,2019-12-31,Return on equity,roe,1.0548683168490485,-0.10060977105159309,YoY delta + Trend,2,"Return on equity rose 11,555 bps year over year (-10.1% to 105.5%), 5.6x its usual yearly move; 33.4 sigma above its rolling median of -9.3%.",90.00906852631255,48.291945661033225,80.67819104506826,0.0,0.0,0.1044776119402985,False,False,0.9701492537313433,False,0001628280-20-002303,10-K,2020-02-26 00:00:00,https://www.sec.gov/Archives/edgar/data/1512673/000162828020002303/0001628280-20-002303-index.htm
487,89.30130338697846,IP,International Paper,Materials,51434,Q,2021,Q4,2021-12-31,Days payables outstanding,dpo,110.7064711359404,57.85733807051107,YoY delta + Trend,2,"Days payables outstanding rose 91% year over year (58 days to 111 days), 5.8x its usual yearly move; 30.1 sigma above its rolling median of 58 days. An input changed XBRL tag versus the comparison period.",89.30130338697846,49.08874673031989,78.98559566713105,0.0,0.0,0.08695652173913043,False,False,0.9130434782608695,True,0000051434-22-000016,10-K,2022-02-18 00:00:00,https://www.sec.gov/Archives/edgar/data/51434/000005143422000016/0000051434-22-000016-index.htm
488,89.29511417251884,EFX,Equifax,Industrials,33185,Q,2019,Q1,2019-03-31,Return on assets,roa,-0.30693841492452845,0.050396756644374374,YoY delta + Trend,2,"Return on assets fell 3,573 bps year over year (5.0% to -30.7%), 13.8x its usual yearly move; 14.6 sigma below its rolling median of 7.6%.",89.29511417251884,69.76723694331525,64.59177149170884,0.0,0.0,0.07317073170731707,False,False,0.012195121951219513,False,0000033185-19-000017,10-Q,2019-05-10 00:00:00,https://www.sec.gov/Archives/edgar/data/33185/000003318519000017/0000033185-19-000017-index.htm
489,89.28618403211644,LHX,L3Harris,Industrials,202058,A,2015,FY,2015-07-03,Days sales outstanding,dso,83.87172929372417,41.22635674381485,YoY delta + Trend,2,"Days sales outstanding rose 103% year over year (41 days to 84 days), 9.1x its usual yearly move; 21.6 sigma above its rolling median of 51 days.",89.28618403211644,60.343984568629395,72.98312538125502,0.0,0.0,0.09375,False,False,0.96875,False,0001193125-15-308363,10-K,2015-08-31 00:00:00,https://www.sec.gov/Archives/edgar/data/202058/000119312515308363/0001193125-15-308363-index.htm
490,89.28590839761257,ARES,Ares Management,Financials,1176948,Q,2014,Q2,2014-06-30,Net margin,net_margin,0.13555896609886187,-1.5311415197867908,YoY delta,1,"Net margin rose 16,667 bps year over year (-153.1% to 13.6%). An input changed XBRL tag versus the comparison period.",89.28590839761257,89.28590839761257,0.0,0.0,0.0,0.09836065573770492,False,False,0.4426229508196721,True,0001047469-14-006936,10-Q,2014-08-13 00:00:00,https://www.sec.gov/Archives/edgar/data/1176948/000104746914006936/0001047469-14-006936-index.htm
491,89.28200577568532,FIS,Fidelity National Information Services,Financials,1136893,Q,2023,Q2,2023-06-30,Net margin,net_margin,-1.760811532301121,0.07448238773863942,YoY delta + Trend,2,"Net margin fell 18,353 bps year over year (7.4% to -176.1%), 22.2x its usual yearly move; 36.3 sigma below its rolling median of 4.0%.",96.1550612070331,78.71525584797075,81.93570584873424,0.0,0.0,0.14084507042253522,False,False,0.014084507042253521,False,0001136893-23-000127,10-Q,2023-08-02 00:00:00,https://www.sec.gov/Archives/edgar/data/1136893/000113689323000127/0001136893-23-000127-index.htm
492,89.26674512548325,NI,NiSource,Utilities,1111711,Q,2018,Q3,2018-09-30,EBITDA margin,ebitda_margin,-0.1870391061452514,0.26455834242093784,YoY delta + Trend,2,"EBITDA margin fell 4,516 bps year over year (26.5% to -18.7%), 12.1x its usual yearly move; 16.7 sigma below its rolling median of 29.9%.",89.26674512548325,66.88237860347097,67.59050190832343,0.0,0.0,0.07142857142857142,False,False,0.03571428571428571,False,0001111711-18-000049,10-Q,2018-11-01 00:00:00,https://www.sec.gov/Archives/edgar/data/1111711/000111171118000049/0001111711-18-000049-index.htm
493,89.25767461682362,SWK,Stanley Black & Decker,Industrials,93556,A,2022,FY,2022-12-31,Debt / EBITDA,debt_to_ebitda,7.859793379717479,2.7437903058040356,YoY delta + Trend + Benford,3,"Debt / EBITDA rose 186% year over year (2.74x to 7.86x), 4.5x its usual yearly move; 26.1 sigma above its rolling median of 1.86x; the filing's leading digits also depart from Benford's Law. An input changed XBRL tag versus the comparison period.",91.81930001581557,43.12011803130895,76.51213713377926,38.76661378172998,0.0,0.11594202898550725,False,False,0.9855072463768116,True,0000093556-23-000007,10-K,2023-02-23 00:00:00,https://www.sec.gov/Archives/edgar/data/93556/000009355623000007/0000093556-23-000007-index.htm
494,89.2448664051853,MRNA,Moderna,Health Care,1682852,Q,2021,Q3,2021-09-30,Asset turnover,asset_turnover,1.0721760707735462,0.15525362980081184,YoY delta + Trend,2,Asset turnover rose 591% year over year (0.16x to 1.07x); 21.6 sigma above its rolling median of 0.06x.,92.59753580502232,72.60044402543745,72.98326950316255,0.0,0.0,0.1206896551724138,False,False,0.7758620689655172,False,0001682852-21-000027,10-Q,2021-11-04 00:00:00,https://www.sec.gov/Archives/edgar/data/1682852/000168285221000027/0001682852-21-000027-index.htm
495,89.22180935784606,SNPS,Synopsys,Information Technology,883241,Q,2025,Q2,2025-04-30,Current ratio,current_ratio,7.015168681288538,1.8550521258994956,YoY delta + Trend,2,"Current ratio rose 278% year over year (1.86x to 7.02x), 5.1x its usual yearly move; 40.0 sigma above its rolling median of 1.22x.",90.99108036494215,45.97620455560684,83.32416380420594,0.0,0.0,0.1111111111111111,False,False,1.0,False,0000883241-25-000017,10-Q,2025-05-28 00:00:00,https://www.sec.gov/Archives/edgar/data/883241/000088324125000017/0000883241-25-000017-index.htm
496,89.1935762237091,TT,Trane Technologies,Industrials,1466258,Q,2013,Q4,2013-12-31,Days sales outstanding,dso,121.48096079691517,56.73214079880122,YoY delta + Trend,2,"Days sales outstanding rose 114% year over year (57 days to 121 days), 10.8x its usual yearly move; 19.4 sigma above its rolling median of 59 days.",89.1935762237091,63.04664081589348,70.756586099651,0.0,0.0,0.0625,False,False,1.0,False,0001466258-14-000009,10-K,2014-02-14 00:00:00,https://www.sec.gov/Archives/edgar/data/1466258/000146625814000009/0001466258-14-000009-index.htm
497,89.17949868935776,BAX,Baxter International,Health Care,10456,Q,2016,Q1,2016-03-31,Return on assets,roa,0.7055446836268754,0.06774587419748711,YoY delta + Trend,2,"Return on assets rose 6,378 bps year over year (6.8% to 70.6%), 13.1x its usual yearly move; 15.3 sigma above its rolling median of 7.7%.",89.17949868935776,68.51663028568522,65.63105725711944,0.0,0.0,0.08163265306122448,False,False,1.0,False,0001193125-16-582011,10-Q,2016-05-06 00:00:00,https://www.sec.gov/Archives/edgar/data/10456/000119312516582011/0001193125-16-582011-index.htm
498,89.13847041253334,ARES,Ares Management,Financials,1176948,A,2014,FY,2014-12-31,Net margin,net_margin,0.05793779982745173,1.6992990776237582,YoY delta,1,"Net margin fell 16,414 bps year over year (169.9% to 5.8%). An input changed XBRL tag versus the comparison period.",89.13847041253334,89.13847041253334,0.0,0.0,0.0,0.06153846153846154,False,False,0.16923076923076924,True,0001047469-15-002528,10-K,2015-03-20 00:00:00,https://www.sec.gov/Archives/edgar/data/1176948/000104746915002528/0001047469-15-002528-index.htm
499,89.09499223674834,SBUX,Starbucks,Consumer Discretionary,829224,Q,2013,Q4,2013-09-29,Return on equity,roe,-0.9642231722707573,0.2734514960930055,YoY delta + Trend,2,"Return on equity fell 12,377 bps year over year (27.3% to -96.4%), 20.2x its usual yearly move; 24.2 sigma below its rolling median of 30.0%.",94.30667701939936,77.05702695715699,75.18489443382464,0.0,0.0,0.13157894736842105,False,False,0.02631578947368421,False,0000829224-14-000008,10-Q,2014-01-28 00:00:00,https://www.sec.gov/Archives/edgar/data/829224/000082922414000008/0000829224-14-000008-index.htm
500,89.09263078763634,SBUX,Starbucks,Consumer Discretionary,829224,A,2013,FY,2013-09-29,Debt / EBITDA,debt_to_ebitda,3.93519079345851,0.21318851823118698,YoY delta + Trend,2,"Debt / EBITDA rose 1,746% year over year (0.21x to 3.94x), 8.4x its usual yearly move; 36.6 sigma above its rolling median of 0.28x.",92.52735848912664,58.363054763926606,82.05285842055673,0.0,0.0,0.12121212121212122,False,False,0.7878787878787878,False,0000829224-14-000008,10-Q,2014-01-28 00:00:00,https://www.sec.gov/Archives/edgar/data/829224/000082922414000008/0000829224-14-000008-index.htm
501,89.08655765792332,VMRK,Vivmark Residential,Real Estate,906107,Q,2016,Q1,2016-03-31,Return on equity,roe,1.3328632580637072,0.07054052359300937,YoY delta + Trend,2,"Return on equity rose 12,623 bps year over year (7.1% to 133.3%), 7.2x its usual yearly move; 25.4 sigma above its rolling median of 8.1%.",89.08655765792332,54.37603966560081,76.07958129437473,0.0,0.0,0.08333333333333333,False,False,1.0,False,0000906107-16-000037,10-Q,2016-05-05 00:00:00,https://www.sec.gov/Archives/edgar/data/906107/000090610716000037/0000906107-16-000037-index.htm
502,89.07304687545582,INCY,Incyte,Health Care,879169,Q,2011,Q2,2011-06-30,Operating margin,operating_margin,-2.445660579382547,0.27331634802495636,YoY delta,1,"Operating margin fell 27,190 bps year over year (27.3% to -244.6%).",93.14828431420216,93.14828431420216,0.0,0.0,0.0,0.125,False,False,0.025,False,0001104659-11-041507,10-Q,2011-07-28 00:00:00,https://www.sec.gov/Archives/edgar/data/879169/000110465911041507/0001104659-11-041507-index.htm
503,89.06874826727253,COHR,Coherent Corp.,Information Technology,820318,Q,2020,Q2,2019-12-31,Operating margin,operating_margin,-0.11792937744154182,0.11552361312452784,YoY delta + Trend,2,"Operating margin fell 2,335 bps year over year (11.6% to -11.8%), 5.2x its usual yearly move; 31.2 sigma below its rolling median of 11.6%.",89.06874826727253,46.38710213258186,79.6107799288151,0.0,0.0,0.06060606060606061,False,False,0.030303030303030304,False,0001564590-20-004069,10-Q,2020-02-10 00:00:00,https://www.sec.gov/Archives/edgar/data/820318/000156459020004069/0001564590-20-004069-index.htm
504,89.02136357974182,PPL,PPL Corporation,Utilities,922224,Q,2021,Q1,2021-03-31,Return on assets,roa,-0.1534980239214991,0.04816972437179376,YoY delta + Trend,2,"Return on assets fell 2,017 bps year over year (4.8% to -15.3%), 6.9x its usual yearly move; 26.0 sigma below its rolling median of 4.1%.",89.02136357974182,53.394893367528844,76.44327582632536,0.0,0.0,0.1,False,False,0.06666666666666667,False,0000922224-21-000021,10-Q,2021-05-06 00:00:00,https://www.sec.gov/Archives/edgar/data/922224/000092222421000021/0000922224-21-000021-index.htm
505,89.01815146989003,PLTR,Palantir Technologies,Information Technology,1321655,Q,2020,Q3,2020-09-30,Operating margin,operating_margin,-2.929774057767671,-0.75647760849371,YoY delta,1,"Operating margin fell 21,733 bps year over year (-75.6% to -293.0%). An input changed XBRL tag versus the comparison period.",91.57290274204118,91.57290274204118,0.0,0.0,0.0,0.11594202898550725,False,False,0.014492753623188406,True,0001193125-20-292177,10-Q,2020-11-13 00:00:00,https://www.sec.gov/Archives/edgar/data/1321655/000119312520292177/0001193125-20-292177-index.htm
506,89.0134013703886,PPL,PPL Corporation,Utilities,922224,Q,2021,Q3,2021-09-30,Quick ratio,quick_ratio,2.2812633376013656,0.27342888643880925,YoY delta + Trend,2,"Quick ratio rose 734% year over year (0.27x to 2.28x), 4.0x its usual yearly move; 35.6 sigma above its rolling median of 0.31x.",89.0134013703886,40.09360734016416,81.66039024917396,0.0,0.0,0.037037037037037035,False,False,1.0,False,0000922224-21-000052,10-Q,2021-11-04 00:00:00,https://www.sec.gov/Archives/edgar/data/922224/000092222421000052/0000922224-21-000052-index.htm
507,89.0128025965428,DAL,Delta Air Lines,Industrials,27904,Q,2014,Q4,2014-12-31,Return on equity,roe,-0.2698375100667961,5.758234295415959,YoY delta,1,"Return on equity fell 60,281 bps year over year (575.8% to -27.0%).",93.77729415438664,93.77729415438664,0.0,0.0,0.0,0.12903225806451613,False,False,0.016129032258064516,False,0000027904-15-000003,10-K,2015-02-11 00:00:00,https://www.sec.gov/Archives/edgar/data/27904/000002790415000003/0000027904-15-000003-index.htm
508,88.9982703208268,IFF,International Flavors & Fragrances,Materials,51253,Q,2018,Q3,2018-09-30,Quick ratio,quick_ratio,7.8785980992964655,1.4469213232642895,YoY delta + Trend,2,"Quick ratio rose 445% year over year (1.45x to 7.88x), 5.6x its usual yearly move; 32.5 sigma above its rolling median of 1.34x.",89.82561147918774,48.471217555175755,80.25494095128921,0.0,0.0,0.10526315789473684,False,False,1.0,False,0000051253-18-000020,10-Q,2018-11-05 00:00:00,https://www.sec.gov/Archives/edgar/data/51253/000005125318000020/0000051253-18-000020-index.htm
509,88.98788447921628,RCL,Royal Caribbean Group,Consumer Discretionary,884887,Q,2020,Q4,2020-12-31,Days inventory outstanding,dio,40.83408259820553,9.98452517314999,YoY delta + Trend,2,"Days inventory outstanding rose 309% year over year (10 days to 41 days), 5.1x its usual yearly move; 31.3 sigma above its rolling median of 10 days.",88.98788447921628,45.939927570342775,79.62985429752678,0.0,0.0,0.08333333333333333,False,False,0.25,False,0000884887-21-000006,10-K,2021-02-26 00:00:00,https://www.sec.gov/Archives/edgar/data/884887/000088488721000006/0000884887-21-000006-index.htm
510,88.9851423690412,ABNB,Airbnb,Consumer Discretionary,1559720,Q,2021,Q4,2021-12-31,Operating margin,operating_margin,0.04931940822192461,-3.607948197527186,YoY delta,1,"Operating margin rose 36,573 bps year over year (-360.8% to 4.9%).",94.81498250984951,94.81498250984951,0.0,0.0,0.0,0.13513513513513514,False,False,0.2702702702702703,False,0001559720-22-000006,10-K,2022-02-25 00:00:00,https://www.sec.gov/Archives/edgar/data/1559720/000155972022000006/0001559720-22-000006-index.htm
511,88.94947271225341,CCI,Crown Castle,Real Estate,1051470,Q,2017,Q3,2017-09-30,Quick ratio,quick_ratio,6.709109127814574,0.48174188905894594,YoY delta + Trend,2,"Quick ratio rose 1,293% year over year (0.48x to 6.71x), 4.2x its usual yearly move; 59.5 sigma above its rolling median of 0.57x.",93.01905643111468,41.0690925887245,88.15401989287945,0.0,0.0,0.125,False,False,1.0,False,0001051470-17-000165,10-Q,2017-11-07 00:00:00,https://www.sec.gov/Archives/edgar/data/1051470/000105147017000165/0001051470-17-000165-index.htm
512,88.94780850085772,ECHO,EchoStar,Communication Services,1415404,Q,2026,Q2,2026-06-30,Net margin,net_margin,2.3663266002342174,-0.08218399182380262,YoY delta + Trend,2,"Net margin rose 24,485 bps year over year (-8.2% to 236.6%), 5.0x its usual yearly move; 39.0 sigma above its rolling median of -4.6%.",90.71164606319766,45.4473014739758,82.97361232758934,0.0,0.0,0.1111111111111111,False,False,1.0,False,0001104659-26-089370,10-Q,2026-08-03 00:00:00,https://www.sec.gov/Archives/edgar/data/1415404/000110465926089370/0001104659-26-089370-index.htm
513,88.88556428435912,TDY,Teledyne Technologies,Information Technology,1094285,Q,2021,Q2,2021-07-04,Debt / EBITDA,debt_to_ebitda,7.012718130730553,1.4386617100371748,YoY delta + Trend,2,"Debt / EBITDA rose 387% year over year (1.44x to 7.01x), 4.0x its usual yearly move; 35.3 sigma above its rolling median of 1.43x. An input changed XBRL tag versus the comparison period.",88.88556428435912,39.884628180291294,81.51149135536572,0.0,0.0,0.07547169811320754,False,False,0.9622641509433962,True,0001094285-21-000140,10-Q,2021-08-02 00:00:00,https://www.sec.gov/Archives/edgar/data/1094285/000109428521000140/0001094285-21-000140-index.htm
514,88.88006229505991,COR,Cencora,Health Care,1140859,Q,2020,Q4,2020-09-30,Return on assets,roa,-0.45575487965119377,0.01366316706348308,YoY delta + Trend,2,"Return on assets fell 4,694 bps year over year (1.4% to -45.6%), 10.4x its usual yearly move; 29.7 sigma below its rolling median of 2.8%.",92.21902706821959,63.31533166571064,78.78957808511115,0.0,0.0,0.1206896551724138,False,False,0.017241379310344827,False,0001140859-20-000050,10-K,2020-11-19 00:00:00,https://www.sec.gov/Archives/edgar/data/1140859/000114085920000050/0001140859-20-000050-index.htm
515,88.87508050816196,MGM,MGM Resorts,Consumer Discretionary,789570,Q,2011,Q4,2011-12-31,Net margin,net_margin,-1.418717230131713,-0.09434610676322543,YoY delta + Trend,2,"Net margin fell 13,244 bps year over year (-9.4% to -141.9%); 11.8 sigma below its rolling median of -11.8%. Reverses the prior year's flagged move.",94.69770997269957,86.87983543285385,59.58671097329265,0.0,0.0,0.13513513513513514,False,True,0.05405405405405406,False,0001047469-12-001824,10-K,2012-02-29 00:00:00,https://www.sec.gov/Archives/edgar/data/789570/000104746912001824/0001047469-12-001824-index.htm
516,88.87019694094552,WM,Waste Management,Industrials,823768,Q,2013,Q4,2013-12-31,Net margin,net_margin,-0.17285714285714285,0.06523005241700641,YoY delta + Trend,2,"Net margin fell 2,381 bps year over year (6.5% to -17.3%), 18.0x its usual yearly move; 18.7 sigma below its rolling median of 6.7%.",91.14891993943131,70.4218315872887,70.07563167175383,0.0,0.0,0.11428571428571428,False,False,0.02857142857142857,False,0001193125-14-056656,10-K,2014-02-18 00:00:00,https://www.sec.gov/Archives/edgar/data/823768/000119312514056656/0001193125-14-056656-index.htm
517,88.84669677954882,LHX,L3Harris,Industrials,202058,Q,2024,Q4,2025-01-03,SG&A % of revenue,sga_pct,0.037045720984759674,0.16441947565543072,YoY delta + Trend,2,"SG&A % of revenue fell 1,274 bps year over year (16.4% to 3.7%), 15.6x its usual yearly move; 15.0 sigma below its rolling median of 17.3%.",88.84669677954882,67.97843961367147,65.16939497672627,0.0,0.0,0.014925373134328358,False,False,0.04477611940298507,False,0000202058-25-000023,10-K,2025-02-14 00:00:00,https://www.sec.gov/Archives/edgar/data/202058/000020205825000023/0000202058-25-000023-index.htm
518,88.84356559982581,VTRS,Viatris,Health Care,1792044,A,2025,FY,2025-12-31,Cash conversion (CFO / EBITDA),cash_conversion,17.129437869822485,0.793200840422967,YoY delta + Trend,2,"Cash conversion (CFO / EBITDA) rose 530% year over year (0.79x to 17.13x), 13.3x its usual yearly move; 48.4 sigma above its rolling median of 0.67x.",95.59383179216745,68.93375036040149,85.81686473601167,0.0,0.0,0.14035087719298245,False,False,1.0,False,0001792044-26-000013,10-K,2026-02-26 00:00:00,https://www.sec.gov/Archives/edgar/data/1792044/000179204426000013/0001792044-26-000013-index.htm
519,88.83745253155024,SPGI,S&P Global,Financials,64040,Q,2022,Q1,2022-03-31,Asset turnover,asset_turnover,0.23560738676989076,0.6357866519493831,YoY delta + Trend,2,"Asset turnover fell 63% year over year (0.64x to 0.24x), 9.8x its usual yearly move; 20.3 sigma below its rolling median of 0.65x.",89.297069802593,62.07244017502496,71.78059899767347,0.0,0.0,0.10294117647058823,False,False,0.5882352941176471,False,0000064040-22-000113,10-Q,2022-05-04 00:00:00,https://www.sec.gov/Archives/edgar/data/64040/000006404022000113/0000064040-22-000113-index.htm
520,88.83589636413674,CNC,Centene Corporation,Health Care,1071739,Q,2023,Q1,2023-03-31,Gross margin,gross_margin,0.11951965851526139,0.11848863789162296,Trend,1,Gross margin of 12.0% is 63.7 sigma below its rolling median of 96.1%.,88.83589636413674,0.0,88.83589636413674,0.0,0.0,0.04,False,False,0.08,False,0001071739-23-000116,10-Q,2023-04-25 00:00:00,https://www.sec.gov/Archives/edgar/data/1071739/000107173923000116/0001071739-23-000116-index.htm
521,88.79861265543387,HSY,Hershey Company (The),Consumer Staples,47111,Q,2014,Q4,2014-12-31,EBITDA margin,ebitda_margin,0.5567233673975523,0.18430642662273233,YoY delta + Trend,2,"EBITDA margin rose 3,724 bps year over year (18.4% to 55.7%), 11.7x its usual yearly move; 16.2 sigma above its rolling median of 21.1%.",88.79861265543387,66.1340790679111,66.92430905089456,0.0,0.0,0.06666666666666667,False,False,1.0,False,0000047111-15-000010,10-K,2015-02-20 00:00:00,https://www.sec.gov/Archives/edgar/data/47111/000004711115000010/0000047111-15-000010-index.htm
522,88.78338749212708,APD,Air Products,Materials,2969,Q,2017,Q2,2017-03-31,Accruals / assets,accruals,0.4358794715573332,-0.23182110351588298,YoY delta + Trend,2,"Accruals / assets rose 6,677 bps year over year (-23.2% to 43.6%), 15.4x its usual yearly move; 12.0 sigma above its rolling median of -7.5%. Reverses the prior year's flagged move.",88.78338749212708,71.93317275248644,60.036051068556,0.0,0.0,0.058823529411764705,False,True,1.0,False,0000002969-17-000019,10-Q,2017-04-27 00:00:00,https://www.sec.gov/Archives/edgar/data/2969/000000296917000019/0000002969-17-000019-index.htm
523,88.78316851238097,CHRW,C.H. Robinson,Industrials,1043277,Q,2017,Q4,2018-01-01,Debt / EBITDA,debt_to_ebitda,1.6876013712769096,0.5481254110940583,YoY delta + Trend,2,"Debt / EBITDA rose 208% year over year (0.55x to 1.69x), 5.0x its usual yearly move; 31.1 sigma above its rolling median of 0.56x.",88.78316851238097,45.237205872488495,79.51742297607862,0.0,0.0,0.08823529411764706,False,False,0.29411764705882354,False,0001043277-18-000007,10-K,2018-02-28 00:00:00,https://www.sec.gov/Archives/edgar/data/1043277/000104327718000007/0001043277-18-000007-index.htm
524,88.76703550699338,CVS,CVS Health,Health Care,64803,Q,2019,Q1,2019-03-31,Gross margin,gross_margin,0.39579210329948417,0.15011052021097324,YoY delta + Trend,2,"Gross margin rose 2,457 bps year over year (15.0% to 39.6%), 10.2x its usual yearly move; 31.4 sigma above its rolling median of 15.6%.",92.45721377612833,62.859215741320746,79.69136523521566,0.0,0.0,0.12280701754385964,False,False,0.21052631578947367,False,0000064803-19-000021,10-Q,2019-05-01 00:00:00,https://www.sec.gov/Archives/edgar/data/64803/000006480319000021/0000064803-19-000021-index.htm
525,88.76418760149454,SPG,Simon Property Group,Real Estate,1063761,Q,2020,Q2,2020-06-30,Cash conversion (CFO / EBITDA),cash_conversion,0.09419902762294066,1.01643669361434,YoY delta + Trend,2,"Cash conversion (CFO / EBITDA) fell 91% year over year (1.02x to 0.09x), 18.1x its usual yearly move; 9.7 sigma below its rolling median of 0.89x.",88.76418760149454,75.1248136494207,54.83124331149462,0.0,0.0,0.041666666666666664,False,False,0.041666666666666664,False,0001558370-20-010195,10-Q,2020-08-10 00:00:00,https://www.sec.gov/Archives/edgar/data/1063761/000155837020010195/0001558370-20-010195-index.htm
526,88.71879293934954,KEYS,Keysight Technologies,Information Technology,1601046,Q,2018,Q1,2018-01-31,Debt / EBITDA,debt_to_ebitda,5.970845481049563,1.812603648424544,YoY delta + Trend,2,"Debt / EBITDA rose 229% year over year (1.81x to 5.97x), 3.2x its usual yearly move; 38.3 sigma above its rolling median of 2.05x.",88.71879293934954,34.75646074304676,82.70908171271813,0.0,0.0,0.08333333333333333,False,False,0.8958333333333334,False,0001601046-18-000008,10-Q,2018-03-08 00:00:00,https://www.sec.gov/Archives/edgar/data/1601046/000160104618000008/0001601046-18-000008-index.htm
527,88.7180431093444,LUV,Southwest Airlines,Industrials,92380,Q,2020,Q3,2020-09-30,EBITDA margin,ebitda_margin,-0.611266034578918,0.19985813087426849,YoY delta + Trend,2,"EBITDA margin fell 8,111 bps year over year (20.0% to -61.1%), 4.7x its usual yearly move; 31.8 sigma below its rolling median of 19.8%. An input changed XBRL tag versus the comparison period.",88.7180431093444,43.821257211863234,79.91774765554564,0.0,0.0,0.08333333333333333,False,False,0.027777777777777776,True,0000092380-20-000145,10-Q,2020-10-27 00:00:00,https://www.sec.gov/Archives/edgar/data/92380/000009238020000145/0000092380-20-000145-index.htm
528,88.70173564106442,SNDK,Sandisk,Information Technology,2023554,Q,2026,Q3,2026-04-03,Operating margin,operating_margin,0.6909243697478992,-1.1097345132743364,YoY delta + Trend,2,"Operating margin rose 18,007 bps year over year (-111.0% to 69.1%); 6.2 sigma above its rolling median of 7.6%. Reverses the prior year's flagged move.",94.37104069791688,90.00329333015152,43.69186285058385,0.0,0.0,0.13432835820895522,False,True,0.9850746268656716,False,0001628280-26-029401,10-Q,2026-05-01 00:00:00,https://www.sec.gov/Archives/edgar/data/2023554/000162828026029401/0001628280-26-029401-index.htm
529,88.67398251264059,LUV,Southwest Airlines,Industrials,92380,Q,2020,Q3,2020-09-30,Operating margin,operating_margin,-0.7869492470719465,0.1452385174676361,YoY delta + Trend,2,"Operating margin fell 9,322 bps year over year (14.5% to -78.7%), 4.6x its usual yearly move; 32.0 sigma below its rolling median of 14.3%.",88.67398251264059,43.37092499293041,79.99964243465841,0.0,0.0,0.09230769230769231,False,False,0.03076923076923077,False,0000092380-20-000145,10-Q,2020-10-27 00:00:00,https://www.sec.gov/Archives/edgar/data/92380/000009238020000145/0000092380-20-000145-index.htm
530,88.66710128603724,HIG,Hartford (The),Financials,874766,Q,2019,Q2,2019-06-30,Asset turnover,asset_turnover,0.30675622759721677,0.13809062106898404,Trend,1,Asset turnover of 0.31x is 62.6 sigma above its rolling median of 0.08x.,88.66710128603724,0.0,88.66710128603724,0.0,0.0,0.07352941176470588,False,False,0.6470588235294118,False,0000874766-19-000068,10-Q,2019-08-01 00:00:00,https://www.sec.gov/Archives/edgar/data/874766/000087476619000068/0000874766-19-000068-index.htm
531,88.66088755386704,CL,Colgate-Palmolive,Consumer Staples,21665,Q,2015,Q4,2015-12-31,Net margin,net_margin,-0.11746601692741729,0.14877990997393983,YoY delta + Trend,2,"Net margin fell 2,662 bps year over year (14.9% to -11.7%), 10.7x its usual yearly move; 17.4 sigma below its rolling median of 13.6%.",88.66088755386704,64.02108107983166,68.48401011911253,0.0,0.0,0.0967741935483871,False,False,0.03225806451612903,False,0001628280-16-011343,10-K,2016-02-18 00:00:00,https://www.sec.gov/Archives/edgar/data/21665/000162828016011343/0001628280-16-011343-index.htm
532,88.66031047184677,GEV,GE Vernova,Industrials,1996810,Q,2026,Q1,2026-03-31,Return on equity,roe,1.5123505976095617,0.111937420811987,YoY delta + Trend,2,"Return on equity rose 14,004 bps year over year (11.2% to 151.2%); 7.7 sigma above its rolling median of 20.3%.",88.66031047184677,77.78287755527946,48.95968388179865,0.0,0.0,0.013888888888888888,False,False,1.0,False,0001996810-26-000064,10-Q,2026-04-22 00:00:00,https://www.sec.gov/Archives/edgar/data/1996810/000199681026000064/0001996810-26-000064-index.htm
533,88.65765562981551,SNDK,Sandisk,Information Technology,2023554,Q,2026,Q4,2026-07-03,Operating margin,operating_margin,0.784941438929169,0.009468700683850605,YoY delta + Trend,2,"Operating margin rose 7,755 bps year over year (0.9% to 78.5%); 6.5 sigma above its rolling median of 9.0%. Reverses the prior year's flagged move.",88.65765562981551,79.4971205079744,44.67926139547382,0.0,0.0,0.06451612903225806,False,True,1.0,False,0001628280-26-057406,10-K,2026-08-17 00:00:00,https://www.sec.gov/Archives/edgar/data/2023554/000162828026057406/0001628280-26-057406-index.htm
534,88.64083303505514,CHRW,C.H. Robinson,Industrials,1043277,Q,2012,Q4,2012-12-31,Return on assets,roa,0.4063673602652565,0.2023662419666662,YoY delta + Trend,2,"Return on assets rose 2,040 bps year over year (20.2% to 40.6%), 31.5x its usual yearly move; 39.9 sigma above its rolling median of 20.7%.",96.20475783592299,77.27282354458103,83.3008637411618,0.0,0.0,0.14492753623188406,False,False,1.0,False,0001043277-13-000004,10-K,2013-03-01 00:00:00,https://www.sec.gov/Archives/edgar/data/1043277/000104327713000004/0001043277-13-000004-index.htm
535,88.64076607580422,CNP,CenterPoint Energy,Utilities,1130310,Q,2011,Q3,2011-09-30,Net margin,net_margin,0.5172780435938331,0.06446540880503145,YoY delta + Trend,2,"Net margin rose 4,528 bps year over year (6.4% to 51.7%), 40.8x its usual yearly move; 37.2 sigma above its rolling median of 5.4%.",96.79679207469015,81.91068841286445,82.29226187033089,0.0,0.0,0.14814814814814814,False,False,1.0,False,0001130310-11-000061,10-Q,2011-11-02 00:00:00,https://www.sec.gov/Archives/edgar/data/1130310/000113031011000061/0001130310-11-000061-index.htm
536,88.61832612493102,ILMN,"Illumina, Inc.",Health Care,1110803,A,2021,FY,2022-01-02,SG&A % of revenue,sga_pct,0.4622182942996023,0.29052176597715346,YoY delta + Trend,2,"SG&A % of revenue rose 1,717 bps year over year (29.1% to 46.2%), 8.6x its usual yearly move; 20.8 sigma above its rolling median of 24.4%.",88.61832612493102,59.01954587200601,72.22657943340334,0.0,0.0,0.05172413793103448,False,False,1.0,False,0001110803-22-000013,10-K,2022-02-18 00:00:00,https://www.sec.gov/Archives/edgar/data/1110803/000111080322000013/0001110803-22-000013-index.htm
537,88.60570836781363,PANW,Palo Alto Networks,Information Technology,1327567,Q,2014,Q2,2014-01-31,SG&A % of revenue,sga_pct,0.2816584909405393,0.10100622804381393,YoY delta + Trend,2,"SG&A % of revenue rose 1,807 bps year over year (10.1% to 28.2%); 20.0 sigma above its rolling median of 10.4%.",88.60570836781363,60.086779708948924,71.45233697231622,0.0,0.0,0.06451612903225806,False,False,0.9354838709677419,False,0001327567-14-000005,10-Q,2014-02-24 00:00:00,https://www.sec.gov/Archives/edgar/data/1327567/000132756714000005/0001327567-14-000005-index.htm
538,88.60527300590404,BA,Boeing,Industrials,12927,Q,2019,Q2,2019-06-30,Gross margin,gross_margin,-0.13072185892959176,0.19465743259955479,YoY delta + Trend,2,"Gross margin fell 3,254 bps year over year (19.5% to -13.1%), 11.2x its usual yearly move; 16.5 sigma below its rolling median of 18.2%.",88.60527300590404,65.03702004845773,67.40916532318256,0.0,0.0,0.06557377049180328,False,False,0.01639344262295082,False,0000012927-19-000063,10-Q,2019-07-24 00:00:00,https://www.sec.gov/Archives/edgar/data/12927/000001292719000063/0000012927-19-000063-index.htm
539,88.5985167400017,ROST,Ross Stores,Consumer Discretionary,745732,Q,2020,Q3,2020-10-31,Cash conversion (CFO / EBITDA),cash_conversion,6.369281019906203,0.5705427410067304,YoY delta + Trend,2,"Cash conversion (CFO / EBITDA) rose 776% year over year (0.57x to 6.37x), 4.6x its usual yearly move; 33.7 sigma above its rolling median of 0.82x. An input changed XBRL tag versus the comparison period.",89.13640886244751,43.35197733333331,80.82264724141037,0.0,0.0,0.10344827586206896,False,False,1.0,True,0000745732-20-000093,10-Q,2020-12-09 00:00:00,https://www.sec.gov/Archives/edgar/data/745732/000074573220000093/0000745732-20-000093-index.htm
540,88.57857519123633,VRTX,Vertex Pharmaceuticals,Health Care,875320,Q,2011,Q3,2011-09-30,Return on assets,roa,0.45884177263457376,-0.4718152339056587,YoY delta,1,"Return on assets rose 9,307 bps year over year (-47.2% to 45.9%).",88.57857519123633,88.57857519123633,0.0,0.0,0.0,0.1,False,False,1.0,False,0001047469-11-009007,10-Q,2011-11-03 00:00:00,https://www.sec.gov/Archives/edgar/data/875320/000104746911009007/0001047469-11-009007-index.htm
541,88.56569054755504,PM,Philip Morris International,Consumer Staples,1413329,Q,2023,Q4,2023-12-31,Gross margin,gross_margin,0.61733171216978,0.24666766511906546,YoY delta + Trend,2,"Gross margin rose 3,707 bps year over year (24.7% to 61.7%), 5.0x its usual yearly move; 30.1 sigma above its rolling median of 25.6%. An input changed XBRL tag versus the comparison period.",88.56569054755504,45.477658622672394,79.02821272235428,0.0,0.0,0.030303030303030304,False,False,0.9696969696969697,True,0001413329-24-000013,10-K,2024-02-08 00:00:00,https://www.sec.gov/Archives/edgar/data/1413329/000141332924000013/0001413329-24-000013-index.htm
542,88.56460398435485,ILMN,"Illumina, Inc.",Health Care,1110803,A,2022,FY,2023-01-01,Accruals / assets,accruals,-0.34919363646292184,0.01903341812121744,YoY delta + Trend,2,"Accruals / assets fell 3,682 bps year over year (1.9% to -34.9%), 8.2x its usual yearly move; 27.0 sigma below its rolling median of -4.9%.",90.3208425902769,57.710947019936974,77.1119078635166,0.0,0.0,0.1111111111111111,False,False,0.015873015873015872,False,0001110803-24-000010,10-K,2024-02-16 00:00:00,https://www.sec.gov/Archives/edgar/data/1110803/000111080324000010/0001110803-24-000010-index.htm
543,88.56325913768676,MAS,Masco,Industrials,62996,A,2014,FY,2014-12-31,Days sales outstanding,dso,44.548761882408165,44.837880827113665,Trend,1,Days sales outstanding of 45 days is 61.9 sigma above its rolling median of 4 days.,88.56325913768676,0.0,88.56325913768676,0.0,0.0,0.06557377049180328,False,False,0.3770491803278688,False,0001047469-15-000803,10-K,2015-02-13 00:00:00,https://www.sec.gov/Archives/edgar/data/62996/000104746915000803/0001047469-15-000803-index.htm
544,88.55839624928457,VRTX,Vertex Pharmaceuticals,Health Care,875320,Q,2011,Q4,2011-12-31,Asset turnover,asset_turnover,1.048982398252627,0.14503378962585858,YoY delta + Trend,2,Asset turnover rose 623% year over year (0.15x to 1.05x); 10.8 sigma above its rolling median of 0.11x.,88.55839624928457,73.06815278895819,57.51645380631569,0.0,0.0,0.038461538461538464,False,False,0.7692307692307693,False,0001047469-12-001298,10-K,2012-02-22 00:00:00,https://www.sec.gov/Archives/edgar/data/875320/000104746912001298/0001047469-12-001298-index.htm
545,88.53080945581769,CVS,CVS Health,Health Care,64803,Q,2018,Q1,2018-03-31,Quick ratio,quick_ratio,1.85486643745041,0.5282908238053357,YoY delta + Trend,2,"Quick ratio rose 251% year over year (0.53x to 1.85x), 8.5x its usual yearly move; 20.9 sigma above its rolling median of 0.59x.",88.53080945581769,58.597342086795166,72.29841966130303,0.0,0.0,0.05172413793103448,False,False,0.6724137931034483,False,0001558370-18-003777,10-Q,2018-05-02 00:00:00,https://www.sec.gov/Archives/edgar/data/64803/000155837018003777/0001558370-18-003777-index.htm
546,88.48021098989348,RTX,RTX Corporation,Industrials,101829,Q,2015,Q4,2015-12-31,Cash conversion (CFO / EBITDA),cash_conversion,3.107728337236534,0.6436744033998039,YoY delta + Trend,2,"Cash conversion (CFO / EBITDA) rose 383% year over year (0.64x to 3.11x), 6.5x its usual yearly move; 25.2 sigma above its rolling median of 0.58x.",88.48021098989348,52.13482070036465,75.93284057708675,0.0,0.0,0.07936507936507936,False,False,0.9682539682539683,False,0000101829-16-000050,10-K,2016-02-11 00:00:00,https://www.sec.gov/Archives/edgar/data/101829/000010182916000050/0000101829-16-000050-index.htm
547,88.47192422236985,WM,Waste Management,Industrials,823768,Q,2013,Q4,2013-12-31,Operating margin,operating_margin,-0.11714285714285715,0.14094350611531742,YoY delta + Trend,2,"Operating margin fell 2,581 bps year over year (14.1% to -11.7%), 17.4x its usual yearly move; 18.1 sigma below its rolling median of 14.5%.",91.45586559999687,72.07377597680211,69.40461985513814,0.0,0.0,0.11864406779661017,False,False,0.01694915254237288,False,0001193125-14-056656,10-K,2014-02-18 00:00:00,https://www.sec.gov/Archives/edgar/data/823768/000119312514056656/0001193125-14-056656-index.htm
548,88.46241702381037,MMM,3M,Industrials,66740,A,2023,FY,2023-12-31,Accruals / assets,accruals,-0.2818570618848869,0.003977461054027179,YoY delta + Trend,2,"Accruals / assets fell 2,858 bps year over year (0.4% to -28.2%), 14.6x its usual yearly move; 12.2 sigma below its rolling median of -4.4%.",88.46241702381037,70.92270293349542,60.32099218231571,0.0,0.0,0.07407407407407407,False,False,0.012345679012345678,False,0000066740-24-000016,10-K,2024-02-07 00:00:00,https://www.sec.gov/Archives/edgar/data/66740/000006674024000016/0000066740-24-000016-index.htm
549,88.45228506188072,LYV,Live Nation Entertainment,Communication Services,1335258,A,2020,FY,2020-12-31,Trade working capital % of revenue,nwc_pct,0.22694121679925294,0.0788428683866401,YoY delta + Trend,2,"Trade working capital % of revenue rose 1,481 bps year over year (7.9% to 22.7%), 19.7x its usual yearly move; 19.9 sigma above its rolling median of 6.0%.",88.45228506188072,59.69340358780229,71.35030995912948,0.0,0.0,0.0625,False,False,1.0,False,0001335258-21-000009,10-K,2021-03-01 00:00:00,https://www.sec.gov/Archives/edgar/data/1335258/000133525821000009/0001335258-21-000009-index.htm
550,88.43092074702906,NOW,ServiceNow,Information Technology,1373715,Q,2016,Q1,2016-03-31,Return on assets,roa,-0.7244192285176014,-0.15922864843881962,YoY delta + Trend,2,"Return on assets fell 5,652 bps year over year (-15.9% to -72.4%), 17.0x its usual yearly move; 15.4 sigma below its rolling median of -12.9%.",91.08764368792693,73.92459684948008,65.82083022599258,0.0,0.0,0.11666666666666667,False,False,0.016666666666666666,False,0001373715-16-000364,10-Q,2016-05-06 00:00:00,https://www.sec.gov/Archives/edgar/data/1373715/000137371516000364/0001373715-16-000364-index.htm
551,88.42613826065227,UBER,Uber,Industrials,1543151,Q,2021,Q2,2021-06-30,Return on assets,roa,0.1290722928948185,-0.2434424824275673,YoY delta + Trend,2,"Return on assets rose 3,725 bps year over year (-24.3% to 12.9%); 8.8 sigma above its rolling median of -15.0%.",88.42613826065227,75.63524872498463,52.497517381939936,0.0,0.0,0.0641025641025641,False,False,0.782051282051282,False,0001543151-21-000038,10-Q,2021-08-05 00:00:00,https://www.sec.gov/Archives/edgar/data/1543151/000154315121000038/0001543151-21-000038-index.htm
552,88.42108369977964,TRMB,Trimble Inc.,Information Technology,864749,Q,2014,Q3,2014-10-03,SG&A % of revenue,sga_pct,0.19049206902919993,0.0964021692644411,YoY delta + Trend,2,"SG&A % of revenue rose 941 bps year over year (9.6% to 19.0%), 12.5x its usual yearly move; 18.9 sigma above its rolling median of 9.6%.",88.42108369977964,61.06169184897977,70.26343246524189,0.0,0.0,0.04838709677419355,False,False,0.8387096774193549,False,0000864749-14-000100,10-Q,2014-11-07 00:00:00,https://www.sec.gov/Archives/edgar/data/864749/000086474914000100/0000864749-14-000100-index.htm
553,88.40565422459046,FISV,Fiserv,Financials,798354,Q,2019,Q3,2019-09-30,Asset turnover,asset_turnover,0.2566458811946177,0.5387770676333111,YoY delta + Trend,2,"Asset turnover fell 52% year over year (0.54x to 0.26x), 9.8x its usual yearly move; 18.2 sigma below its rolling median of 0.56x. An input changed XBRL tag versus the comparison period.",88.40565422459046,62.09834122394339,69.40939750443331,0.0,0.0,0.08823529411764706,False,False,0.6176470588235294,True,0000798354-19-000025,10-Q,2019-11-07 00:00:00,https://www.sec.gov/Archives/edgar/data/798354/000079835419000025/0000798354-19-000025-index.htm
554,88.39474042961423,ILMN,"Illumina, Inc.",Health Care,1110803,Q,2021,Q3,2021-10-03,SG&A % of revenue,sga_pct,0.7933212996389891,0.24181360201511334,YoY delta + Trend,2,"SG&A % of revenue rose 5,515 bps year over year (24.2% to 79.3%), 18.1x its usual yearly move; 15.1 sigma above its rolling median of 25.0%.",91.37607858689863,75.13832812921777,65.31238342327126,0.0,0.0,0.11864406779661017,False,False,1.0,False,0001110803-21-000046,10-Q,2021-11-05 00:00:00,https://www.sec.gov/Archives/edgar/data/1110803/000111080321000046/0001110803-21-000046-index.htm
555,88.38752005669652,ATO,Atmos Energy,Utilities,731802,Q,2012,Q1,2011-12-31,Days sales outstanding,dso,40.58760635249865,0.04548835794370587,YoY delta,1,"Days sales outstanding rose 89,126% year over year (0 days to 41 days).",88.38752005669652,88.38752005669652,0.0,0.0,0.0,0.08333333333333333,False,False,0.6666666666666666,False,0001193125-12-046309,10-Q,2012-02-08 00:00:00,https://www.sec.gov/Archives/edgar/data/731802/000119312512046309/0001193125-12-046309-index.htm
556,88.38181565092884,VRT,Vertiv,Industrials,1674101,Q,2020,Q1,2020-03-31,Days payables outstanding,dpo,88.46899066033099,0.09952607581967213,YoY delta,1,"Days payables outstanding rose 88,790% year over year (0 days to 88 days).",88.38181565092884,88.38181565092884,0.0,0.0,0.0,0.08771929824561403,False,False,0.9122807017543859,False,0001628280-20-006768,10-Q,2020-05-07 00:00:00,https://www.sec.gov/Archives/edgar/data/1674101/000162828020006768/0001628280-20-006768-index.htm
557,88.37746348792889,QCOM,Qualcomm,Information Technology,804328,Q,2018,Q2,2018-03-25,Debt / EBITDA,debt_to_ebitda,6.692332370869425,1.5861793807851898,YoY delta + Trend,2,Debt / EBITDA rose 322% year over year (1.59x to 6.69x); 28.5 sigma above its rolling median of 1.46x. An input changed XBRL tag versus the comparison period.,88.37746348792889,47.023901341769935,78.0607919298612,0.0,0.0,0.08333333333333333,False,False,0.9166666666666666,True,0001728949-18-000039,10-Q,2018-04-25 00:00:00,https://www.sec.gov/Archives/edgar/data/804328/000172894918000039/0001728949-18-000039-index.htm
558,88.36471691733682,BDX,Becton Dickinson,Health Care,10795,Q,2015,Q3,2015-06-30,Gross margin,gross_margin,0.3762820512820513,0.5150672229949004,YoY delta + Trend,2,"Gross margin fell 1,388 bps year over year (51.5% to 37.6%), 13.4x its usual yearly move; 26.6 sigma below its rolling median of 51.2%.",92.85951246763176,69.07900161533034,76.90731895672415,0.0,0.0,0.1276595744680851,False,False,0.1702127659574468,False,0001628280-15-008984,10-K,2015-11-25 00:00:00,https://www.sec.gov/Archives/edgar/data/10795/000162828015008984/0001628280-15-008984-index.htm
559,88.35396848074754,ORCL,Oracle Corporation,Information Technology,1341439,Q,2018,Q4,2018-05-31,Gross margin,gross_margin,0.17758931518675572,0.6265491600110162,YoY delta + Trend,2,"Gross margin fell 4,490 bps year over year (62.7% to 17.8%), 4.2x its usual yearly move; 32.3 sigma below its rolling median of 60.8%.",88.35396848074754,41.37084463005104,80.13610899600005,0.0,0.0,0.07575757575757576,False,False,0.10606060606060606,False,0001193125-18-201034,10-K,2018-06-22 00:00:00,https://www.sec.gov/Archives/edgar/data/1341439/000119312518201034/0001193125-18-201034-index.htm
560,88.34684026452307,BKNG,Booking Holdings,Consumer Discretionary,1075531,A,2017,FY,2017-12-31,Days payables outstanding,dpo,1222.5577659188064,357.1548443431688,YoY delta + Trend,2,"Days payables outstanding rose 242% year over year (357 days to 1223 days), 10.5x its usual yearly move; 16.9 sigma above its rolling median of 71 days.",88.34684026452307,63.66970993321466,67.92439665619203,0.0,0.0,0.09090909090909091,False,False,1.0,False,0001075531-18-000029,10-Q,2018-05-09 00:00:00,https://www.sec.gov/Archives/edgar/data/1075531/000107553118000029/0001075531-18-000029-index.htm
561,88.33616750208405,SBUX,Starbucks,Consumer Discretionary,829224,Q,2013,Q4,2013-09-29,Debt / EBITDA,debt_to_ebitda,3.9339993944898577,0.21318024902059657,YoY delta + Trend,2,"Debt / EBITDA rose 1,745% year over year (0.21x to 3.93x), 16.8x its usual yearly move; 115.5 sigma above its rolling median of 0.23x.",98.29500336981533,73.67984958692264,93.52208629728223,0.0,0.0,0.15789473684210525,False,False,0.7368421052631579,False,0000829224-14-000008,10-Q,2014-01-28 00:00:00,https://www.sec.gov/Archives/edgar/data/829224/000082922414000008/0000829224-14-000008-index.htm
562,88.33029571269945,NCLH,Norwegian Cruise Line Holdings,Consumer Discretionary,1513761,Q,2021,Q3,2021-09-30,Days sales outstanding,dso,590.3576537911301,1098.919914084075,Trend,1,Days sales outstanding of 590 days is 128.0 sigma above its rolling median of 6 days.,94.11723373275392,0.0,94.11723373275392,0.0,0.0,0.13513513513513514,False,False,1.0,False,0001558370-21-015236,10-Q,2021-11-09 00:00:00,https://www.sec.gov/Archives/edgar/data/1513761/000155837021015236/0001558370-21-015236-index.htm
563,88.30761200888074,SNDK,Sandisk,Information Technology,2023554,Q,2026,Q4,2026-07-03,Gross margin,gross_margin,0.8457334076965979,0.26196738558653343,YoY delta + Trend,2,"Gross margin rose 5,838 bps year over year (26.2% to 84.6%); 5.7 sigma above its rolling median of 31.0%. Reverses the prior year's flagged move.",90.0587544566489,82.94887842976415,41.69740974280329,0.0,0.0,0.1111111111111111,False,True,0.9259259259259259,False,0001628280-26-057406,10-K,2026-08-17 00:00:00,https://www.sec.gov/Archives/edgar/data/2023554/000162828026057406/0001628280-26-057406-index.htm
564,88.3008997967457,FE,FirstEnergy,Utilities,1031296,Q,2016,Q4,2016-12-31,Return on assets,roa,-0.48752483992051227,-0.017243681449690032,YoY delta + Trend,2,"Return on assets fell 4,703 bps year over year (-1.7% to -48.8%), 20.2x its usual yearly move; 32.3 sigma below its rolling median of 1.5%.",95.46043221269805,77.10875104605894,80.16898162072368,0.0,0.0,0.14285714285714285,False,False,0.03571428571428571,False,0001031296-18-000015,10-K,2018-02-20 00:00:00,https://www.sec.gov/Archives/edgar/data/1031296/000103129618000015/0001031296-18-000015-index.htm
565,88.28635237575325,MDT,Medtronic,Health Care,1613103,Q,2016,Q3,2016-01-29,Current ratio,current_ratio,3.3864390124063384,0.0012432432432432433,YoY delta,1,"Current ratio rose 272,287% year over year (0.00x to 3.39x).",88.28635237575325,88.28635237575325,0.0,0.0,0.0,0.08333333333333333,False,False,0.7708333333333334,False,0001613103-16-000071,10-Q,2016-03-09 00:00:00,https://www.sec.gov/Archives/edgar/data/1613103/000161310316000071/0001613103-16-000071-index.htm
566,88.28445185219172,TSLA,"Tesla, Inc.",Consumer Discretionary,1318605,Q,2012,Q3,2012-09-30,Gross margin,gross_margin,-0.17485629889829155,0.2986855339368085,YoY delta + Trend,2,"Gross margin fell 4,735 bps year over year (29.9% to -17.5%); 5.8 sigma below its rolling median of 29.8%.",88.28445185219172,79.78238544252048,42.052767330683444,0.0,0.0,0.06896551724137931,False,False,0.034482758620689655,False,0001193125-12-457610,10-Q,2012-11-07 00:00:00,https://www.sec.gov/Archives/edgar/data/1318605/000119312512457610/0001193125-12-457610-index.htm
567,88.28271707052782,HST,Host Hotels & Resorts,Real Estate,1070750,Q,2020,Q2,2020-06-30,Asset turnover,asset_turnover,0.032142299890778596,0.4726316628157119,YoY delta + Trend,2,"Asset turnover fell 93% year over year (0.47x to 0.03x), 32.9x its usual yearly move; 11.7 sigma below its rolling median of 0.45x.",93.751557951003,84.57994573517634,59.478469130611344,0.0,0.0,0.13333333333333333,False,False,0.03333333333333333,False,0001564590-20-035145,10-Q,2020-07-31 00:00:00,https://www.sec.gov/Archives/edgar/data/1070750/000156459020035145/0001564590-20-035145-index.htm
568,88.27993167859948,GE,GE Aerospace,Industrials,40545,Q,2018,Q3,2018-09-30,Return on assets,roa,-0.2783241145371757,0.020024239581955827,YoY delta + Trend,2,"Return on assets fell 2,983 bps year over year (2.0% to -27.8%), 8.4x its usual yearly move; 20.4 sigma below its rolling median of 1.6%.",88.27993167859948,58.409660049932455,71.82021513776664,0.0,0.0,0.07894736842105263,False,False,0.013157894736842105,False,0000040545-18-000081,10-Q,2018-10-30 00:00:00,https://www.sec.gov/Archives/edgar/data/40545/000004054518000081/0000040545-18-000081-index.htm
569,88.26948464639933,MRNA,Moderna,Health Care,1682852,Q,2020,Q1,2020-03-31,SG&A % of revenue,sga_pct,2.8744784837286925,1.7025273010920436,YoY delta,1,"SG&A % of revenue rose 11,720 bps year over year (170.3% to 287.4%).",90.71172335203094,90.71172335203094,0.0,0.0,0.0,0.11538461538461539,False,False,1.0,False,0001682852-20-000010,10-Q,2020-05-07 00:00:00,https://www.sec.gov/Archives/edgar/data/1682852/000168285220000010/0001682852-20-000010-index.htm
570,88.26293482330101,STZ,Constellation Brands,Consumer Staples,16918,Q,2013,Q2,2013-08-31,Return on equity,roe,1.6217800154505981,0.2026881392464263,YoY delta + Trend,2,"Return on equity rose 14,191 bps year over year (20.3% to 162.2%), 6.9x its usual yearly move; 23.8 sigma above its rolling median of 15.6%.",88.26293482330101,53.41124235760386,74.80708700843707,0.0,0.0,0.08,False,False,1.0,False,0000016918-13-000021,10-Q,2013-10-10 00:00:00,https://www.sec.gov/Archives/edgar/data/16918/000001691813000021/0000016918-13-000021-index.htm
571,88.24742865196924,MPWR,Monolithic Power Systems,Information Technology,1280452,Q,2024,Q4,2024-12-31,Accruals / assets,accruals,1.5843192589677397,-0.09475474976913105,YoY delta + Trend,2,"Accruals / assets rose 16,791 bps year over year (-9.5% to 158.4%), 13.2x its usual yearly move; 13.2 sigma above its rolling median of -6.5%.",88.24742865196924,68.79699985684634,62.33512388516458,0.0,0.0,0.0821917808219178,False,False,1.0,False,0001437749-25-005903,10-K,2025-03-03 00:00:00,https://www.sec.gov/Archives/edgar/data/1280452/000143774925005903/0001437749-25-005903-index.htm
572,88.24526779389956,BBY,Best Buy,Consumer Discretionary,764478,Q,2012,Q4,2012-03-04,Return on assets,roa,-0.3505277010812066,0.12954901619362702,YoY delta + Trend,2,"Return on assets fell 4,801 bps year over year (13.0% to -35.1%), 21.9x its usual yearly move; 29.5 sigma below its rolling median of 4.1%.",95.40028950691844,78.46088126714892,78.64485288311184,0.0,0.0,0.14285714285714285,False,False,0.047619047619047616,False,0000764478-12-000035,10-K,2012-05-01 00:00:00,https://www.sec.gov/Archives/edgar/data/764478/000076447812000035/0000764478-12-000035-index.htm
573,88.23262106027407,MO,Altria,Consumer Staples,764180,Q,2016,Q4,2016-12-31,Return on assets,roa,1.042375675195902,0.15458517990516626,YoY delta + Trend,2,"Return on assets rose 8,878 bps year over year (15.5% to 104.2%), 21.3x its usual yearly move; 37.6 sigma above its rolling median of 14.7%.",96.15093320670893,78.05300603109666,82.4619863715969,0.0,0.0,0.14705882352941177,False,False,1.0,False,0000764180-17-000028,10-K,2017-02-27 00:00:00,https://www.sec.gov/Archives/edgar/data/764180/000076418017000028/0000764180-17-000028-index.htm
574,88.22525525724939,HWM,Howmet Aerospace,Industrials,4281,Q,2020,Q3,2020-09-30,Days inventory outstanding,dio,161.4111111111111,83.265625,YoY delta + Trend,2,"Days inventory outstanding rose 94% year over year (83 days to 161 days), 4.5x its usual yearly move; 30.7 sigma above its rolling median of 84 days. An input changed XBRL tag versus the comparison period.",88.22525525724939,43.101764870030436,79.30560637627126,0.0,0.0,0.0625,False,False,0.9583333333333334,True,0000004281-20-000185,10-Q,2020-11-09 00:00:00,https://www.sec.gov/Archives/edgar/data/4281/000000428120000185/0000004281-20-000185-index.htm
575,88.22139205003958,DHR,Danaher Corporation,Health Care,313616,Q,2019,Q4,2019-12-31,Current ratio,current_ratio,5.189797449362341,1.4652070639264692,YoY delta + Trend,2,"Current ratio rose 254% year over year (1.47x to 5.19x), 4.7x its usual yearly move; 30.1 sigma above its rolling median of 1.49x.",88.22139205003958,43.91304520454517,78.99938052811716,0.0,0.0,0.08771929824561403,False,False,0.9298245614035088,False,0000313616-20-000041,10-K,2020-02-21 00:00:00,https://www.sec.gov/Archives/edgar/data/313616/000031361620000041/0000313616-20-000041-index.htm
576,88.20366721743927,TT,Trane Technologies,Industrials,1466258,Q,2013,Q4,2013-12-31,Trade working capital % of revenue,nwc_pct,0.33332262210796915,0.161093020575183,YoY delta + Trend,2,"Trade working capital % of revenue rose 1,722 bps year over year (16.1% to 33.3%), 14.0x its usual yearly move; 16.9 sigma above its rolling median of 16.6%.",88.20366721743927,63.26630188746889,67.88689027055351,0.0,0.0,0.06349206349206349,False,False,0.9841269841269841,False,0001466258-14-000009,10-K,2014-02-14 00:00:00,https://www.sec.gov/Archives/edgar/data/1466258/000146625814000009/0001466258-14-000009-index.htm
577,88.1912479997706,OMC,Omnicom Group,Communication Services,29989,Q,2026,Q1,2026-03-31,Debt / EBITDA,debt_to_ebitda,9.820021507478737,2.4646902868161003,YoY delta + Trend,2,"Debt / EBITDA rose 298% year over year (2.46x to 9.82x), 5.0x its usual yearly move; 60.8 sigma above its rolling median of 2.43x.",93.65442265462364,45.46197895323634,88.36485588662022,0.0,0.0,0.13333333333333333,False,False,0.9333333333333333,False,0000029989-26-000011,10-Q,2026-04-29 00:00:00,https://www.sec.gov/Archives/edgar/data/29989/000002998926000011/0000029989-26-000011-index.htm
578,88.18827604182802,CTVA,Corteva,Materials,1755672,Q,2019,Q3,2019-09-30,Net margin,net_margin,-0.2585034013605442,-2.63020030816641,YoY delta,1,"Net margin rose 23,717 bps year over year (-263.0% to -25.9%).",92.2230337692319,92.2230337692319,0.0,0.0,0.0,0.125,False,False,0.041666666666666664,False,0001755672-19-000028,10-Q,2019-10-31 00:00:00,https://www.sec.gov/Archives/edgar/data/1755672/000175567219000028/0001755672-19-000028-index.htm
579,88.1806782618216,PPG,PPG Industries,Materials,79879,Q,2024,Q4,2024-12-31,SG&A % of revenue,sga_pct,0.08683602771362586,0.2560919540229885,YoY delta + Trend,2,"SG&A % of revenue fell 1,693 bps year over year (25.6% to 8.7%), 11.8x its usual yearly move; 14.8 sigma below its rolling median of 22.6%.",88.1806782618216,66.32083321140829,64.90613377590444,0.0,0.0,0.08,False,False,0.56,False,0000079879-25-000034,10-K,2025-02-20 00:00:00,https://www.sec.gov/Archives/edgar/data/79879/000007987925000034/0000079879-25-000034-index.htm
580,88.16113140802207,UNH,UnitedHealth Group,Health Care,731766,Q,2015,Q3,2015-09-30,Gross margin,gross_margin,0.8529730772011859,0.9708477059739308,YoY delta + Trend,2,"Gross margin fell 1,179 bps year over year (97.1% to 85.3%), 23.6x its usual yearly move; 23.2 sigma below its rolling median of 97.4%.",91.35868539691407,66.26837654477592,74.38215621445985,0.0,0.0,0.12,False,False,0.88,False,0000731766-15-000049,10-Q,2015-11-05 00:00:00,https://www.sec.gov/Archives/edgar/data/731766/000073176615000049/0000731766-15-000049-index.htm
581,88.15459537316953,ZBRA,Zebra Technologies,Information Technology,877212,A,2014,FY,2014-12-31,Days sales outstanding,dso,146.47481820597974,62.20117053360805,YoY delta + Trend,2,"Days sales outstanding rose 135% year over year (62 days to 146 days), 9.1x its usual yearly move; 18.9 sigma above its rolling median of 62 days.",88.15459537316953,60.19273114669552,70.24311145162335,0.0,0.0,0.078125,False,False,1.0,False,0001193125-15-095560,10-K,2015-03-17 00:00:00,https://www.sec.gov/Archives/edgar/data/877212/000119312515095560/0001193125-15-095560-index.htm
582,88.13562148965116,CTAS,Cintas,Industrials,723254,Q,2016,Q2,2015-11-30,Net margin,net_margin,0.28308232437575875,0.10718733392737446,YoY delta + Trend,2,"Net margin rose 1,759 bps year over year (10.7% to 28.3%), 12.9x its usual yearly move; 16.4 sigma above its rolling median of 8.0%.",88.13562148965116,63.754325572392574,67.26677404211291,0.0,0.0,0.09859154929577464,False,False,1.0,False,0000723254-16-000037,10-Q,2016-01-08 00:00:00,https://www.sec.gov/Archives/edgar/data/723254/000072325416000037/0000723254-16-000037-index.htm
583,88.13509987797747,SJM,J.M. Smucker Company (The),Consumer Staples,91419,Q,2023,Q4,2023-04-30,Return on assets,roa,-0.15497486205573238,0.05049123398727101,YoY delta + Trend,2,"Return on assets fell 2,055 bps year over year (5.0% to -15.5%), 4.7x its usual yearly move; 29.9 sigma below its rolling median of 5.1%.",88.13509987797747,43.79112661018459,78.89141089924004,0.0,0.0,0.1,False,False,0.03333333333333333,False,0000091419-23-000072,10-K,2023-06-20 00:00:00,https://www.sec.gov/Archives/edgar/data/91419/000009141923000072/0000091419-23-000072-index.htm
584,88.13318585331838,CMI,Cummins,Industrials,26172,Q,2023,Q4,2023-12-31,Return on equity,roe,-0.5712528193561616,0.2968596946125036,YoY delta + Trend,2,"Return on equity fell 8,681 bps year over year (29.7% to -57.1%), 6.6x its usual yearly move; 24.2 sigma below its rolling median of 28.3%.",88.13318585331838,52.227245717738924,75.15987025456475,0.0,0.0,0.09090909090909091,False,False,0.012987012987012988,False,0000026172-24-000012,10-K,2024-02-12 00:00:00,https://www.sec.gov/Archives/edgar/data/26172/000002617224000012/0000026172-24-000012-index.htm
585,88.1092481404791,OMC,Omnicom Group,Communication Services,29989,A,2025,FY,2025-12-31,Cash conversion (CFO / EBITDA),cash_conversion,4.072913778763516,0.6889083177681516,YoY delta + Trend,2,"Cash conversion (CFO / EBITDA) rose 491% year over year (0.69x to 4.07x), 6.0x its usual yearly move; 25.5 sigma above its rolling median of 0.75x.",88.1092481404791,50.15068798450742,76.14660788934177,0.0,0.0,0.0625,False,False,1.0,False,0000029989-26-000006,10-K,2026-02-20 00:00:00,https://www.sec.gov/Archives/edgar/data/29989/000002998926000006/0000029989-26-000006-index.htm
586,88.10715096907028,KKR,KKR & Co.,Financials,1404912,Q,2018,Q2,2018-07-01,Asset turnover,asset_turnover,0.08084048999302842,0.0961660975383673,Trend,1,Asset turnover of 0.08x is 59.3 sigma above its rolling median of 0.00x.,88.10715096907028,0.0,88.10715096907028,0.0,0.0,0.057971014492753624,False,False,0.3333333333333333,False,0001404912-18-000016,10-Q,2018-08-03 00:00:00,https://www.sec.gov/Archives/edgar/data/1404912/000140491218000016/0001404912-18-000016-index.htm
587,88.10543530567705,JCI,Johnson Controls,Industrials,833444,A,2014,FY,2014-09-26,Days payables outstanding,dpo,9.79888423129084,48.49763523499852,YoY delta + Trend,2,"Days payables outstanding fell 80% year over year (48 days to 10 days), 17.0x its usual yearly move; 9.5 sigma below its rolling median of 46 days. An input changed XBRL tag versus the comparison period.",88.10543530567705,73.92836879599228,54.3773667199829,0.0,0.0,0.0392156862745098,False,False,0.058823529411764705,True,0000833444-14-000124,10-K,2014-11-14 00:00:00,https://www.sec.gov/Archives/edgar/data/833444/000083344414000124/0000833444-14-000124-index.htm
588,88.09883630938064,COO,Cooper Companies (The),Health Care,711404,A,2021,FY,2021-10-31,Accruals / assets,accruals,0.2699633497922747,-0.038149400553335384,YoY delta + Trend,2,"Accruals / assets rose 3,081 bps year over year (-3.8% to 27.0%), 11.0x its usual yearly move; 41.9 sigma above its rolling median of -4.5%.",94.36255781983522,64.80138616052257,83.98390855425666,0.0,0.0,0.13793103448275862,False,False,1.0,False,0000711404-21-000038,10-K,2021-12-10 00:00:00,https://www.sec.gov/Archives/edgar/data/711404/000071140421000038/0000711404-21-000038-index.htm
589,88.07114851633227,ERIE,Erie Indemnity,Financials,922621,A,2016,FY,2016-12-31,Asset turnover,asset_turnover,1.0801728270028492,0.15710772220789077,YoY delta + Trend,2,"Asset turnover rose 588% year over year (0.16x to 1.08x), 5.5x its usual yearly move; 27.7 sigma above its rolling median of 0.35x. Reverses the prior year's flagged move.",88.29508532694409,47.78030508929293,77.58524883557689,0.0,0.0,0.10144927536231885,False,True,0.9565217391304348,False,0000922621-17-000008,10-K,2017-02-23 00:00:00,https://www.sec.gov/Archives/edgar/data/922621/000092262117000008/0000922621-17-000008-index.htm
590,88.04878875528259,ECL,Ecolab,Materials,31462,Q,2020,Q2,2020-06-30,Accruals / assets,accruals,-0.47829399831774777,-0.03203433344828908,YoY delta + Trend,2,"Accruals / assets fell 4,463 bps year over year (-3.2% to -47.8%), 9.2x its usual yearly move; 18.4 sigma below its rolling median of -3.5%.",88.04878875528259,60.547542449036094,69.70730852627094,0.0,0.0,0.045454545454545456,False,False,0.045454545454545456,False,0001558370-20-009506,10-Q,2020-08-06 00:00:00,https://www.sec.gov/Archives/edgar/data/31462/000155837020009506/0001558370-20-009506-index.htm
591,88.04684483751227,ECL,Ecolab,Materials,31462,Q,2012,Q2,2012-06-30,Debt / EBITDA,debt_to_ebitda,4.734970427491203,0.9570255079982707,YoY delta + Trend,2,Debt / EBITDA rose 395% year over year (0.96x to 4.73x); 31.5 sigma above its rolling median of 0.95x. An input changed XBRL tag versus the comparison period.,89.79281626488502,49.643566900503096,79.7301295845417,0.0,0.0,0.1111111111111111,False,False,0.9444444444444444,True,0001104659-12-053471,10-Q,2012-08-02 00:00:00,https://www.sec.gov/Archives/edgar/data/31462/000110465912053471/0001104659-12-053471-index.htm
592,88.03204402987505,COHR,Coherent Corp.,Information Technology,820318,Q,2020,Q1,2019-09-30,Debt / EBITDA,debt_to_ebitda,12.503660152716717,2.3678690923838532,Trend,1,Debt / EBITDA of 12.50x is 58.8 sigma above its rolling median of 2.03x.,88.03204402987505,0.0,88.03204402987505,0.0,0.0,0.06382978723404255,False,False,0.9574468085106383,False,0001564590-19-042658,10-Q,2019-11-12 00:00:00,https://www.sec.gov/Archives/edgar/data/820318/000156459019042658/0001564590-19-042658-index.htm
593,87.998752546848,EQT,EQT Corporation,Energy,33213,Q,2018,Q2,2018-06-30,Debt / EBITDA,debt_to_ebitda,42.41577210444333,2.269251504582513,YoY delta + Trend,2,"Debt / EBITDA rose 1,002% year over year (2.27x to 42.42x), 5.1x its usual yearly move; 34.3 sigma above its rolling median of 2.56x.",89.74377030273449,45.75019588212964,81.09443920759335,0.0,0.0,0.1111111111111111,False,False,1.0,False,0000033213-18-000011,10-Q,2018-07-26 00:00:00,https://www.sec.gov/Archives/edgar/data/33213/000003321318000011/0000033213-18-000011-index.htm
594,87.99092508451895,SO,Southern Company,Utilities,92122,Q,2017,Q2,2017-06-30,Operating margin,operating_margin,-0.29355432780847146,0.2657546535097555,YoY delta + Trend,2,"Operating margin fell 5,593 bps year over year (26.6% to -29.4%), 10.5x its usual yearly move; 16.2 sigma below its rolling median of 23.7%.",87.99092508451895,63.69322770089279,66.92331993451161,0.0,0.0,0.03571428571428571,False,False,0.03571428571428571,False,0000092122-17-000065,10-Q,2017-08-02 00:00:00,https://www.sec.gov/Archives/edgar/data/92122/000009212217000065/0000092122-17-000065-index.htm
595,87.97864168770852,ABT,Abbott Laboratories,Health Care,1800,Q,2024,Q4,2024-12-31,Return on equity,roe,0.8441801966613309,0.16760422690710267,YoY delta + Trend,2,"Return on equity rose 6,766 bps year over year (16.8% to 84.4%), 6.0x its usual yearly move; 25.4 sigma above its rolling median of 15.6%.",87.97864168770852,49.85649480151285,76.02609098684593,0.0,0.0,0.07692307692307693,False,False,0.9807692307692307,False,0001628280-25-007110,10-K,2025-02-21 00:00:00,https://www.sec.gov/Archives/edgar/data/1800/000162828025007110/0001628280-25-007110-index.htm
596,87.96777023285847,PEG,Public Service Enterprise Group,Utilities,788784,Q,2021,Q3,2021-09-30,Operating margin,operating_margin,-0.7992026096411743,0.26211180124223604,YoY delta + Trend,2,"Operating margin fell 10,613 bps year over year (26.2% to -79.9%), 9.4x its usual yearly move; 17.8 sigma below its rolling median of 20.8%.",87.96777023285847,61.146201224122635,69.03203767397947,0.0,0.0,0.06896551724137931,False,False,0.034482758620689655,False,0001628280-21-021195,10-Q,2021-11-02 00:00:00,https://www.sec.gov/Archives/edgar/data/788784/000162828021021195/0001628280-21-021195-index.htm
597,87.96727709005,ORCL,Oracle Corporation,Information Technology,1341439,Q,2016,Q3,2016-02-29,Gross margin,gross_margin,0.6041944074567244,0.9223758979307387,YoY delta + Trend,2,"Gross margin fell 3,182 bps year over year (92.2% to 60.4%), 4.5x its usual yearly move; 29.9 sigma below its rolling median of 91.8%.",87.96727709005,42.93925025142871,78.91243461929577,0.0,0.0,0.07017543859649122,False,False,0.543859649122807,False,0001193125-17-087309,10-Q,2017-03-17 00:00:00,https://www.sec.gov/Archives/edgar/data/1341439/000119312517087309/0001193125-17-087309-index.htm
598,87.960031415705,COIN,Coinbase,Financials,1679788,Q,2022,Q1,2022-03-31,Net margin,net_margin,-0.3683519713040407,0.42832594530490053,YoY delta + Trend,2,"Net margin fell 7,967 bps year over year (42.8% to -36.8%); 5.3 sigma below its rolling median of 30.6%. Reverses the prior year's flagged move.",87.960031415705,79.93333687170752,40.000145976838844,0.0,0.0,0.07246376811594203,False,True,0.043478260869565216,False,0001679788-22-000048,10-Q,2022-05-10 00:00:00,https://www.sec.gov/Archives/edgar/data/1679788/000167978822000048/0001679788-22-000048-index.htm
599,87.94908676623938,VRT,Vertiv,Industrials,1674101,A,2019,FY,2019-12-31,Days payables outstanding,dpo,78.04445638305016,0.08206614546977524,YoY delta,1,"Days payables outstanding rose 94,999% year over year (0 days to 78 days).",88.4830361221489,88.4830361221489,0.0,0.0,0.0,0.10344827586206896,False,False,0.8620689655172413,False,0001628280-20-006768,10-Q,2020-05-07 00:00:00,https://www.sec.gov/Archives/edgar/data/1674101/000162828020006768/0001628280-20-006768-index.htm
600,87.94517322844227,CAH,Cardinal Health,Health Care,721371,Q,2020,Q1,2019-09-30,Net margin,net_margin,-0.13181221713398142,0.016840371453724478,YoY delta + Trend,2,"Net margin fell 1,487 bps year over year (1.7% to -13.2%), 11.2x its usual yearly move; 18.7 sigma below its rolling median of 0.8%.",87.94517322844227,59.78324594649151,70.02536118275793,0.0,0.0,0.07142857142857142,False,False,0.03571428571428571,False,0000721371-19-000127,10-Q,2019-11-07 00:00:00,https://www.sec.gov/Archives/edgar/data/721371/000072137119000127/0000721371-19-000127-index.htm
601,87.93117713513344,HOOD,Robinhood Markets,Financials,1783879,Q,2022,Q1,2022-03-31,Net margin,net_margin,-1.3110367892976589,-2.768199233716475,YoY delta,1,"Net margin rose 14,572 bps year over year (-276.8% to -131.1%).",87.93117713513344,87.93117713513344,0.0,0.0,0.0,0.07246376811594203,False,False,0.014492753623188406,False,0001783879-22-000104,10-Q,2022-05-06 00:00:00,https://www.sec.gov/Archives/edgar/data/1783879/000178387922000104/0001783879-22-000104-index.htm
602,87.92329356084106,HPQ,HP Inc.,Information Technology,47217,A,2016,FY,2016-10-31,Gross margin,gross_margin,0.18653343836809155,0.4864205892312902,YoY delta + Trend,2,"Gross margin fell 2,999 bps year over year (48.6% to 18.7%), 8.4x its usual yearly move; 19.7 sigma below its rolling median of 49.1%. An input changed XBRL tag versus the comparison period.",87.92329356084106,58.22446034756685,71.0914412126438,0.0,0.0,0.09090909090909091,False,False,0.09090909090909091,True,0000047217-16-000093,10-K,2016-12-15 00:00:00,https://www.sec.gov/Archives/edgar/data/47217/000004721716000093/0000047217-16-000093-index.htm
603,87.92138958309089,CMI,Cummins,Industrials,26172,Q,2023,Q4,2023-12-31,EBITDA margin,ebitda_margin,-0.11096804401264193,0.1341055341055341,YoY delta + Trend,2,"EBITDA margin fell 2,451 bps year over year (13.4% to -11.1%), 7.9x its usual yearly move; 20.6 sigma below its rolling median of 14.1%.",87.92138958309089,56.87359330667111,71.99254159336785,0.0,0.0,0.0945945945945946,False,False,0.013513513513513514,False,0000026172-24-000012,10-K,2024-02-12 00:00:00,https://www.sec.gov/Archives/edgar/data/26172/000002617224000012/0000026172-24-000012-index.htm
604,87.88622654302169,TPR,"Tapestry, Inc.",Consumer Discretionary,1116132,Q,2024,Q2,2023-12-30,Current ratio,current_ratio,6.246546007184305,1.8665770207679666,YoY delta + Trend,2,"Current ratio rose 235% year over year (1.87x to 6.25x), 3.9x its usual yearly move; 32.1 sigma above its rolling median of 1.87x.",87.88622654302169,39.23362966408454,80.06500406390315,0.0,0.0,0.022727272727272728,False,False,1.0,False,0001116132-24-000007,10-Q,2024-02-08 00:00:00,https://www.sec.gov/Archives/edgar/data/1116132/000111613224000007/0001116132-24-000007-index.htm
605,87.88283832195117,SBAC,SBA Communications,Real Estate,1034054,Q,2020,Q4,2020-12-31,Days payables outstanding,dpo,78.40138173777844,23.96499612396708,YoY delta + Trend,2,"Days payables outstanding rose 227% year over year (24 days to 78 days), 5.1x its usual yearly move; 27.6 sigma above its rolling median of 25 days.",87.88283832195117,46.02579605562979,77.55008727773426,0.0,0.0,,False,False,,False,0001034054-21-000003,10-K,2021-02-25 00:00:00,https://www.sec.gov/Archives/edgar/data/1034054/000103405421000003/0001034054-21-000003-index.htm
606,87.88190867936216,MDLZ,Mondelez International,Consumer Staples,1103982,Q,2012,Q4,2012-12-31,Operating margin,operating_margin,-0.16692996313849395,0.10260076252723312,YoY delta + Trend,2,"Operating margin fell 2,695 bps year over year (10.3% to -16.7%), 8.8x its usual yearly move; 32.0 sigma below its rolling median of 12.8%.",91.90264959933297,59.55328170896241,79.98020422225136,0.0,0.0,0.125,False,False,0.041666666666666664,False,0001193125-13-073227,10-K,2013-02-25 00:00:00,https://www.sec.gov/Archives/edgar/data/1103982/000119312513073227/0001193125-13-073227-index.htm
607,87.8809227253534,DVN,Devon Energy,Energy,1090012,Q,2013,Q1,2013-03-31,Debt / EBITDA,debt_to_ebitda,32.93224932249323,1.5264047317279257,YoY delta + Trend,2,"Debt / EBITDA rose 1,538% year over year (1.53x to 32.93x), 9.0x its usual yearly move; 56.3 sigma above its rolling median of 1.41x.",95.006402946328,59.885007503996185,87.55179362386905,0.0,0.0,0.14285714285714285,False,False,1.0,False,0001193125-13-192272,10-Q,2013-05-01 00:00:00,https://www.sec.gov/Archives/edgar/data/1090012/000119312513192272/0001193125-13-192272-index.htm
608,87.87788881755543,MMM,3M,Industrials,66740,A,2023,FY,2023-12-31,Return on assets,roa,-0.14417478229504818,0.12353651886620975,YoY delta + Trend,2,"Return on assets fell 2,677 bps year over year (12.4% to -14.4%), 20.1x its usual yearly move; 14.0 sigma below its rolling median of 13.1%.",91.63963944926927,77.03384457412939,63.59703922706603,0.0,0.0,0.12345679012345678,False,False,0.012345679012345678,False,0000066740-24-000016,10-K,2024-02-07 00:00:00,https://www.sec.gov/Archives/edgar/data/66740/000006674024000016/0000066740-24-000016-index.htm
609,87.8253199515559,IQV,IQVIA,Health Care,1478242,Q,2016,Q4,2016-12-31,Net margin,net_margin,-0.07613120057620198,0.06871784087847384,YoY delta + Trend,2,"Net margin fell 1,448 bps year over year (6.9% to -7.6%), 10.5x its usual yearly move; 18.8 sigma below its rolling median of 6.5%.",87.8253199515559,59.15850868523368,70.19041260121097,0.0,0.0,0.05263157894736842,False,False,0.03508771929824561,False,0001193125-17-046709,10-K,2017-02-16 00:00:00,https://www.sec.gov/Archives/edgar/data/1478242/000119312517046709/0001193125-17-046709-index.htm
610,87.80029992392426,PRU,Prudential Financial,Financials,1137774,Q,2012,Q4,2012-12-31,Asset turnover,asset_turnover,0.2659645647054734,0.07569616033734791,YoY delta + Trend,2,"Asset turnover rose 251% year over year (0.08x to 0.27x), 6.4x its usual yearly move; 23.8 sigma above its rolling median of 0.08x.",87.80029992392426,51.44179328156679,74.87613134723816,0.0,0.0,0.05172413793103448,False,False,0.5689655172413793,False,0001193125-13-071582,10-K,2013-02-22 00:00:00,https://www.sec.gov/Archives/edgar/data/1137774/000119312513071582/0001193125-13-071582-index.htm
611,87.79956624627394,RL,Ralph Lauren Corporation,Consumer Discretionary,1037038,A,2017,FY,2017-04-01,Cash conversion (CFO / EBITDA),cash_conversion,4.477197931358721,1.1289237668161436,YoY delta + Trend,2,"Cash conversion (CFO / EBITDA) rose 297% year over year (1.13x to 4.48x), 4.9x its usual yearly move; 37.9 sigma above its rolling median of 0.72x.",90.37417949945612,44.7957667818739,82.5632565848532,0.0,0.0,0.11627906976744186,False,False,1.0,False,0001037038-17-000004,10-K,2017-05-18 00:00:00,https://www.sec.gov/Archives/edgar/data/1037038/000103703817000004/0001037038-17-000004-index.htm
612,87.79703958629446,RVTY,Revvity,Health Care,31791,Q,2016,Q4,2017-01-01,Days payables outstanding,dpo,139.8359439124487,65.10166114663963,YoY delta + Trend,2,"Days payables outstanding rose 115% year over year (65 days to 140 days), 6.8x its usual yearly move; 22.8 sigma above its rolling median of 50 days.",87.79703958629446,52.96555932314574,74.05526623024,0.0,0.0,0.047619047619047616,False,False,0.8333333333333334,False,0000031791-17-000003,10-K,2017-02-28 00:00:00,https://www.sec.gov/Archives/edgar/data/31791/000003179117000003/0000031791-17-000003-index.htm
613,87.79472919278908,VRSK,Verisk Analytics,Industrials,1442145,Q,2024,Q1,2024-03-31,Return on equity,roe,2.966565349544073,0.24778566320074819,YoY delta + Trend,2,"Return on equity rose 27,188 bps year over year (24.8% to 296.7%), 5.7x its usual yearly move; 25.7 sigma above its rolling median of 30.5%.",87.79472919278908,48.63946241876124,76.2360921789313,0.0,0.0,0.06666666666666667,False,False,1.0,False,0001437749-24-014064,10-Q,2024-05-01 00:00:00,https://www.sec.gov/Archives/edgar/data/1442145/000143774924014064/0001437749-24-014064-index.htm
614,87.79154582533717,PM,Philip Morris International,Consumer Staples,1413329,A,2011,FY,2011-12-31,Return on equity,roe,4.600267737617135,1.5742788982867058,YoY delta,1,"Return on equity rose 30,260 bps year over year (157.4% to 460.0%).",88.32453873147539,88.32453873147539,0.0,0.0,0.0,0.10344827586206896,False,False,1.0,False,0001193125-12-076983,10-K,2012-02-24 00:00:00,https://www.sec.gov/Archives/edgar/data/1413329/000119312512076983/0001193125-12-076983-index.htm
615,87.78797367937356,MAS,Masco,Industrials,62996,Q,2019,Q4,2019-12-31,Days inventory outstanding,dio,131.55353728489484,62.19200288184438,YoY delta + Trend,2,"Days inventory outstanding rose 112% year over year (62 days to 132 days), 10.9x its usual yearly move; 16.5 sigma above its rolling median of 62 days.",87.78797367937356,62.6686246096371,67.28749960876348,0.0,0.0,0.06521739130434782,False,False,0.9565217391304348,False,0000062996-20-000006,10-K,2020-02-11 00:00:00,https://www.sec.gov/Archives/edgar/data/62996/000006299620000006/0000062996-20-000006-index.htm
616,87.78064809042883,VTRS,Viatris,Health Care,1792044,Q,2025,Q1,2025-03-31,Return on equity,roe,-0.7097961552708256,0.022508936136575293,YoY delta + Trend,2,"Return on equity fell 7,323 bps year over year (2.3% to -71.0%), 6.6x its usual yearly move; 23.2 sigma below its rolling median of 5.1%.",87.78064809042883,52.39722772283696,74.33058764219645,0.0,0.0,0.07547169811320754,False,False,0.018867924528301886,False,0001792044-25-000018,10-Q,2025-05-08 00:00:00,https://www.sec.gov/Archives/edgar/data/1792044/000179204425000018/0001792044-25-000018-index.htm
617,87.75753487804707,CHD,Church & Dwight,Consumer Staples,313927,Q,2022,Q4,2022-12-31,SG&A % of revenue,sga_pct,0.4256267409470752,0.1488273544239059,YoY delta + Trend,2,"SG&A % of revenue rose 2,768 bps year over year (14.9% to 42.6%), 14.7x its usual yearly move; 11.0 sigma above its rolling median of 12.4%.",87.75753487804707,70.96324067303898,57.838045960639825,0.0,0.0,0.04,False,False,0.96,False,0000950170-23-003066,10-K,2023-02-16 00:00:00,https://www.sec.gov/Archives/edgar/data/313927/000095017023003066/0000950170-23-003066-index.htm
618,87.75214081418319,EMR,Emerson Electric,Industrials,32604,Q,2023,Q3,2023-06-30,Accruals / assets,accruals,0.852390438247012,0.021761673604953485,YoY delta + Trend,2,"Accruals / assets rose 8,306 bps year over year (2.2% to 85.2%), 13.7x its usual yearly move; 11.9 sigma above its rolling median of -3.6%.",87.75214081418319,69.55258895105533,59.77372537149976,0.0,0.0,0.038461538461538464,False,False,1.0,False,0000032604-23-000037,10-Q,2023-08-02 00:00:00,https://www.sec.gov/Archives/edgar/data/32604/000003260423000037/0000032604-23-000037-index.htm
619,87.74781577936994,STX,Seagate Technology,Information Technology,1137789,Q,2012,Q4,2012-06-29,Return on equity,roe,1.1301073769348766,0.1923232323232323,YoY delta + Trend,2,"Return on equity rose 9,378 bps year over year (19.2% to 113.0%); 11.5 sigma above its rolling median of 22.0%. Reverses the prior year's flagged move.",87.74781577936994,70.09981007690003,59.02305553195035,0.0,0.0,0.09433962264150944,False,True,0.9811320754716981,False,0001047469-12-007998,10-K,2012-08-09 00:00:00,https://www.sec.gov/Archives/edgar/data/1137789/000104746912007998/0001047469-12-007998-index.htm
620,87.74343802248112,PCG,PG&E Corporation,Utilities,1004980,Q,2018,Q4,2018-12-31,Operating margin,operating_margin,-2.3312133072407044,0.10463414634146341,YoY delta + Trend,2,"Operating margin fell 24,358 bps year over year (10.5% to -233.1%), 22.4x its usual yearly move; 32.4 sigma below its rolling median of 14.0%.",95.81689895275996,78.8646072983345,80.20807511700309,0.0,0.0,0.14814814814814814,False,False,0.037037037037037035,False,0001004980-19-000004,10-K,2019-02-28 00:00:00,https://www.sec.gov/Archives/edgar/data/1004980/000100498019000004/0001004980-19-000004-index.htm
621,87.73256829983522,EBAY,eBay Inc.,Consumer Discretionary,1065088,A,2015,FY,2015-12-31,Days payables outstanding,dpo,71.92828910220214,25.534717376133983,YoY delta + Trend,2,"Days payables outstanding rose 182% year over year (26 days to 72 days), 8.2x its usual yearly move; 19.5 sigma above its rolling median of 26 days. An input changed XBRL tag versus the comparison period.",87.73256829983522,57.87796094981944,70.87645333230326,0.0,0.0,0.1,False,False,0.7666666666666667,True,0001065088-16-000265,10-K,2016-02-01 00:00:00,https://www.sec.gov/Archives/edgar/data/1065088/000106508816000265/0001065088-16-000265-index.htm
622,87.72114524094036,MCO,Moody's Corporation,Financials,1059556,Q,2016,Q4,2016-12-31,Accruals / assets,accruals,-0.6170916049716815,-0.034113759687964186,YoY delta + Trend,2,"Accruals / assets fell 5,830 bps year over year (-3.4% to -61.7%), 7.3x its usual yearly move; 21.3 sigma below its rolling median of -3.8%.",87.72114524094036,55.00682188986167,72.70951892084092,0.0,0.0,0.08333333333333333,False,False,0.013888888888888888,False,0001193125-17-054522,10-K,2017-02-24 00:00:00,https://www.sec.gov/Archives/edgar/data/1059556/000119312517054522/0001193125-17-054522-index.htm
623,87.71425013245012,PCG,PG&E Corporation,Utilities,1004980,Q,2019,Q2,2019-06-30,Quick ratio,quick_ratio,0.826300122570478,0.17228694052728388,YoY delta + Trend,2,"Quick ratio rose 380% year over year (0.17x to 0.83x), 3.9x its usual yearly move; 35.3 sigma above its rolling median of 0.20x.",88.82455709615202,39.492933935680156,81.53035069991937,0.0,0.0,0.10714285714285714,False,False,1.0,False,0001004980-19-000028,10-Q,2019-08-09 00:00:00,https://www.sec.gov/Archives/edgar/data/1004980/000100498019000028/0001004980-19-000028-index.htm
624,87.70256094131281,BAX,Baxter International,Health Care,10456,Q,2023,Q3,2023-09-30,Return on equity,roe,1.4677395757132408,-1.6323468111713213,YoY delta + Trend,2,"Return on equity rose 31,001 bps year over year (-163.2% to 146.8%), 8.1x its usual yearly move; 19.8 sigma above its rolling median of 11.0%. Reverses the prior year's flagged move.",87.70256094131281,57.32220069124843,71.18539555022122,0.0,0.0,0.034482758620689655,False,True,1.0,False,0001628280-23-036195,10-Q,2023-11-02 00:00:00,https://www.sec.gov/Archives/edgar/data/10456/000162828023036195/0001628280-23-036195-index.htm
625,87.6992268316117,PPL,PPL Corporation,Utilities,922224,Q,2021,Q3,2021-09-30,Current ratio,current_ratio,2.61929150661545,0.4952223447262036,YoY delta + Trend,2,"Current ratio rose 429% year over year (0.50x to 2.62x), 4.9x its usual yearly move; 27.8 sigma above its rolling median of 0.57x.",87.6992268316117,44.97945975749639,77.6433071827857,0.0,0.0,0.1,False,False,1.0,False,0000922224-21-000052,10-Q,2021-11-04 00:00:00,https://www.sec.gov/Archives/edgar/data/922224/000092222421000052/0000922224-21-000052-index.htm
626,87.69307741582337,COO,Cooper Companies (The),Health Care,711404,Q,2026,Q2,2026-04-30,SG&A % of revenue,sga_pct,0.625242718446602,0.398084405866507,YoY delta + Trend,2,"SG&A % of revenue rose 2,272 bps year over year (39.8% to 62.5%), 8.0x its usual yearly move; 19.9 sigma above its rolling median of 40.0%.",87.69307741582337,57.13104013092924,71.29176303375658,0.0,0.0,0.06,False,False,0.98,False,0001628280-26-041305,10-Q,2026-06-05 00:00:00,https://www.sec.gov/Archives/edgar/data/711404/000162828026041305/0001628280-26-041305-index.htm
627,87.68980378452463,MA,Mastercard,Financials,1141391,Q,2009,Q2,2009-06-30,Operating margin,operating_margin,0.43533931458118635,-0.9893301585875376,YoY delta,1,"Operating margin rose 14,247 bps year over year (-98.9% to 43.5%).",87.68980378452463,87.68980378452463,0.0,0.0,0.0,0.06666666666666667,False,False,0.8666666666666667,False,0001193125-09-159733,10-Q,2009-07-31 00:00:00,https://www.sec.gov/Archives/edgar/data/1141391/000119312509159733/0001193125-09-159733-index.htm
628,87.68102268030309,JNJ,Johnson & Johnson,Health Care,200406,Q,2023,Q3,2023-10-01,Net margin,net_margin,1.2190529717577632,0.18738178302719516,YoY delta + Trend,2,"Net margin rose 10,317 bps year over year (18.7% to 121.9%), 6.9x its usual yearly move; 27.1 sigma above its rolling median of 18.9%.",89.41973984393515,53.5460282769103,77.22420761106638,0.0,0.0,0.1111111111111111,False,False,1.0,False,0000200406-23-000102,10-Q,2023-10-27 00:00:00,https://www.sec.gov/Archives/edgar/data/200406/000020040623000102/0000200406-23-000102-index.htm
629,87.65466253134858,AWK,American Water Works,Utilities,1410636,Q,2021,Q4,2021-12-31,Net margin,net_margin,0.6782334384858044,0.1570964247020585,YoY delta + Trend,2,"Net margin rose 5,211 bps year over year (15.7% to 67.8%), 15.6x its usual yearly move; 10.0 sigma above its rolling median of 17.3%.",87.65466253134858,72.23887898308588,55.53011904263613,0.0,0.0,0.0967741935483871,False,False,1.0,False,0001410636-22-000048,10-K,2022-02-16 00:00:00,https://www.sec.gov/Archives/edgar/data/1410636/000141063622000048/0001410636-22-000048-index.htm
630,87.64457150584357,WBD,Warner Bros. Discovery,Communication Services,1437107,Q,2018,Q1,2018-03-31,Debt / EBITDA,debt_to_ebitda,22.184421534936998,3.4056326187473727,YoY delta + Trend,2,"Debt / EBITDA rose 551% year over year (3.41x to 22.18x), 6.5x its usual yearly move; 110.7 sigma above its rolling median of 3.39x. An input changed XBRL tag versus the comparison period.",96.762584252736,51.9557375737234,93.26159756905048,0.0,0.0,0.15384615384615385,False,False,1.0,True,0001437107-18-000059,10-Q,2018-05-10 00:00:00,https://www.sec.gov/Archives/edgar/data/1437107/000143710718000059/0001437107-18-000059-index.htm
631,87.61473038966156,PAYX,Paychex,Industrials,723531,Q,2026,Q4,2026-05-31,Debt / EBITDA,debt_to_ebitda,1.5428194101114083,2.0470792652655967,Trend,1,Debt / EBITDA of 1.54x is 56.6 sigma above its rolling median of 0.36x.,87.61473038966156,0.0,87.61473038966156,0.0,0.0,0.05084745762711865,False,False,0.3050847457627119,False,0001193125-26-307785,10-K,2026-07-17 00:00:00,https://www.sec.gov/Archives/edgar/data/723531/000119312526307785/0001193125-26-307785-index.htm
632,87.60436421727611,SO,Southern Company,Utilities,92122,Q,2017,Q2,2017-06-30,Net margin,net_margin,-0.25432780847145486,0.14263287732675486,YoY delta + Trend,2,"Net margin fell 3,970 bps year over year (14.3% to -25.4%), 10.7x its usual yearly move; 15.1 sigma below its rolling median of 13.0%. An input changed XBRL tag versus the comparison period.",87.60436421727611,64.1438690077716,65.42952226103101,0.0,0.0,0.03333333333333333,False,False,0.03333333333333333,True,0000092122-19-000006,10-K,2019-02-20 00:00:00,https://www.sec.gov/Archives/edgar/data/92122/000009212219000006/0000092122-19-000006-index.htm
633,87.59747104064276,AVY,Avery Dennison,Materials,8818,Q,2019,Q1,2019-03-30,Debt / EBITDA,debt_to_ebitda,6.631678189817725,2.129802312569937,YoY delta + Trend,2,"Debt / EBITDA rose 211% year over year (2.13x to 6.63x), 7.2x its usual yearly move; 21.4 sigma above its rolling median of 2.12x. An input changed XBRL tag versus the comparison period.",87.59747104064276,54.4755292375889,72.7563467479169,0.0,0.0,0.09523809523809523,False,False,1.0,True,0001104659-19-025335,10-Q,2019-04-30 00:00:00,https://www.sec.gov/Archives/edgar/data/8818/000110465919025335/0001104659-19-025335-index.htm
634,87.58803596817327,MO,Altria,Consumer Staples,764180,Q,2016,Q4,2016-12-31,Accruals / assets,accruals,1.0128572515405878,-0.05863575789506307,YoY delta + Trend,2,"Accruals / assets rose 10,715 bps year over year (-5.9% to 101.3%), 18.9x its usual yearly move; 12.1 sigma above its rolling median of -10.5%.",90.37915699295573,75.88357779699234,60.106673676311644,0.0,0.0,0.11764705882352941,False,False,1.0,False,0000764180-17-000028,10-K,2017-02-27 00:00:00,https://www.sec.gov/Archives/edgar/data/764180/000076418017000028/0000764180-17-000028-index.htm
635,87.58388471831066,TEL,TE Connectivity,Information Technology,1385157,Q,2018,Q4,2018-09-28,Return on equity,roe,0.6538404763076318,0.1837814948126191,YoY delta + Trend,2,"Return on equity rose 4,701 bps year over year (18.4% to 65.4%), 4.4x its usual yearly move; 29.3 sigma above its rolling median of 19.1%.",87.58388471831066,42.149104857718406,78.53773005386955,0.0,0.0,0.06153846153846154,False,False,0.9076923076923077,False,0001047469-18-007210,10-K,2018-11-13 00:00:00,https://www.sec.gov/Archives/edgar/data/1385157/000104746918007210/0001047469-18-007210-index.htm
636,87.58225687333872,HPE,Hewlett Packard Enterprise,Information Technology,1645590,Q,2017,Q4,2017-10-31,Gross margin,gross_margin,0.2972584856396867,0.556739862157397,YoY delta + Trend,2,"Gross margin fell 2,595 bps year over year (55.7% to 29.7%); 12.4 sigma below its rolling median of 54.3%. An input changed XBRL tag versus the comparison period.",87.58225687333872,68.37789482551862,60.73081454209372,0.0,0.0,0.03333333333333333,False,False,0.13333333333333333,True,0001628280-18-015054,10-K,2018-12-12 00:00:00,https://www.sec.gov/Archives/edgar/data/1645590/000162828018015054/0001628280-18-015054-index.htm
637,87.57550786533916,EW,Edwards Lifesciences,Health Care,1099800,Q,2014,Q2,2014-06-30,Return on assets,roa,0.7319806633992941,0.16237085607057353,YoY delta + Trend,2,"Return on assets rose 5,696 bps year over year (16.2% to 73.2%), 8.7x its usual yearly move; 34.7 sigma above its rolling median of 12.8%.",92.36479345172489,59.209107190535036,81.28208033116778,0.0,0.0,0.12962962962962962,False,False,1.0,False,0001047469-14-006621,10-Q,2014-08-04 00:00:00,https://www.sec.gov/Archives/edgar/data/1099800/000104746914006621/0001047469-14-006621-index.htm
638,87.53162808958628,PFE,Pfizer,Health Care,78003,A,2021,FY,2021-12-31,SG&A % of revenue,sga_pct,0.15627152839287473,0.2771547198625561,YoY delta + Trend,2,"SG&A % of revenue fell 1,209 bps year over year (27.7% to 15.6%), 10.6x its usual yearly move; 24.7 sigma below its rolling median of 28.0%. An input changed XBRL tag versus the comparison period.",91.17044862688749,63.9514775741083,75.50648187796257,0.0,0.0,0.12280701754385964,False,False,0.3333333333333333,True,0000078003-22-000027,10-K,2022-02-24 00:00:00,https://www.sec.gov/Archives/edgar/data/78003/000007800322000027/0000078003-22-000027-index.htm
639,87.5195709656839,WBD,Warner Bros. Discovery,Communication Services,1437107,Q,2022,Q3,2022-09-30,Debt / EBITDA,debt_to_ebitda,83.81344537815126,4.357500736811081,Trend,1,Debt / EBITDA of 83.81x is 56.1 sigma above its rolling median of 3.93x. An input changed XBRL tag versus the comparison period.,87.5195709656839,0.0,87.5195709656839,0.0,0.0,0.06666666666666667,False,False,1.0,True,0001437107-22-000231,10-Q,2022-11-04 00:00:00,https://www.sec.gov/Archives/edgar/data/1437107/000143710722000231/0001437107-22-000231-index.htm
640,87.51005038636083,ALGN,Align Technology,Health Care,1097149,A,2013,FY,2013-12-31,SG&A % of revenue,sga_pct,0.44349490916471523,0.17113032795813163,YoY delta + Trend,2,"SG&A % of revenue rose 2,724 bps year over year (17.1% to 44.3%), 13.4x its usual yearly move; 11.8 sigma above its rolling median of 18.6%. An input changed XBRL tag versus the comparison period.",87.51005038636083,69.05642368120013,59.6363733624065,0.0,0.0,0.09615384615384616,False,False,0.9615384615384616,True,0001097149-16-000031,10-K,2016-02-25 00:00:00,https://www.sec.gov/Archives/edgar/data/1097149/000109714916000031/0001097149-16-000031-index.htm
641,87.50068712279398,TPR,"Tapestry, Inc.",Consumer Discretionary,1116132,Q,2024,Q3,2024-03-30,Debt / EBITDA,debt_to_ebitda,5.7281374428550365,1.2641509433962264,Trend,1,Debt / EBITDA of 5.73x is 66.3 sigma above its rolling median of 1.26x.,89.23582822721198,0.0,89.23582822721198,0.0,0.0,0.1111111111111111,False,False,0.8888888888888888,False,0001116132-24-000013,10-Q,2024-05-09 00:00:00,https://www.sec.gov/Archives/edgar/data/1116132/000111613224000013/0001116132-24-000013-index.htm
642,87.48618540093288,PM,Philip Morris International,Consumer Staples,1413329,A,2023,FY,2023-12-31,Trade working capital % of revenue,nwc_pct,0.2869164723943822,0.11974860231315623,YoY delta + Trend,2,"Trade working capital % of revenue rose 1,672 bps year over year (12.0% to 28.7%), 11.0x its usual yearly move; 15.9 sigma above its rolling median of 12.8%. An input changed XBRL tag versus the comparison period.",87.48618540093288,62.5703495073725,66.56710806975886,0.0,0.0,0.0625,False,False,0.96875,True,0001413329-24-000013,10-K,2024-02-08 00:00:00,https://www.sec.gov/Archives/edgar/data/1413329/000141332924000013/0001413329-24-000013-index.htm
643,87.47723478542991,VRT,Vertiv,Industrials,1674101,Q,2020,Q3,2020-09-30,Days payables outstanding,dpo,79.89552736982644,0.15655958090075062,YoY delta,1,"Days payables outstanding rose 50,932% year over year (0 days to 80 days).",87.47723478542991,87.47723478542991,0.0,0.0,0.0,0.07272727272727272,False,False,0.8909090909090909,False,0001628280-20-015793,10-Q,2020-11-05 00:00:00,https://www.sec.gov/Archives/edgar/data/1674101/000162828020015793/0001628280-20-015793-index.htm
644,87.46810050811074,KDP,Keurig Dr Pepper,Consumer Staples,1418135,A,2018,FY,2018-12-31,Trade working capital % of revenue,nwc_pct,-0.07041117979037893,0.07952167414050822,YoY delta + Trend,2,"Trade working capital % of revenue fell 1,499 bps year over year (8.0% to -7.0%), 20.0x its usual yearly move; 20.0 sigma below its rolling median of 8.0%. An input changed XBRL tag versus the comparison period.",88.57529165378303,59.98925374266618,71.44590037701968,0.0,0.0,0.10714285714285714,False,False,0.03571428571428571,True,0001418135-19-000007,10-K,2019-02-28 00:00:00,https://www.sec.gov/Archives/edgar/data/1418135/000141813519000007/0001418135-19-000007-index.htm
645,87.45558823449245,NRG,NRG Energy,Utilities,1013871,Q,2015,Q4,2015-12-31,Accruals / assets,accruals,-0.6840675174969123,-0.02744816310352516,YoY delta + Trend,2,"Accruals / assets fell 6,566 bps year over year (-2.7% to -68.4%), 9.1x its usual yearly move; 17.3 sigma below its rolling median of -3.2%.",87.45558823449245,60.394079850731565,68.32692759509274,0.0,0.0,0.07407407407407407,False,False,0.037037037037037035,False,0001013871-16-000022,10-K,2016-02-29 00:00:00,https://www.sec.gov/Archives/edgar/data/1013871/000101387116000022/0001013871-16-000022-index.htm
646,87.44760968463675,HON,Honeywell Technologies,Industrials,773840,Q,2026,Q2,2026-06-30,Net margin,net_margin,0.5846280481531022,0.151661514683153,YoY delta + Trend,2,"Net margin rose 4,330 bps year over year (15.2% to 58.5%), 6.0x its usual yearly move; 23.8 sigma above its rolling median of 15.0%.",87.44760968463675,50.0422781277611,74.87397374230846,0.0,0.0,0.028169014084507043,False,False,1.0,False,0000773840-26-000124,10-Q,2026-07-23 00:00:00,https://www.sec.gov/Archives/edgar/data/773840/000077384026000124/0000773840-26-000124-index.htm
647,87.44328500617127,NOW,ServiceNow,Information Technology,1373715,Q,2016,Q1,2016-03-31,EBITDA margin,ebitda_margin,-1.0026840678830518,-0.19063614576060087,YoY delta + Trend,2,"EBITDA margin fell 8,120 bps year over year (-19.1% to -100.3%), 11.1x its usual yearly move; 14.4 sigma below its rolling median of -12.2%.",87.44328500617127,64.86031080785101,64.26628896696621,0.0,0.0,0.06896551724137931,False,False,0.017241379310344827,False,0001373715-16-000364,10-Q,2016-05-06 00:00:00,https://www.sec.gov/Archives/edgar/data/1373715/000137371516000364/0001373715-16-000364-index.htm
648,87.43505069245042,STZ,Constellation Brands,Consumer Staples,16918,Q,2013,Q2,2013-08-31,Net margin,net_margin,0.9434079216512737,0.15619907233295724,YoY delta + Trend,2,"Net margin rose 7,872 bps year over year (15.6% to 94.3%), 5.9x its usual yearly move; 24.1 sigma above its rolling median of 12.2%.",87.43505069245042,49.610502451459546,75.06434888451567,0.0,0.0,0.07142857142857142,False,False,1.0,False,0000016918-13-000021,10-Q,2013-10-10 00:00:00,https://www.sec.gov/Archives/edgar/data/16918/000001691813000021/0000016918-13-000021-index.htm
649,87.43303238625295,COIN,Coinbase,Financials,1679788,Q,2022,Q1,2022-03-31,Accruals / assets,accruals,0.0759703330494876,-1.3155034906056267,YoY delta,1,"Accruals / assets rose 13,915 bps year over year (-131.6% to 7.6%).",87.43303238625295,87.43303238625295,0.0,0.0,0.0,0.06756756756756757,False,False,0.9054054054054054,False,0001679788-22-000048,10-Q,2022-05-10 00:00:00,https://www.sec.gov/Archives/edgar/data/1679788/000167978822000048/0001679788-22-000048-index.htm
650,87.43111612537511,STZ,Constellation Brands,Consumer Staples,16918,Q,2013,Q2,2013-08-31,Return on assets,roa,0.516474939767213,0.0662382797185139,YoY delta + Trend,2,"Return on assets rose 4,502 bps year over year (6.6% to 51.6%), 6.4x its usual yearly move; 22.8 sigma above its rolling median of 5.6%.",87.43111612537511,51.54275892620959,74.0619077848756,0.0,0.0,0.07142857142857142,False,False,1.0,False,0000016918-13-000021,10-Q,2013-10-10 00:00:00,https://www.sec.gov/Archives/edgar/data/16918/000001691813000021/0000016918-13-000021-index.htm
651,87.42218170956062,SYY,Sysco,Consumer Staples,96021,Q,2015,Q2,2014-12-27,Quick ratio,quick_ratio,1.9684715107681046,0.9974776288591052,YoY delta + Trend,2,"Quick ratio rose 97% year over year (1.00x to 1.97x), 6.7x its usual yearly move; 22.0 sigma above its rolling median of 0.98x.",87.42218170956062,52.87060746952183,73.31215698928135,0.0,0.0,0.07692307692307693,False,False,0.9615384615384616,False,0000096021-15-000004,10-Q,2015-02-03 00:00:00,https://www.sec.gov/Archives/edgar/data/96021/000009602115000004/0000096021-15-000004-index.htm
652,87.40472812574603,APD,Air Products,Materials,2969,Q,2016,Q2,2016-03-31,Return on assets,roa,-0.11113230861345832,0.06604192523598602,YoY delta + Trend,2,"Return on assets fell 1,772 bps year over year (6.6% to -11.1%), 7.1x its usual yearly move; 25.8 sigma below its rolling median of 6.7%.",89.1379663605342,54.14263439219932,76.31343733880323,0.0,0.0,0.1111111111111111,False,False,0.1111111111111111,False,0001193125-16-562956,10-Q,2016-04-28 00:00:00,https://www.sec.gov/Archives/edgar/data/2969/000119312516562956/0001193125-16-562956-index.htm
653,87.39483438821817,COHR,Coherent Corp.,Information Technology,820318,Q,2020,Q1,2019-09-30,Operating margin,operating_margin,-0.05427294813004357,0.11834953710329386,YoY delta + Trend,2,"Operating margin fell 1,726 bps year over year (11.8% to -5.4%), 6.4x its usual yearly move; 22.7 sigma below its rolling median of 11.6%.",87.39483438821817,51.55063421681062,73.98280574365023,0.0,0.0,0.07575757575757576,False,False,0.09090909090909091,False,0001564590-19-042658,10-Q,2019-11-12 00:00:00,https://www.sec.gov/Archives/edgar/data/820318/000156459019042658/0001564590-19-042658-index.htm
654,87.38363406922535,COHR,Coherent Corp.,Information Technology,820318,Q,2014,Q1,2013-09-30,Debt / EBITDA,debt_to_ebitda,1.8480234645186708,0.16657032036698616,YoY delta + Trend,2,"Debt / EBITDA rose 1,009% year over year (0.17x to 1.85x); 21.6 sigma above its rolling median of 0.17x.",89.11645400827514,59.73848852159149,72.96786535805667,0.0,0.0,0.1111111111111111,False,False,0.6111111111111112,False,0001193125-13-435304,10-Q,2013-11-08 00:00:00,https://www.sec.gov/Archives/edgar/data/820318/000119312513435304/0001193125-13-435304-index.htm
655,87.38143114575209,SLB,Schlumberger,Energy,87347,Q,2019,Q3,2019-09-30,Accruals / assets,accruals,-0.8167925276673847,-0.06750260338654228,YoY delta + Trend,2,"Accruals / assets fell 7,493 bps year over year (-6.8% to -81.7%), 11.4x its usual yearly move; 17.4 sigma below its rolling median of -5.5%.",89.114207400767,65.48273137698692,68.46276361515085,0.0,0.0,0.1111111111111111,False,False,0.05555555555555555,False,0001564590-19-037505,10-Q,2019-10-23 00:00:00,https://www.sec.gov/Archives/edgar/data/87347/000156459019037505/0001564590-19-037505-index.htm
656,87.36241950564468,KIM,Kimco Realty,Real Estate,879101,Q,2020,Q2,2020-06-30,Return on equity,roe,0.5771835932156562,0.07614780748685271,YoY delta + Trend,2,"Return on equity rose 5,010 bps year over year (7.6% to 57.7%), 6.0x its usual yearly move; 24.9 sigma above its rolling median of 8.2%.",87.89280713490706,50.14783882968852,75.71380541812267,0.0,0.0,0.10344827586206896,False,False,1.0,False,0001437749-20-017012,10-Q,2020-08-07 00:00:00,https://www.sec.gov/Archives/edgar/data/879101/000143774920017012/0001437749-20-017012-index.htm
657,87.32575548866338,VRSN,Verisign,Information Technology,1014473,Q,2011,Q2,2011-06-30,Days payables outstanding,dpo,29.340374259227385,371.0316272480907,YoY delta + Trend,2,Days payables outstanding fell 92% year over year (371 days to 29 days); 8.4 sigma below its rolling median of 369 days. An input changed XBRL tag versus the comparison period.,87.32575548866338,73.97664683980666,51.29665099913487,0.0,0.0,0.09803921568627451,False,False,0.13725490196078433,True,0001193125-11-202763,10-Q,2011-07-29 00:00:00,https://www.sec.gov/Archives/edgar/data/1014473/000119312511202763/0001193125-11-202763-index.htm
658,87.32209467372627,OXY,Occidental Petroleum,Energy,797468,Q,2015,Q3,2015-09-30,Days inventory outstanding,dio,72.45753715498938,36.63478581979321,YoY delta + Trend,2,"Days inventory outstanding rose 98% year over year (37 days to 72 days), 3.8x its usual yearly move; 30.7 sigma above its rolling median of 38 days. An input changed XBRL tag versus the comparison period.",87.32209467372627,38.63063989460138,79.34163676385072,0.0,0.0,,False,False,,True,0000797468-15-000014,10-Q,2015-10-30 00:00:00,https://www.sec.gov/Archives/edgar/data/797468/000079746815000014/0000797468-15-000014-index.htm
659,87.32077466086709,APD,Air Products,Materials,2969,Q,2025,Q2,2025-03-31,EBITDA margin,ebitda_margin,-0.6667581098690076,0.3405910859327008,YoY delta + Trend,2,"EBITDA margin fell 10,073 bps year over year (34.1% to -66.7%), 12.2x its usual yearly move; 26.0 sigma below its rolling median of 33.2%. An input changed XBRL tag versus the comparison period.",92.2331948197448,67.02532207246014,76.44615302286692,0.0,0.0,0.13043478260869565,False,False,0.043478260869565216,True,0000002969-25-000027,10-Q,2025-05-01 00:00:00,https://www.sec.gov/Archives/edgar/data/2969/000000296925000027/0000002969-25-000027-index.htm
660,87.32014154637771,VRSN,Verisign,Information Technology,1014473,Q,2010,Q3,2010-09-30,Accruals / assets,accruals,1.3043436222441225,-0.072961051396502,YoY delta,1,"Accruals / assets rose 13,773 bps year over year (-7.3% to 130.4%).",87.32014154637771,87.32014154637771,0.0,0.0,0.0,0.09615384615384616,False,False,1.0,False,0001193125-10-240755,10-Q,2010-10-29 00:00:00,https://www.sec.gov/Archives/edgar/data/1014473/000119312510240755/0001193125-10-240755-index.htm
661,87.31232902329435,STE,Steris,Health Care,1757898,Q,2023,Q2,2022-09-30,EBITDA margin,ebitda_margin,-0.14371808145990436,0.1959464822032022,YoY delta + Trend,2,"EBITDA margin fell 3,397 bps year over year (19.6% to -14.4%), 5.2x its usual yearly move; 27.3 sigma below its rolling median of 25.0%.",87.8424125472866,46.31953952896429,77.35193151095778,0.0,0.0,0.10344827586206896,False,False,0.05172413793103448,False,0001757898-22-000021,10-Q,2022-11-09 00:00:00,https://www.sec.gov/Archives/edgar/data/1757898/000175789822000021/0001757898-22-000021-index.htm
662,87.30742762395661,ETR,Entergy,Utilities,65984,Q,2016,Q4,2016-12-31,EBITDA margin,ebitda_margin,-0.961063891901899,0.12392108935435214,YoY delta + Trend,2,"EBITDA margin fell 10,850 bps year over year (12.4% to -96.1%), 6.5x its usual yearly move; 29.3 sigma below its rolling median of 36.4%.",89.72304815110166,52.07632257632676,78.55558587867937,0.0,0.0,0.11538461538461539,False,False,0.07692307692307693,False,0000065984-17-000067,10-K,2017-02-24 00:00:00,https://www.sec.gov/Archives/edgar/data/65984/000006598417000067/0000065984-17-000067-index.htm
663,87.30027920655684,FE,FirstEnergy,Utilities,1031296,A,2016,FY,2016-12-31,Return on assets,roa,-0.12958514711281272,0.011077784059873698,YoY delta + Trend,2,"Return on assets fell 1,407 bps year over year (1.1% to -13.0%), 26.7x its usual yearly move; 10.8 sigma below its rolling median of 1.9%.",87.30027920655684,70.09911115652685,57.52728000854969,0.0,0.0,0.07142857142857142,False,False,0.03571428571428571,False,0001031296-17-000015,10-K,2017-02-21 00:00:00,https://www.sec.gov/Archives/edgar/data/1031296/000103129617000015/0001031296-17-000015-index.htm
664,87.29944820397547,CPT,Camden Property Trust,Real Estate,906345,Q,2016,Q3,2016-09-30,Interest coverage,interest_coverage,14.166103310799098,2.6630990758650332,Trend,1,Interest coverage of 14.17x is 55.0 sigma above its rolling median of 2.71x.,87.29944820397547,0.0,87.29944820397547,0.0,0.0,0.08695652173913043,False,False,0.9130434782608695,False,0000906345-16-000082,10-Q,2016-10-28 00:00:00,https://www.sec.gov/Archives/edgar/data/906345/000090634516000082/0000906345-16-000082-index.htm
665,87.29614709659816,SNPS,Synopsys,Information Technology,883241,Q,2026,Q3,2026-07-31,Debt / EBITDA,debt_to_ebitda,3.8405815955615075,10.02414650496764,Trend,1,Debt / EBITDA of 3.84x is 673.3 sigma above its rolling median of 0.01x.,98.82582690180924,0.0,98.82582690180924,0.0,0.0,0.16666666666666666,False,False,1.0,False,0000883241-26-000025,10-Q,2026-08-26 00:00:00,https://www.sec.gov/Archives/edgar/data/883241/000088324126000025/0000883241-26-000025-index.htm
666,87.28163253598579,DAL,Delta Air Lines,Industrials,27904,Q,2020,Q3,2020-09-30,Net margin,net_margin,-1.7566949706074462,0.11902866242038217,Trend,1,Net margin of -175.7% is 54.9 sigma below its rolling median of 9.1%.,87.28163253598579,0.0,87.28163253598579,0.0,0.0,0.06493506493506493,False,False,0.012987012987012988,False,0000027904-20-000013,10-Q,2020-10-14 00:00:00,https://www.sec.gov/Archives/edgar/data/27904/000002790420000013/0000027904-20-000013-index.htm
667,87.2749966351819,GPN,Global Payments,Financials,1123360,Q,2026,Q1,2026-03-31,Return on assets,roa,-0.12244763042460105,0.025880501313557083,YoY delta + Trend,2,"Return on assets fell 1,483 bps year over year (2.6% to -12.2%), 5.6x its usual yearly move; 24.5 sigma below its rolling median of 2.5%.",87.2749966351819,48.35744578002745,75.35946167454135,0.0,0.0,0.05263157894736842,False,False,0.013157894736842105,False,0001123360-26-000072,10-Q,2026-05-08 00:00:00,https://www.sec.gov/Archives/edgar/data/1123360/000112336026000072/0001123360-26-000072-index.htm
668,87.27150985259708,IDXX,Idexx Laboratories,Health Care,874716,A,2018,FY,2018-12-31,Asset turnover,asset_turnover,2.4262603828314533,1.2034354043445243,YoY delta + Trend,2,"Asset turnover rose 102% year over year (1.20x to 2.43x), 21.4x its usual yearly move; 22.1 sigma above its rolling median of 1.19x.",90.89951688621349,65.78735760023902,73.40023314349412,0.0,0.0,0.12280701754385964,False,False,0.9473684210526315,False,0000874716-19-000004,10-K,2019-02-15 00:00:00,https://www.sec.gov/Archives/edgar/data/874716/000087471619000004/0000874716-19-000004-index.htm
669,87.2608695663892,EW,Edwards Lifesciences,Health Care,1099800,Q,2024,Q3,2024-09-30,Accruals / assets,accruals,0.9428490929975509,-0.01158107843350676,YoY delta + Trend,2,"Accruals / assets rose 9,544 bps year over year (-1.2% to 94.3%), 8.1x its usual yearly move; 18.7 sigma above its rolling median of 2.5%.",87.2608695663892,57.49560479477409,70.02867498266502,0.0,0.0,0.0847457627118644,False,False,1.0,False,0001099800-24-000086,10-Q,2024-11-06 00:00:00,https://www.sec.gov/Archives/edgar/data/1099800/000109980024000086/0001099800-24-000086-index.htm
670,87.2607760733577,TSLA,"Tesla, Inc.",Consumer Discretionary,1318605,Q,2012,Q2,2012-06-30,Return on equity,roe,-3.909611317558969,-0.6761677361587822,YoY delta,1,"Return on equity fell 32,334 bps year over year (-67.6% to -391.0%).",88.99115973486904,88.99115973486904,0.0,0.0,0.0,0.1111111111111111,False,False,0.027777777777777776,False,0001193125-12-332138,10-Q,2012-08-02 00:00:00,https://www.sec.gov/Archives/edgar/data/1318605/000119312512332138/0001193125-12-332138-index.htm
671,87.24977171399648,VRTX,Vertex Pharmaceuticals,Health Care,875320,Q,2011,Q4,2011-12-31,Net margin,net_margin,0.28158660844250366,-2.7530675782919234,YoY delta,1,"Net margin rose 30,347 bps year over year (-275.3% to 28.2%).",93.81695883225429,93.81695883225429,0.0,0.0,0.0,0.14,False,False,0.94,False,0001047469-12-001298,10-K,2012-02-22 00:00:00,https://www.sec.gov/Archives/edgar/data/875320/000104746912001298/0001047469-12-001298-index.htm
672,87.24696719939298,CBOE,Cboe Global Markets,Financials,1374310,Q,2017,Q1,2017-03-31,Operating margin,operating_margin,0.07327344188658057,0.4896260703505205,YoY delta + Trend,2,"Operating margin fell 4,164 bps year over year (49.0% to 7.3%), 7.1x its usual yearly move; 20.8 sigma below its rolling median of 48.8%.",87.24696719939298,54.023930039282185,72.26158562159995,0.0,0.0,0.07692307692307693,False,False,0.07692307692307693,False,0001374310-17-000014,10-Q,2017-05-11 00:00:00,https://www.sec.gov/Archives/edgar/data/1374310/000137431017000014/0001374310-17-000014-index.htm
673,87.23556325038118,J,Jacobs Solutions,Industrials,52988,Q,2013,Q1,2012-12-28,Debt / EBITDA,debt_to_ebitda,0.7602665236356739,0.0,Trend,1,Debt / EBITDA of 0.76x is 145.1 sigma above its rolling median of 0.00x.,94.77443908683387,0.0,94.77443908683387,0.0,0.0,0.14545454545454545,False,False,0.16363636363636364,False,0000052988-13-000006,10-Q,2013-01-24 00:00:00,https://www.sec.gov/Archives/edgar/data/52988/000005298813000006/0000052988-13-000006-index.htm
674,87.22968849335567,BDX,Becton Dickinson,Health Care,10795,A,2017,FY,2017-09-30,Quick ratio,quick_ratio,4.764512268102933,0.7179545454545454,YoY delta + Trend,2,"Quick ratio rose 564% year over year (0.72x to 4.76x), 7.5x its usual yearly move; 32.4 sigma above its rolling median of 1.40x.",91.22058927409742,55.69828125466885,80.18268596672037,0.0,0.0,0.125,False,False,0.9285714285714286,False,0000010795-17-000021,10-K,2017-11-22 00:00:00,https://www.sec.gov/Archives/edgar/data/10795/000001079517000021/0000010795-17-000021-index.htm
675,87.2228567334203,ROP,Roper Technologies,Information Technology,882835,Q,2019,Q4,2019-12-31,Net margin,net_margin,0.6245339833667909,0.18680520235413792,YoY delta + Trend,2,"Net margin rose 4,377 bps year over year (18.7% to 62.5%), 9.6x its usual yearly move; 21.9 sigma above its rolling median of 18.3%. Reverses the prior year's flagged move.",89.7260844518226,61.61598383595772,73.23387030614612,0.0,0.0,0.11594202898550725,False,True,0.9565217391304348,False,0000882835-20-000006,10-K,2020-02-28 00:00:00,https://www.sec.gov/Archives/edgar/data/882835/000088283520000006/0000882835-20-000006-index.htm
676,87.21022857513945,EQIX,Equinix,Real Estate,1101239,Q,2015,Q3,2015-09-30,Days payables outstanding,dpo,95.42688528518933,12.695986212884637,Trend,1,Days payables outstanding of 95 days is 54.5 sigma above its rolling median of 10 days. An input changed XBRL tag versus the comparison period.,87.21022857513945,0.0,87.21022857513945,0.0,0.0,,False,False,,True,0001193125-15-359693,10-Q,2015-10-30 00:00:00,https://www.sec.gov/Archives/edgar/data/1101239/000119312515359693/0001193125-15-359693-index.htm
677,87.20583908593605,DLTR,Dollar Tree,Consumer Staples,935703,A,2015,FY,2016-01-30,Debt / EBITDA,debt_to_ebitda,4.855925588656173,0.6074466377788477,YoY delta + Trend,2,"Debt / EBITDA rose 699% year over year (0.61x to 4.86x), 4.1x its usual yearly move; 29.1 sigma above its rolling median of 0.37x. An input changed XBRL tag versus the comparison period.",87.20583908593605,40.69242818808234,78.4274410110093,0.0,0.0,0.06451612903225806,False,False,0.967741935483871,True,0000935703-16-000127,10-K,2016-03-28 00:00:00,https://www.sec.gov/Archives/edgar/data/935703/000093570316000127/0000935703-16-000127-index.htm
678,87.20104210506224,EFX,Equifax,Industrials,33185,Q,2019,Q1,2019-03-31,Debt / EBITDA,debt_to_ebitda,1363.3,2.51309648537956,YoY delta + Trend,2,"Debt / EBITDA rose 895% year over year (2.51x to 1363.30x), 7.6x its usual yearly move; 77.1 sigma above its rolling median of 2.60x.",95.84127858341562,55.771915760163246,90.5971025241953,0.0,0.0,0.15151515151515152,False,False,1.0,False,0000033185-19-000017,10-Q,2019-05-10 00:00:00,https://www.sec.gov/Archives/edgar/data/33185/000003318519000017/0000033185-19-000017-index.htm
679,87.17997384316058,KDP,Keurig Dr Pepper,Consumer Staples,1418135,Q,2019,Q1,2019-03-31,Days payables outstanding,dpo,211.04656419529837,50.515785609397945,YoY delta + Trend,2,"Days payables outstanding rose 318% year over year (51 days to 211 days), 4.1x its usual yearly move; 29.0 sigma above its rolling median of 51 days. An input changed XBRL tag versus the comparison period.",87.17997384316058,40.771225695502224,78.3550709813256,0.0,0.0,0.03333333333333333,False,False,0.9333333333333333,True,0001418135-19-000037,10-Q,2019-05-09 00:00:00,https://www.sec.gov/Archives/edgar/data/1418135/000141813519000037/0001418135-19-000037-index.htm
680,87.17906203883346,CVS,CVS Health,Health Care,64803,Q,2018,Q4,2019-01-01,Gross margin,gross_margin,0.2987468763780685,0.16335641211119148,YoY delta + Trend,2,"Gross margin rose 1,354 bps year over year (16.3% to 29.9%), 15.4x its usual yearly move; 18.7 sigma above its rolling median of 15.6%. An input changed XBRL tag versus the comparison period.",90.80322587873015,69.29225782582303,70.05063391145802,0.0,0.0,0.12280701754385964,False,False,0.08771929824561403,True,0000064803-19-000013,10-K,2019-02-28 00:00:00,https://www.sec.gov/Archives/edgar/data/64803/000006480319000013/0000064803-19-000013-index.htm
681,87.15368834842253,VRTX,Vertex Pharmaceuticals,Health Care,875320,Q,2011,Q4,2011-12-31,Operating margin,operating_margin,0.3974544679944616,-2.543098711922349,YoY delta,1,"Operating margin rose 29,406 bps year over year (-254.3% to 39.7%).",93.63169516507605,93.63169516507605,0.0,0.0,0.0,0.13953488372093023,False,False,0.9534883720930233,False,0001047469-12-001298,10-K,2012-02-22 00:00:00,https://www.sec.gov/Archives/edgar/data/875320/000104746912001298/0001047469-12-001298-index.htm
682,87.14091034320987,F,Ford Motor Company,Consumer Discretionary,37996,Q,2025,Q4,2025-12-31,Gross margin,gross_margin,-0.1249073872303334,0.14332828607579184,YoY delta + Trend,2,"Gross margin fell 2,682 bps year over year (14.3% to -12.5%), 7.6x its usual yearly move; 19.4 sigma below its rolling median of 14.2%.",87.14091034320987,55.93050447111027,70.82088301110603,0.0,0.0,0.03125,False,False,0.03125,False,0000037996-26-000015,10-K,2026-02-11 00:00:00,https://www.sec.gov/Archives/edgar/data/37996/000003799626000015/0000037996-26-000015-index.htm
683,87.1403420975036,IEX,IDEX Corporation,Industrials,832101,Q,2012,Q4,2012-12-31,Return on assets,roa,-0.16579853991720103,0.0661631617664383,YoY delta + Trend,2,"Return on assets fell 2,320 bps year over year (6.6% to -16.6%); 42.3 sigma below its rolling median of 7.0%.",94.57622657849389,65.90538134519478,84.09199564183511,0.0,0.0,0.14492753623188406,False,False,0.043478260869565216,False,0001193125-13-069436,10-K,2013-02-21 00:00:00,https://www.sec.gov/Archives/edgar/data/832101/000119312513069436/0001193125-13-069436-index.htm
684,87.132491332576,JNJ,Johnson & Johnson,Health Care,200406,Q,2023,Q3,2023-10-01,Return on equity,roe,1.4225185650751142,0.23625427276822386,YoY delta + Trend,2,"Return on equity rose 11,863 bps year over year (23.6% to 142.3%), 6.4x its usual yearly move; 22.0 sigma above its rolling median of 24.6%. An input changed XBRL tag versus the comparison period.",87.132491332576,51.696664060868066,73.36103518059572,0.0,0.0,0.06896551724137931,False,False,1.0,True,0000200406-23-000102,10-Q,2023-10-27 00:00:00,https://www.sec.gov/Archives/edgar/data/200406/000020040623000102/0000200406-23-000102-index.htm
685,87.12973036862202,MMM,3M,Industrials,66740,Q,2023,Q3,2023-09-30,SG&A % of revenue,sga_pct,0.7208854667949952,0.23181343543334493,YoY delta + Trend,2,"SG&A % of revenue rose 4,891 bps year over year (23.2% to 72.1%), 3.2x its usual yearly move; 32.3 sigma above its rolling median of 21.3%.",87.12973036862202,35.1182896105622,80.16348589744769,0.0,0.0,0.07352941176470588,False,False,1.0,False,0000066740-23-000092,10-Q,2023-10-24 00:00:00,https://www.sec.gov/Archives/edgar/data/66740/000006674023000092/0000066740-23-000092-index.htm
686,87.12211133583067,NDSN,Nordson Corporation,Industrials,72331,Q,2010,Q4,2010-11-01,Return on equity,roe,0.44613641664722936,-2.2599628083983827,YoY delta,1,"Return on equity rose 27,061 bps year over year (-226.0% to 44.6%).",87.12211133583067,87.12211133583067,0.0,0.0,0.0,0.05970149253731343,False,False,0.9552238805970149,False,0001193125-11-343516,10-K,2011-12-16 00:00:00,https://www.sec.gov/Archives/edgar/data/72331/000119312511343516/0001193125-11-343516-index.htm
687,87.11619572887422,ECHO,EchoStar,Communication Services,1415404,Q,2023,Q4,2023-12-31,Debt / EBITDA,debt_to_ebitda,13.841438240178132,,Trend,1,Debt / EBITDA of 13.84x is 81.9 sigma above its rolling median of 2.20x.,91.10190403019526,0.0,91.10190403019526,0.0,0.0,0.125,False,False,1.0,False,0001558370-24-002209,10-K,2024-02-29 00:00:00,https://www.sec.gov/Archives/edgar/data/1415404/000155837024002209/0001558370-24-002209-index.htm
688,87.09285171689562,MMM,3M,Industrials,66740,Q,2022,Q3,2022-09-30,Return on assets,roa,0.3362596667029735,0.11877620748563442,YoY delta + Trend,2,"Return on assets rose 2,175 bps year over year (11.9% to 33.6%), 6.1x its usual yearly move; 22.6 sigma above its rolling median of 11.6%.",87.09285171689562,50.59541352005631,73.87459504727529,0.0,0.0,0.04819277108433735,False,False,1.0,False,0000066740-22-000076,10-Q,2022-10-25 00:00:00,https://www.sec.gov/Archives/edgar/data/66740/000006674022000076/0000066740-22-000076-index.htm
689,87.0767766466152,HST,Host Hotels & Resorts,Real Estate,1070750,A,2020,FY,2020-12-31,Asset turnover,asset_turnover,0.1285969438380631,0.44837056773929085,YoY delta + Trend,2,"Asset turnover fell 71% year over year (0.45x to 0.13x), 12.9x its usual yearly move; 11.6 sigma below its rolling median of 0.45x.",87.0767766466152,68.32173541314656,59.20476224967207,0.0,0.0,0.1,False,False,0.43333333333333335,False,0001564590-21-008676,10-K,2021-02-25 00:00:00,https://www.sec.gov/Archives/edgar/data/1070750/000156459021008676/0001564590-21-008676-index.htm
690,87.07420938536139,BAX,Baxter International,Health Care,10456,A,2016,FY,2016-12-31,Net margin,net_margin,0.4885368493555053,0.0971107544141252,YoY delta + Trend,2,"Net margin rose 3,914 bps year over year (9.7% to 48.9%), 10.0x its usual yearly move; 15.2 sigma above its rolling median of 15.5%. An input changed XBRL tag versus the comparison period.",87.07420938536139,62.49763048698363,65.53340286897787,0.0,0.0,0.08928571428571429,False,False,1.0,True,0001564590-17-002240,10-K,2017-02-23 00:00:00,https://www.sec.gov/Archives/edgar/data/10456/000156459017002240/0001564590-17-002240-index.htm
691,87.03559238577604,DLR,Digital Realty,Real Estate,1297996,Q,2014,Q4,2014-12-31,EBITDA margin,ebitda_margin,0.3084814757311701,0.5902145007888567,YoY delta + Trend,2,"EBITDA margin fell 2,817 bps year over year (59.0% to 30.8%), 15.6x its usual yearly move; 16.8 sigma below its rolling median of 58.3%.",91.01761295244553,72.18479562177191,67.70691696018851,0.0,0.0,0.125,False,False,0.25,False,0001297996-15-000010,10-K,2015-03-02 00:00:00,https://www.sec.gov/Archives/edgar/data/1297996/000129799615000010/0001297996-15-000010-index.htm
692,87.03541977462623,VRTX,Vertex Pharmaceuticals,Health Care,875320,Q,2012,Q1,2012-03-31,EBITDA margin,ebitda_margin,0.22840334870320944,-2.050460210149059,YoY delta,1,"EBITDA margin rose 22,789 bps year over year (-205.0% to 22.8%).",91.9317866735432,91.9317866735432,0.0,0.0,0.0,0.13043478260869565,False,False,0.6521739130434783,False,0001047469-12-005755,10-Q,2012-05-10 00:00:00,https://www.sec.gov/Archives/edgar/data/875320/000104746912005755/0001047469-12-005755-index.htm
693,87.02894520072971,ROK,Rockwell Automation,Industrials,1024478,A,2020,FY,2020-09-30,Return on equity,roe,1.4293296089385474,0.6883316021170303,YoY delta + Trend,2,"Return on equity rose 7,410 bps year over year (68.8% to 142.9%), 4.4x its usual yearly move; 37.1 sigma above its rolling median of 34.2%.",89.80224997950866,42.48041854257616,82.27082019357225,0.0,0.0,0.11764705882352941,False,False,0.9852941176470589,False,0001024478-20-000038,10-K,2020-11-10 00:00:00,https://www.sec.gov/Archives/edgar/data/1024478/000102447820000038/0001024478-20-000038-index.htm
694,87.0034776611335,PLD,Prologis,Real Estate,1045609,Q,2012,Q4,2012-12-31,Operating margin,operating_margin,-0.30780377813458226,0.11799261358472482,YoY delta + Trend,2,"Operating margin fell 4,258 bps year over year (11.8% to -30.8%); 11.7 sigma below its rolling median of 15.4%. Reverses the prior year's flagged move.",87.0034776611335,68.04072336522715,59.3341160771899,0.0,0.0,0.1,False,True,0.05,False,0001193125-13-081863,10-K,2013-02-28 00:00:00,https://www.sec.gov/Archives/edgar/data/1045609/000119312513081863/0001193125-13-081863-index.htm
695,86.98813967572657,LUV,Southwest Airlines,Industrials,92380,Q,2020,Q3,2020-09-30,Net margin,net_margin,-0.645287228109314,0.11686469232133356,YoY delta + Trend,2,"Net margin fell 7,622 bps year over year (11.7% to -64.5%), 4.5x its usual yearly move; 27.2 sigma below its rolling median of 10.3%.",86.98813967572657,42.75997395797382,77.26789936342797,0.0,0.0,0.06493506493506493,False,False,0.03896103896103896,False,0000092380-20-000145,10-Q,2020-10-27 00:00:00,https://www.sec.gov/Archives/edgar/data/92380/000009238020000145/0000092380-20-000145-index.htm
696,86.98446545890579,UBER,Uber,Industrials,1543151,Q,2019,Q2,2019-06-30,Net margin,net_margin,-1.6538218572331016,-0.3171965317919075,YoY delta,1,"Net margin fell 13,366 bps year over year (-31.7% to -165.4%).",86.98446545890579,86.98446545890579,0.0,0.0,0.0,0.08974358974358974,False,False,0.01282051282051282,False,0001543151-19-000009,10-Q,2019-08-09 00:00:00,https://www.sec.gov/Archives/edgar/data/1543151/000154315119000009/0001543151-19-000009-index.htm
697,86.97934070457119,NEM,Newmont,Materials,1164727,Q,2019,Q3,2019-09-30,Net margin,net_margin,0.802801326944342,-0.08400926998841252,YoY delta + Trend,2,"Net margin rose 8,868 bps year over year (-8.4% to 80.3%); 8.3 sigma above its rolling median of 3.8%. Reverses the prior year's flagged move.",90.95878766491104,81.59752945320473,50.86957312553093,0.0,0.0,0.125,False,True,1.0,False,0001558370-19-009890,10-Q,2019-11-05 00:00:00,https://www.sec.gov/Archives/edgar/data/1164727/000155837019009890/0001558370-19-009890-index.htm
698,86.97007723350893,IVZ,Invesco,Financials,914208,Q,2025,Q4,2025-12-31,Return on equity,roe,-0.303667395927826,0.05711907539690662,YoY delta + Trend,2,"Return on equity fell 3,608 bps year over year (5.7% to -30.4%), 6.0x its usual yearly move; 22.8 sigma below its rolling median of 3.8%. Reverses the prior year's flagged move. An input changed XBRL tag versus the comparison period.",86.97007723350893,49.82787233635773,74.02955909335826,0.0,0.0,0.043478260869565216,False,True,0.014492753623188406,True,0000914208-26-000079,10-K,2026-02-24 00:00:00,https://www.sec.gov/Archives/edgar/data/914208/000091420826000079/0000914208-26-000079-index.htm
699,86.95755625140313,JBL,Jabil,Information Technology,898293,Q,2024,Q2,2024-02-29,Return on equity,roe,1.4280762564991334,0.31833910034602075,YoY delta + Trend,2,"Return on equity rose 11,097 bps year over year (31.8% to 142.8%), 7.1x its usual yearly move; 20.1 sigma above its rolling median of 33.6%.",86.95755625140313,54.23075946471922,71.50391049520861,0.0,0.0,0.09523809523809523,False,False,0.9841269841269841,False,0001628280-24-014951,10-Q,2024-04-05 00:00:00,https://www.sec.gov/Archives/edgar/data/898293/000162828024014951/0001628280-24-014951-index.htm
700,86.94676404381062,PWR,Quanta Services,Industrials,1050915,Q,2015,Q4,2015-12-31,Interest coverage,interest_coverage,1.2377049180327868,50.0,YoY delta + Trend,2,"Interest coverage fell 98% year over year (50.00x to 1.24x), 10.4x its usual yearly move; 19.5 sigma below its rolling median of 50.00x.",89.35240573672237,63.39234906777213,70.9142925259268,0.0,0.0,0.11538461538461539,False,False,0.038461538461538464,False,0001193125-16-485494,10-K,2016-02-29 00:00:00,https://www.sec.gov/Archives/edgar/data/1050915/000119312516485494/0001193125-16-485494-index.htm
701,86.93432926786699,KDP,Keurig Dr Pepper,Consumer Staples,1418135,A,2018,FY,2018-12-31,Days inventory outstanding,dio,64.18258426966293,31.014842300556587,YoY delta + Trend,2,"Days inventory outstanding rose 107% year over year (31 days to 64 days), 7.4x its usual yearly move; 20.6 sigma above its rolling median of 30 days. An input changed XBRL tag versus the comparison period.",87.46211791042992,55.24381025606504,71.98626120475522,0.0,0.0,0.10344827586206896,False,False,0.5862068965517241,True,0001418135-19-000007,10-K,2019-02-28 00:00:00,https://www.sec.gov/Archives/edgar/data/1418135/000141813519000007/0001418135-19-000007-index.htm
702,86.92914678581757,GILD,Gilead Sciences,Health Care,882095,Q,2026,Q2,2026-06-30,Return on assets,roa,-0.7948504354411208,0.13980651776559225,YoY delta + Trend,2,"Return on assets fell 9,347 bps year over year (14.0% to -79.5%), 6.2x its usual yearly move; 22.1 sigma below its rolling median of 12.2%.",86.92914678581757,50.75255660999256,73.45881874380798,0.0,0.0,0.07692307692307693,False,False,0.019230769230769232,False,0000882095-26-000031,10-Q,2026-08-06 00:00:00,https://www.sec.gov/Archives/edgar/data/882095/000088209526000031/0000882095-26-000031-index.htm
703,86.92628118917864,PCAR,Paccar,Industrials,75362,Q,2016,Q1,2016-03-31,Return on assets,roa,-0.112012470947825,0.07393224180375914,YoY delta + Trend,2,"Return on assets fell 1,859 bps year over year (7.4% to -11.2%), 9.8x its usual yearly move; 16.5 sigma below its rolling median of 6.5%.",87.6127993933805,62.05608220548513,67.35392303530085,0.0,0.0,0.1044776119402985,False,False,0.029850746268656716,False,0001193125-16-577596,10-Q,2016-05-04 00:00:00,https://www.sec.gov/Archives/edgar/data/75362/000119312516577596/0001193125-16-577596-index.htm
704,86.91777218931202,BSX,Boston Scientific,Health Care,885725,Q,2012,Q2,2012-06-30,Net margin,net_margin,-1.9573304157549234,0.0739240506329114,YoY delta + Trend,2,"Net margin fell 20,313 bps year over year (7.4% to -195.7%), 4.7x its usual yearly move; 52.0 sigma below its rolling median of 5.9%.",92.5225005904652,43.89244990371612,86.67291764352039,0.0,0.0,0.1346153846153846,False,False,0.019230769230769232,False,0000885725-12-000029,10-Q,2012-08-07 00:00:00,https://www.sec.gov/Archives/edgar/data/885725/000088572512000029/0000885725-12-000029-index.htm
705,86.90207665690049,APA,APA Corporation,Energy,1841666,Q,2024,Q3,2024-09-30,Return on equity,roe,-0.16930815222549112,2.484611080022384,YoY delta,1,"Return on equity fell 26,539 bps year over year (248.5% to -16.9%). An input changed XBRL tag versus the comparison period.",86.90207665690049,86.90207665690049,0.0,0.0,0.0,0.05,False,False,0.05,True,0001841666-25-000031,10-Q,2025-11-06 00:00:00,https://www.sec.gov/Archives/edgar/data/1841666/000184166625000031/0001841666-25-000031-index.htm
706,86.89205081094572,VTRS,Viatris,Health Care,1792044,Q,2025,Q1,2025-03-31,EBITDA margin,ebitda_margin,-0.6814061395691854,0.24428126876671943,YoY delta + Trend,2,"EBITDA margin fell 9,257 bps year over year (24.4% to -68.1%), 12.1x its usual yearly move; 12.2 sigma below its rolling median of 25.7%.",86.89205081094572,66.9235326106914,60.370770449049836,0.0,0.0,0.08771929824561403,False,False,0.017543859649122806,False,0001792044-25-000018,10-Q,2025-05-08 00:00:00,https://www.sec.gov/Archives/edgar/data/1792044/000179204425000018/0001792044-25-000018-index.htm
707,86.85348004148821,INCY,Incyte,Health Care,879169,Q,2016,Q3,2016-09-30,Return on equity,roe,0.44227035794971586,-2.2003599446880364,YoY delta,1,"Return on equity rose 26,426 bps year over year (-220.0% to 44.2%).",86.85348004148821,86.85348004148821,0.0,0.0,0.0,0.07692307692307693,False,False,0.9038461538461539,False,0001558370-16-008973,10-Q,2016-11-01 00:00:00,https://www.sec.gov/Archives/edgar/data/879169/000155837016008973/0001558370-16-008973-index.htm
708,86.8522873091482,PM,Philip Morris International,Consumer Staples,1413329,Q,2023,Q2,2023-06-30,Days sales outstanding,dso,41.82418869187019,17.08841687490813,YoY delta + Trend,2,"Days sales outstanding rose 145% year over year (17 days to 42 days), 7.2x its usual yearly move; 19.6 sigma above its rolling median of 16 days. An input changed XBRL tag versus the comparison period.",86.8522873091482,54.60098205801606,71.03965396860909,0.0,0.0,0.038461538461538464,False,False,0.8461538461538461,True,0001413329-23-000176,10-Q,2023-07-27 00:00:00,https://www.sec.gov/Archives/edgar/data/1413329/000141332923000176/0001413329-23-000176-index.htm
709,86.8461168623056,ABBV,AbbVie,Health Care,1551152,Q,2018,Q4,2018-12-31,Operating margin,operating_margin,-0.2939193257074052,0.23181289572296163,YoY delta + Trend,2,"Operating margin fell 5,257 bps year over year (23.2% to -29.4%), 4.1x its usual yearly move; 28.3 sigma below its rolling median of 36.9%.",86.8461168623056,40.359092724889486,77.94486412317909,0.0,0.0,0.09302325581395349,False,False,0.06976744186046512,False,0001551152-19-000008,10-K,2019-02-27 00:00:00,https://www.sec.gov/Archives/edgar/data/1551152/000155115219000008/0001551152-19-000008-index.htm
710,86.84587108712755,UAL,United Airlines Holdings,Industrials,100517,Q,2020,Q2,2020-06-30,Days sales outstanding,dso,53.01779661016949,14.101254165935801,YoY delta + Trend,2,"Days sales outstanding rose 276% year over year (14 days to 53 days), 9.3x its usual yearly move; 20.0 sigma above its rolling median of 14 days.",88.81608710386828,60.879330167530846,71.41175510535517,0.0,0.0,0.11267605633802817,False,False,0.39436619718309857,False,0000100517-20-000046,10-Q,2020-07-22 00:00:00,https://www.sec.gov/Archives/edgar/data/100517/000010051720000046/0000100517-20-000046-index.htm
711,86.84381568542595,J,Jacobs Solutions,Industrials,52988,Q,2024,Q4,2024-09-27,Gross margin,gross_margin,0.054329341418509196,0.3216217169792681,YoY delta + Trend,2,"Gross margin fell 2,673 bps year over year (32.2% to 5.4%), 10.3x its usual yearly move; 14.4 sigma below its rolling median of 21.6%. Reverses the prior year's flagged move.",86.84381568542595,63.12005949911361,64.32699148671932,0.0,0.0,0.0847457627118644,False,True,0.03389830508474576,False,0000052988-24-000065,10-K,2024-11-25 00:00:00,https://www.sec.gov/Archives/edgar/data/52988/000005298824000065/0000052988-24-000065-index.htm
712,86.83338004976339,ROP,Roper Technologies,Information Technology,882835,Q,2022,Q4,2022-12-31,Return on equity,roe,0.516035804600008,0.1005147100554001,YoY delta + Trend,2,"Return on equity rose 4,155 bps year over year (10.1% to 51.6%), 4.2x its usual yearly move; 27.7 sigma above its rolling median of 10.1%.",86.83338004976339,41.25388405195233,77.58725025858635,0.0,0.0,0.08955223880597014,False,False,0.8656716417910447,False,0000882835-23-000016,10-K,2023-02-27 00:00:00,https://www.sec.gov/Archives/edgar/data/882835/000088283523000016/0000882835-23-000016-index.htm
713,86.83331512971625,IBM,IBM,Information Technology,51143,Q,2022,Q3,2022-09-30,EBITDA margin,ebitda_margin,-0.25661019352094705,0.15024406856623906,YoY delta + Trend,2,"EBITDA margin fell 4,069 bps year over year (15.0% to -25.7%), 11.5x its usual yearly move; 12.9 sigma below its rolling median of 15.4%.",86.83331512971625,65.62211806570332,61.700127729078766,0.0,0.0,0.0945945945945946,False,False,0.013513513513513514,False,0001558370-22-015322,10-Q,2022-10-25 00:00:00,https://www.sec.gov/Archives/edgar/data/51143/000155837022015322/0001558370-22-015322-index.htm
714,86.82981176343209,KLAC,KLA Corporation,Information Technology,319201,Q,2015,Q3,2015-03-31,Return on equity,roe,0.9607911831253193,0.2265114632757243,YoY delta + Trend,2,"Return on equity rose 7,343 bps year over year (22.7% to 96.1%), 9.3x its usual yearly move; 15.8 sigma above its rolling median of 15.7%.",86.82981176343209,60.753536697530976,66.44235651231443,0.0,0.0,0.05660377358490566,False,False,0.9811320754716981,False,0000319201-15-000029,10-Q,2015-04-24 00:00:00,https://www.sec.gov/Archives/edgar/data/319201/000031920115000029/0000319201-15-000029-index.htm
715,86.82716876924553,ETN,Eaton Corporation,Industrials,1551182,Q,2017,Q3,2017-09-30,Net margin,net_margin,0.26847054308194207,0.10487266893924203,YoY delta + Trend,2,"Net margin rose 1,636 bps year over year (10.5% to 26.8%), 6.1x its usual yearly move; 22.1 sigma above its rolling median of 10.0%. An input changed XBRL tag versus the comparison period.",86.82716876924553,50.41113626008801,73.43590831230883,0.0,0.0,0.05128205128205128,False,False,0.9871794871794872,True,0001551182-17-000181,10-Q,2017-10-31 00:00:00,https://www.sec.gov/Archives/edgar/data/1551182/000155118217000181/0001551182-17-000181-index.htm
716,86.82138505122548,COHR,Coherent Corp.,Information Technology,820318,Q,2020,Q1,2019-09-30,SG&A % of revenue,sga_pct,0.3099066123398618,0.17022068294358417,YoY delta + Trend,2,"SG&A % of revenue rose 1,397 bps year over year (17.0% to 31.0%), 7.6x its usual yearly move; 18.8 sigma above its rolling median of 17.5%.",86.82138505122548,55.833517336718366,70.16150222048194,0.0,0.0,0.1,False,False,0.9428571428571428,False,0001564590-19-042658,10-Q,2019-11-12 00:00:00,https://www.sec.gov/Archives/edgar/data/820318/000156459019042658/0001564590-19-042658-index.htm
717,86.80702235637092,UBER,Uber,Industrials,1543151,Q,2019,Q2,2019-06-30,Operating margin,operating_margin,-1.7324699936828807,-0.26697976878612717,YoY delta,1,"Operating margin fell 14,655 bps year over year (-26.7% to -173.2%).",87.99152363608748,87.99152363608748,0.0,0.0,0.0,0.1076923076923077,False,False,0.015384615384615385,False,0001543151-19-000009,10-Q,2019-08-09 00:00:00,https://www.sec.gov/Archives/edgar/data/1543151/000154315119000009/0001543151-19-000009-index.htm
718,86.77003497978335,CSCO,Cisco,Information Technology,858877,Q,2018,Q2,2018-01-27,Accruals / assets,accruals,-0.3922574342065091,-0.04511057873166096,YoY delta + Trend,2,"Accruals / assets fell 3,471 bps year over year (-4.5% to -39.2%), 17.0x its usual yearly move; 33.3 sigma below its rolling median of -2.6%.",94.95455032495686,73.96336090252754,80.62173210545848,0.0,0.0,0.14925373134328357,False,False,0.04477611940298507,False,0000858877-18-000004,10-Q,2018-02-20 00:00:00,https://www.sec.gov/Archives/edgar/data/858877/000085887718000004/0000858877-18-000004-index.htm
719,86.76276116720523,PYPL,PayPal,Financials,1633917,Q,2018,Q3,2018-09-30,Accruals / assets,accruals,-0.3966229903631105,-0.06855484524510273,YoY delta + Trend,2,"Accruals / assets fell 3,281 bps year over year (-6.9% to -39.7%), 5.1x its usual yearly move; 24.5 sigma below its rolling median of -5.1%.",86.76276116720523,46.165755187391,75.41111818532586,0.0,0.0,0.0410958904109589,False,False,0.0136986301369863,False,0001633917-18-000203,10-Q,2018-10-23 00:00:00,https://www.sec.gov/Archives/edgar/data/1633917/000163391718000203/0001633917-18-000203-index.htm
720,86.74943755637503,FTV,Fortive,Industrials,1659166,Q,2018,Q4,2018-12-31,Accruals / assets,accruals,0.4983487993305539,-0.051039964493937745,YoY delta + Trend,2,"Accruals / assets rose 5,494 bps year over year (-5.1% to 49.8%); 22.9 sigma above its rolling median of -3.7%.",93.08434432278692,73.3115827652254,74.08742670508731,0.0,0.0,0.1388888888888889,False,False,1.0,False,0001659166-19-000085,10-K,2019-02-28 00:00:00,https://www.sec.gov/Archives/edgar/data/1659166/000165916619000085/0001659166-19-000085-index.htm
721,86.74410114284505,ES,Eversource Energy,Utilities,72741,A,2023,FY,2023-12-31,Net margin,net_margin,-0.036496580177243915,0.11492842249573126,YoY delta + Trend,2,"Net margin fell 1,514 bps year over year (11.5% to -3.6%), 10.9x its usual yearly move; 16.0 sigma below its rolling median of 12.4%.",86.74410114284505,60.2267081885772,66.67135594407128,0.0,0.0,0.06451612903225806,False,False,0.03225806451612903,False,0000072741-24-000005,10-K,2024-02-14 00:00:00,https://www.sec.gov/Archives/edgar/data/72741/000007274124000005/0000072741-24-000005-index.htm
722,86.7422814618723,PM,Philip Morris International,Consumer Staples,1413329,Q,2024,Q1,2024-03-31,Gross margin,gross_margin,0.6366427840327533,0.2578424267522518,YoY delta + Trend,2,"Gross margin rose 3,788 bps year over year (25.8% to 63.7%), 4.4x its usual yearly move; 27.0 sigma above its rolling median of 25.7%. An input changed XBRL tag versus the comparison period.",86.7422814618723,42.06826110842805,77.11493079304672,0.0,0.0,0.09375,False,False,0.96875,True,0001413329-24-000087,10-Q,2024-04-26 00:00:00,https://www.sec.gov/Archives/edgar/data/1413329/000141332924000087/0001413329-24-000087-index.htm
723,86.71752369017265,CHD,Church & Dwight,Consumer Staples,313927,Q,2022,Q4,2022-12-31,Operating margin,operating_margin,-0.1381615598885794,0.12888142032585664,YoY delta + Trend,2,"Operating margin fell 2,670 bps year over year (12.9% to -13.8%), 12.8x its usual yearly move; 11.2 sigma below its rolling median of 21.3%.",86.71752369017265,68.09422508923686,58.36967963643909,0.0,0.0,0.0967741935483871,False,False,0.03225806451612903,False,0000950170-23-003066,10-K,2023-02-16 00:00:00,https://www.sec.gov/Archives/edgar/data/313927/000095017023003066/0000950170-23-003066-index.htm
724,86.71215572634203,HAS,Hasbro,Consumer Discretionary,46080,A,2023,FY,2023-12-31,EBITDA margin,ebitda_margin,-0.2654448064277577,0.10931070398005703,YoY delta + Trend,2,"EBITDA margin fell 3,748 bps year over year (10.9% to -26.5%), 10.0x its usual yearly move; 14.6 sigma below its rolling median of 16.9%.",86.71215572634203,62.39702150798613,64.66278787867817,0.0,0.0,0.045454545454545456,False,False,0.022727272727272728,False,0000046080-24-000034,10-K,2024-02-28 00:00:00,https://www.sec.gov/Archives/edgar/data/46080/000004608024000034/0000046080-24-000034-index.htm
725,86.7073419903506,PLTR,Palantir Technologies,Information Technology,1321655,Q,2020,Q3,2020-09-30,SG&A % of revenue,sga_pct,1.1714472329160994,0.3886932471226665,YoY delta,1,"SG&A % of revenue rose 7,828 bps year over year (38.9% to 117.1%). An input changed XBRL tag versus the comparison period.",86.7073419903506,86.7073419903506,0.0,0.0,0.0,0.08450704225352113,False,False,1.0,True,0001193125-20-292177,10-Q,2020-11-13 00:00:00,https://www.sec.gov/Archives/edgar/data/1321655/000119312520292177/0001193125-20-292177-index.htm
726,86.68333512230755,GEN,Gen Digital,Information Technology,849399,Q,2016,Q4,2016-04-01,Accruals / assets,accruals,0.605830485592541,-0.09477881146762863,YoY delta + Trend,2,"Accruals / assets rose 7,006 bps year over year (-9.5% to 60.6%), 12.7x its usual yearly move; 11.2 sigma above its rolling median of -2.9%.",86.68333512230755,67.97015617842581,58.424196658983355,0.0,0.0,0.06153846153846154,False,False,1.0,False,0000849399-16-000022,10-K,2016-05-20 00:00:00,https://www.sec.gov/Archives/edgar/data/849399/000084939916000022/0000849399-16-000022-index.htm
727,86.64992248799904,TPL,Texas Pacific Land Corporation,Energy,1811074,Q,2024,Q4,2024-12-31,SG&A % of revenue,sga_pct,0.11764737544675537,0.024847441151586793,YoY delta + Trend,2,"SG&A % of revenue rose 928 bps year over year (2.5% to 11.8%), 14.0x its usual yearly move; 19.0 sigma above its rolling median of 2.3%.",88.36819290560807,60.73296740815604,70.3776773373806,0.0,0.0,0.1111111111111111,False,False,1.0,False,0001811074-25-000044,10-K,2025-02-19 00:00:00,https://www.sec.gov/Archives/edgar/data/1811074/000181107425000044/0001811074-25-000044-index.htm
728,86.64344257533813,DD,DuPont,Industrials,1666700,Q,2021,Q1,2021-03-31,Return on equity,roe,0.6568836387992449,-0.06118850728848494,YoY delta + Trend,2,"Return on equity rose 7,181 bps year over year (-6.1% to 65.7%), 9.2x its usual yearly move; 21.7 sigma above its rolling median of 2.0%.",89.40446274845209,60.63472596008482,73.0840505751227,0.0,0.0,0.11764705882352941,False,False,0.9264705882352942,False,0001666700-21-000039,10-Q,2021-05-04 00:00:00,https://www.sec.gov/Archives/edgar/data/1666700/000166670021000039/0001666700-21-000039-index.htm
729,86.643102590686,OMC,Omnicom Group,Communication Services,29989,Q,2025,Q4,2025-12-31,Gross margin,gross_margin,-0.10580957893213717,0.19848688168062562,YoY delta + Trend,2,"Gross margin fell 3,043 bps year over year (19.8% to -10.6%), 9.8x its usual yearly move; 18.1 sigma below its rolling median of 19.1%.",88.36123776953812,61.9852830063412,69.38353577009838,0.0,0.0,0.1111111111111111,False,False,0.1111111111111111,False,0000029989-26-000006,10-K,2026-02-20 00:00:00,https://www.sec.gov/Archives/edgar/data/29989/000002998926000006/0000029989-26-000006-index.htm
730,86.63754046926303,ABNB,Airbnb,Consumer Discretionary,1559720,Q,2021,Q4,2021-12-31,Return on equity,roe,0.047265548481150554,-20.38861251302033,YoY delta,1,"Return on equity rose 204,359 bps year over year (-2038.9% to 4.7%).",98.0802344935053,98.0802344935053,0.0,0.0,0.0,0.16666666666666666,False,False,0.2222222222222222,False,0001559720-22-000006,10-K,2022-02-25 00:00:00,https://www.sec.gov/Archives/edgar/data/1559720/000155972022000006/0001559720-22-000006-index.htm
731,86.63071911766811,AEE,Ameren,Utilities,1002910,Q,2013,Q1,2013-03-31,Debt / EBITDA,debt_to_ebitda,76.975,5.151014274981217,YoY delta + Trend,2,"Debt / EBITDA rose 385% year over year (5.15x to 76.97x), 7.9x its usual yearly move; 17.9 sigma above its rolling median of 4.29x.",86.63071911766811,56.75164208139471,69.08719422944732,0.0,0.0,0.043478260869565216,False,False,1.0,False,0001002910-13-000080,10-Q,2013-05-10 00:00:00,https://www.sec.gov/Archives/edgar/data/1002910/000100291013000080/0001002910-13-000080-index.htm
732,86.62896611598711,PM,Philip Morris International,Consumer Staples,1413329,A,2023,FY,2023-12-31,Days sales outstanding,dso,35.914738158867344,17.41995066258414,YoY delta + Trend,2,"Days sales outstanding rose 106% year over year (17 days to 36 days), 4.8x its usual yearly move; 25.2 sigma above its rolling median of 14 days. An input changed XBRL tag versus the comparison period.",86.62896611598711,44.462307658034774,75.9243977915346,0.0,0.0,0.03125,False,False,0.78125,True,0001413329-24-000013,10-K,2024-02-08 00:00:00,https://www.sec.gov/Archives/edgar/data/1413329/000141332924000013/0001413329-24-000013-index.htm
733,86.62556808855847,NCLH,Norwegian Cruise Line Holdings,Consumer Discretionary,1513761,A,2021,FY,2021-12-31,Days sales outstanding,dso,657.61859824132,5.868367101385412,YoY delta + Trend,2,"Days sales outstanding rose 11,106% year over year (6 days to 658 days), 17.8x its usual yearly move; 695.2 sigma above its rolling median of 4 days.",99.71288413071478,74.76160904678625,98.86238441342216,0.0,0.0,0.175,False,False,1.0,False,0001558370-22-002516,10-K,2022-03-01 00:00:00,https://www.sec.gov/Archives/edgar/data/1513761/000155837022002516/0001558370-22-002516-index.htm
734,86.61595305233287,MO,Altria,Consumer Staples,764180,Q,2019,Q1,2019-03-31,Debt / EBITDA,debt_to_ebitda,3.1485319516407597,1.4130147432638536,YoY delta + Trend,2,"Debt / EBITDA rose 123% year over year (1.41x to 3.15x), 5.5x its usual yearly move; 23.1 sigma above its rolling median of 1.46x.",86.61595305233287,48.037506581275736,74.24287006434473,0.0,0.0,0.08333333333333333,False,False,0.7083333333333334,False,0000764180-19-000037,10-Q,2019-04-25 00:00:00,https://www.sec.gov/Archives/edgar/data/764180/000076418019000037/0000764180-19-000037-index.htm
735,86.61065780888553,STX,Seagate Technology,Information Technology,1137789,Q,2023,Q4,2023-06-30,Debt / EBITDA,debt_to_ebitda,32.26900584795322,2.3753117206982544,YoY delta + Trend,2,"Debt / EBITDA rose 952% year over year (2.38x to 32.27x), 4.5x its usual yearly move; 42.5 sigma above its rolling median of 2.65x.",90.95152610002299,42.87193108869322,84.16107165459229,0.0,0.0,0.12727272727272726,False,False,0.9818181818181818,False,0001137789-23-000049,10-K,2023-08-04 00:00:00,https://www.sec.gov/Archives/edgar/data/1137789/000113778923000049/0001137789-23-000049-index.htm
736,86.60453196553314,VRT,Vertiv,Industrials,1674101,Q,2020,Q1,2020-03-31,Return on assets,roa,-0.40292541049895475,0.015417232117271364,YoY delta + Trend,2,"Return on assets fell 4,183 bps year over year (1.5% to -40.3%); 83.1 sigma below its rolling median of 1.3%.",98.04286637607524,77.70936379536525,91.21992927452725,0.0,0.0,0.16666666666666666,False,False,0.01282051282051282,False,0001628280-20-006768,10-Q,2020-05-07 00:00:00,https://www.sec.gov/Archives/edgar/data/1674101/000162828020006768/0001628280-20-006768-index.htm
737,86.60152629626177,IEX,IDEX Corporation,Industrials,832101,Q,2012,Q4,2012-12-31,Net margin,net_margin,-0.2424812259849482,0.09858472215576586,YoY delta + Trend,2,"Net margin fell 3,411 bps year over year (9.9% to -24.2%), 39.2x its usual yearly move; 46.2 sigma below its rolling median of 10.4%.",96.6519258300374,77.32765351269038,85.23278491780013,0.0,0.0,0.15942028985507245,False,False,0.028985507246376812,False,0001193125-13-069436,10-K,2013-02-21 00:00:00,https://www.sec.gov/Archives/edgar/data/832101/000119312513069436/0001193125-13-069436-index.htm
738,86.57849886378827,APO,Apollo Global Management,Financials,1858681,Q,2022,Q1,2022-03-31,Net margin,net_margin,-0.9942857142857143,0.29586056644880177,YoY delta,1,"Net margin fell 12,901 bps year over year (29.6% to -99.4%).",86.57849886378827,86.57849886378827,0.0,0.0,0.0,0.07246376811594203,False,False,0.028985507246376812,False,0001858681-22-000029,10-Q,2022-05-10 00:00:00,https://www.sec.gov/Archives/edgar/data/1858681/000185868122000029/0001858681-22-000029-index.htm
739,86.57250947251194,IVZ,Invesco,Financials,914208,Q,2023,Q4,2023-12-31,Operating margin,operating_margin,-0.7611433422951748,0.16980739919634197,YoY delta + Trend,2,"Operating margin fell 9,310 bps year over year (17.0% to -76.1%), 14.0x its usual yearly move; 12.5 sigma below its rolling median of 21.6%.",88.28924478783087,70.06270987096092,60.88238059726809,0.0,0.0,0.1111111111111111,False,False,0.037037037037037035,False,0000914208-24-000219,10-K,2024-02-21 00:00:00,https://www.sec.gov/Archives/edgar/data/914208/000091420824000219/0000914208-24-000219-index.htm
740,86.56825125200902,BAX,Baxter International,Health Care,10456,A,2016,FY,2016-12-31,Accruals / assets,accruals,0.18132033624490018,-0.028960163780602236,YoY delta + Trend,2,"Accruals / assets rose 2,103 bps year over year (-2.9% to 18.1%), 6.4x its usual yearly move; 20.9 sigma above its rolling median of -3.6%.",86.56825125200902,51.45739889512422,72.32997729361098,0.0,0.0,0.037037037037037035,False,False,1.0,False,0001564590-17-002240,10-K,2017-02-23 00:00:00,https://www.sec.gov/Archives/edgar/data/10456/000156459017002240/0001564590-17-002240-index.htm
741,86.54057202640205,ZBH,Zimmer Biomet,Health Care,1136869,Q,2015,Q1,2015-03-31,Current ratio,current_ratio,13.114559260482007,4.4048111461848265,YoY delta + Trend,2,"Current ratio rose 198% year over year (4.40x to 13.11x), 7.5x its usual yearly move; 18.3 sigma above its rolling median of 4.42x.",86.54057202640205,55.68872025772976,69.62527814163197,0.0,0.0,0.0784313725490196,False,False,1.0,False,0001193125-15-177116,10-Q,2015-05-07 00:00:00,https://www.sec.gov/Archives/edgar/data/1136869/000119312515177116/0001193125-15-177116-index.htm
742,86.52667009576066,RCL,Royal Caribbean Group,Consumer Discretionary,884887,Q,2020,Q1,2020-03-31,Days payables outstanding,dpo,85.42615131263241,32.09135363555596,YoY delta + Trend,2,"Days payables outstanding rose 166% year over year (32 days to 85 days), 7.5x its usual yearly move; 18.4 sigma above its rolling median of 30 days.",86.52667009576066,55.557055942975175,69.68398428566823,0.0,0.0,0.03225806451612903,False,False,0.8387096774193549,False,0000884887-20-000029,10-Q,2020-05-21 00:00:00,https://www.sec.gov/Archives/edgar/data/884887/000088488720000029/0000884887-20-000029-index.htm
743,86.49840758710387,GD,General Dynamics,Industrials,40533,Q,2012,Q4,2012-12-31,Net margin,net_margin,-0.26367912849715275,0.06592325352574614,YoY delta + Trend,2,"Net margin fell 3,296 bps year over year (6.6% to -26.4%), 39.9x its usual yearly move; 45.8 sigma below its rolling median of 8.0%.",96.53683984650492,76.72266165538399,85.12218148731725,0.0,0.0,0.15942028985507245,False,False,0.014492753623188406,False,0000040533-13-000005,10-K,2013-02-08 00:00:00,https://www.sec.gov/Archives/edgar/data/40533/000004053313000005/0000040533-13-000005-index.htm
744,86.49745937468208,PANW,Palo Alto Networks,Information Technology,1327567,Q,2023,Q4,2023-07-31,Debt / EBITDA,debt_to_ebitda,2.974607916355489,25.0,YoY delta + Trend,2,Debt / EBITDA fell 88% year over year (25.00x to 2.97x); 17.6 sigma below its rolling median of 25.00x.,86.49745937468208,56.75758423488551,68.77477729583508,0.0,0.0,0.08928571428571429,False,False,0.7321428571428571,False,0001327567-23-000024,10-K,2023-09-01 00:00:00,https://www.sec.gov/Archives/edgar/data/1327567/000132756723000024/0001327567-23-000024-index.htm
745,86.49375665560875,HON,Honeywell Technologies,Industrials,773840,Q,2026,Q2,2026-06-30,Return on equity,roe,1.4148846764403773,0.3742773705226772,YoY delta + Trend,2,"Return on equity rose 10,406 bps year over year (37.4% to 141.5%), 5.6x its usual yearly move; 22.5 sigma above its rolling median of 33.8%.",86.49375665560875,48.44225932646827,73.80365553658758,0.0,0.0,0.029411764705882353,False,False,1.0,False,0000773840-26-000124,10-Q,2026-07-23 00:00:00,https://www.sec.gov/Archives/edgar/data/773840/000077384026000124/0000773840-26-000124-index.htm
746,86.49204030045068,DHR,Danaher Corporation,Health Care,313616,Q,2023,Q4,2023-12-31,Days inventory outstanding,dio,221.21728971962617,82.7368804664723,YoY delta + Trend,2,"Days inventory outstanding rose 167% year over year (83 days to 221 days), 6.3x its usual yearly move; 20.9 sigma above its rolling median of 94 days.",86.49204030045068,51.264522074778306,72.28310816962636,0.0,0.0,0.057692307692307696,False,False,0.8653846153846154,False,0000313616-24-000052,10-K,2024-02-21 00:00:00,https://www.sec.gov/Archives/edgar/data/313616/000031361624000052/0000313616-24-000052-index.htm
747,86.46828245440055,DLTR,Dollar Tree,Consumer Staples,935703,Q,2018,Q4,2019-02-02,Accruals / assets,accruals,-0.8018706157443491,0.030564825499797273,YoY delta + Trend,2,"Accruals / assets fell 8,324 bps year over year (3.1% to -80.2%), 9.1x its usual yearly move; 15.4 sigma below its rolling median of -2.3%.",86.46828245440055,60.38441944963501,65.84243533072551,0.0,0.0,0.0967741935483871,False,False,0.03225806451612903,False,0000935703-19-000024,10-K,2019-03-27 00:00:00,https://www.sec.gov/Archives/edgar/data/935703/000093570319000024/0000935703-19-000024-index.htm
748,86.46612357389436,ALGN,Align Technology,Health Care,1097149,Q,2015,Q1,2015-03-31,SG&A % of revenue,sga_pct,0.44567006249810687,0.16152585720137727,YoY delta + Trend,2,"SG&A % of revenue rose 2,841 bps year over year (16.2% to 44.6%), 8.0x its usual yearly move; 17.4 sigma above its rolling median of 16.3%. An input changed XBRL tag versus the comparison period.",86.46612357389436,57.103000435395224,68.45029591003674,0.0,0.0,0.0625,False,False,0.9583333333333334,True,0001097149-16-000051,10-Q,2016-05-05 00:00:00,https://www.sec.gov/Archives/edgar/data/1097149/000109714916000051/0001097149-16-000051-index.htm
749,86.4655429884885,SO,Southern Company,Utilities,92122,Q,2017,Q2,2017-06-30,EBITDA margin,ebitda_margin,-0.13517495395948434,0.4153397622785378,YoY delta + Trend,2,"EBITDA margin fell 5,505 bps year over year (41.5% to -13.5%), 10.2x its usual yearly move; 13.9 sigma below its rolling median of 39.0%.",86.4655429884885,62.912318119566265,63.50686717184164,0.0,0.0,0.03571428571428571,False,False,0.03571428571428571,False,0000092122-17-000065,10-Q,2017-08-02 00:00:00,https://www.sec.gov/Archives/edgar/data/92122/000009212217000065/0000092122-17-000065-index.htm
750,86.42998899144577,ABBV,AbbVie,Health Care,1551152,Q,2018,Q4,2018-12-31,EBITDA margin,ebitda_margin,-0.27922937989163155,0.2448636774777103,YoY delta + Trend,2,"EBITDA margin fell 5,241 bps year over year (24.5% to -27.9%), 4.0x its usual yearly move; 27.3 sigma below its rolling median of 38.4%.",86.42998899144577,40.18632208558782,77.31286307461038,0.0,0.0,0.1,False,False,0.04,False,0001551152-19-000008,10-K,2019-02-27 00:00:00,https://www.sec.gov/Archives/edgar/data/1551152/000155115219000008/0001551152-19-000008-index.htm
751,86.41681221889503,CNP,CenterPoint Energy,Utilities,1130310,Q,2020,Q4,2020-12-31,Days payables outstanding,dpo,1276.0040983606557,102.20718503937007,Trend,1,Days payables outstanding of 1276 days is 59.4 sigma above its rolling median of 94 days.,88.13046005326404,0.0,88.13046005326404,0.0,0.0,0.1111111111111111,False,False,1.0,False,0001130310-21-000009,10-K,2021-02-25 00:00:00,https://www.sec.gov/Archives/edgar/data/1130310/000113031021000009/0001130310-21-000009-index.htm
752,86.41066886267583,MAS,Masco,Industrials,62996,A,2015,FY,2015-12-31,Days sales outstanding,dso,43.59353122374685,44.548761882408165,Trend,1,Days sales outstanding of 44 days is 50.9 sigma above its rolling median of 4 days.,86.41066886267583,0.0,86.41066886267583,0.0,0.0,0.09375,False,False,0.265625,False,0001047469-16-010135,10-K,2016-02-12 00:00:00,https://www.sec.gov/Archives/edgar/data/62996/000104746916010135/0001047469-16-010135-index.htm
753,86.40934243621473,VRTX,Vertex Pharmaceuticals,Health Care,875320,A,2011,FY,2011-12-31,EBITDA margin,ebitda_margin,0.10552832572205531,-4.642658854711585,YoY delta,1,"EBITDA margin rose 47,482 bps year over year (-464.3% to 10.6%).",95.95811571577465,95.95811571577465,0.0,0.0,0.0,0.1568627450980392,False,False,0.29411764705882354,False,0001047469-12-001298,10-K,2012-02-22 00:00:00,https://www.sec.gov/Archives/edgar/data/875320/000104746912001298/0001047469-12-001298-index.htm
754,86.4025353599688,OXY,Occidental Petroleum,Energy,797468,A,2019,FY,2019-12-31,Days inventory outstanding,dio,189.23504120386957,70.02131546894032,YoY delta + Trend,2,"Days inventory outstanding rose 170% year over year (70 days to 189 days), 6.5x its usual yearly move; 20.1 sigma above its rolling median of 61 days. An input changed XBRL tag versus the comparison period.",86.4025353599688,52.172486744358004,71.56978543427162,0.0,0.0,0.1,False,False,1.0,True,0000797468-20-000004,10-K,2020-02-28 00:00:00,https://www.sec.gov/Archives/edgar/data/797468/000079746820000004/0000797468-20-000004-index.htm
755,86.38452742961468,COIN,Coinbase,Financials,1679788,Q,2025,Q3,2025-09-30,Asset turnover,asset_turnover,0.2726655401618953,0.01669480025931877,Trend,1,Asset turnover of 0.27x is 50.8 sigma above its rolling median of 0.02x.,86.38452742961468,0.0,86.38452742961468,0.0,0.0,0.041666666666666664,False,False,0.6527777777777778,False,0001679788-25-000208,10-Q,2025-10-30 00:00:00,https://www.sec.gov/Archives/edgar/data/1679788/000167978825000208/0001679788-25-000208-index.htm
756,86.37661924199908,VRTX,Vertex Pharmaceuticals,Health Care,875320,Q,2012,Q1,2012-03-31,Operating margin,operating_margin,0.2088927991028794,-2.1707121718117888,YoY delta,1,"Operating margin rose 23,796 bps year over year (-217.1% to 20.9%).",92.24687491863979,92.24687491863979,0.0,0.0,0.0,0.13636363636363635,False,False,0.75,False,0001047469-12-005755,10-Q,2012-05-10 00:00:00,https://www.sec.gov/Archives/edgar/data/875320/000104746912005755/0001047469-12-005755-index.htm
757,86.3764625840744,YUM,Yum! Brands,Consumer Discretionary,1041061,A,2018,FY,2018-12-31,Gross margin,gross_margin,0.7127285513361463,0.4974481116025859,YoY delta + Trend,2,"Gross margin rose 2,153 bps year over year (49.7% to 71.3%), 5.3x its usual yearly move; 56.4 sigma above its rolling median of 27.6%.",93.3799595503507,46.67656251380169,87.58512061162081,0.0,0.0,0.14285714285714285,False,False,0.9428571428571428,False,0001041061-19-000010,10-K,2019-02-21 00:00:00,https://www.sec.gov/Archives/edgar/data/1041061/000104106119000010/0001041061-19-000010-index.htm
758,86.37517790298415,TDY,Teledyne Technologies,Information Technology,1094285,Q,2021,Q1,2021-04-04,Current ratio,current_ratio,6.56131207847946,1.7954186413902053,YoY delta + Trend,2,"Current ratio rose 265% year over year (1.80x to 6.56x), 7.2x its usual yearly move; 18.7 sigma above its rolling median of 1.84x.",86.37517790298415,54.45271361807272,70.08642406757728,0.0,0.0,0.07042253521126761,False,False,1.0,False,0001094285-21-000111,10-Q,2021-04-30 00:00:00,https://www.sec.gov/Archives/edgar/data/1094285/000109428521000111/0001094285-21-000111-index.htm
759,86.36451794654052,ROP,Roper Technologies,Information Technology,882835,Q,2022,Q4,2022-12-31,Return on assets,roa,0.30026859745416323,0.048530837654399056,YoY delta + Trend,2,"Return on assets rose 2,517 bps year over year (4.9% to 30.0%), 4.9x its usual yearly move; 38.8 sigma above its rolling median of 4.8%.",90.57812038203386,44.933178286304724,82.890097294969,0.0,0.0,0.12658227848101267,False,False,0.9493670886075949,False,0000882835-23-000016,10-K,2023-02-27 00:00:00,https://www.sec.gov/Archives/edgar/data/882835/000088283523000016/0000882835-23-000016-index.htm
760,86.36219521461193,KHC,Kraft Heinz,Consumer Staples,1637459,Q,2018,Q4,2018-12-29,Accruals / assets,accruals,-0.5105223776944411,0.24943920293986674,YoY delta + Trend,2,"Accruals / assets fell 7,600 bps year over year (24.9% to -51.1%), 8.3x its usual yearly move; 16.6 sigma below its rolling median of 1.2%. Reverses the prior year's flagged move.",86.36219521461193,58.08131665664143,67.46604688491776,0.0,0.0,0.034482758620689655,False,True,0.034482758620689655,False,0001637459-19-000049,10-K,2019-06-07 00:00:00,https://www.sec.gov/Archives/edgar/data/1637459/000163745919000049/0001637459-19-000049-index.htm
761,86.3605657625849,DAL,Delta Air Lines,Industrials,27904,Q,2020,Q2,2020-06-30,Trade working capital % of revenue,nwc_pct,-0.16297683923705722,-0.010270421186981493,YoY delta + Trend,2,"Trade working capital % of revenue fell 1,527 bps year over year (-1.0% to -16.3%), 13.9x its usual yearly move; 19.7 sigma below its rolling median of -1.5%.",88.57493924367682,60.42838928602745,71.12813820265082,0.0,0.0,0.11428571428571428,False,False,0.02857142857142857,False,0000027904-20-000010,10-Q,2020-07-15 00:00:00,https://www.sec.gov/Archives/edgar/data/27904/000002790420000010/0000027904-20-000010-index.htm
762,86.35183795012976,AOS,A. O. Smith,Industrials,91142,Q,2011,Q3,2011-09-30,Net margin,net_margin,0.4424757281553398,0.0572041473006793,YoY delta + Trend,2,"Net margin rose 3,853 bps year over year (5.7% to 44.2%); 12.0 sigma above its rolling median of 7.7%.",86.35183795012976,65.82782992675914,60.06059310655931,0.0,0.0,0.06944444444444445,False,False,1.0,False,0001193125-11-302148,10-Q,2011-11-08 00:00:00,https://www.sec.gov/Archives/edgar/data/91142/000119312511302148/0001193125-11-302148-index.htm
763,86.35049303022679,KEYS,Keysight Technologies,Information Technology,1601046,A,2018,FY,2018-10-31,EBITDA margin,ebitda_margin,-0.06266116554925219,0.14550015678896205,YoY delta + Trend,2,"EBITDA margin fell 2,082 bps year over year (14.6% to -6.3%), 11.6x its usual yearly move; 33.1 sigma below its rolling median of 18.6%. An input changed XBRL tag versus the comparison period.",93.35188435700192,65.84692411952928,80.53435753117752,0.0,0.0,0.14285714285714285,False,False,0.07142857142857142,True,0001601046-18-000030,10-K,2018-12-18 00:00:00,https://www.sec.gov/Archives/edgar/data/1601046/000160104618000030/0001601046-18-000030-index.htm
764,86.34854465634146,ERIE,Erie Indemnity,Financials,922621,Q,2016,Q3,2016-09-30,Return on assets,roa,0.15828729920019752,0.011054609772275039,YoY delta + Trend,2,"Return on assets rose 1,472 bps year over year (1.1% to 15.8%), 3.4x its usual yearly move; 29.4 sigma above its rolling median of 1.1%.",86.34854465634146,36.15868621537686,78.61658143547379,0.0,0.0,0.07142857142857142,False,False,0.9142857142857143,False,0000922621-16-000113,10-Q,2016-10-27 00:00:00,https://www.sec.gov/Archives/edgar/data/922621/000092262116000113/0000922621-16-000113-index.htm
765,86.33284325779339,LOW,Lowe's,Consumer Discretionary,60667,Q,2018,Q4,2019-02-01,Gross margin,gross_margin,0.25800472934108776,0.33729185491157865,YoY delta + Trend,2,"Gross margin fell 793 bps year over year (33.7% to 25.8%), 14.1x its usual yearly move; 17.2 sigma below its rolling median of 34.4%.",86.33284325779339,56.9235133870036,68.2723503776114,0.0,0.0,0.029411764705882353,False,False,0.29411764705882354,False,0000060667-19-000042,10-K,2019-04-02 00:00:00,https://www.sec.gov/Archives/edgar/data/60667/000006066719000042/0000060667-19-000042-index.htm
766,86.33255843633756,PNR,Pentair,Industrials,77360,Q,2011,Q4,2011-12-31,Return on assets,roa,-0.14742126632051772,0.03368716297955864,YoY delta + Trend,2,"Return on assets fell 1,811 bps year over year (3.4% to -14.7%); 15.3 sigma below its rolling median of 3.9%.",86.33255843633756,60.14724653210845,65.70515115179184,0.0,0.0,0.0958904109589041,False,False,0.0410958904109589,False,0001193125-13-077034,10-K,2013-02-26 00:00:00,https://www.sec.gov/Archives/edgar/data/77360/000119312513077034/0001193125-13-077034-index.htm
767,86.32849628711887,CMI,Cummins,Industrials,26172,Q,2023,Q4,2023-12-31,Operating margin,operating_margin,-0.14187053728198526,0.10321750321750321,YoY delta + Trend,2,"Operating margin fell 2,451 bps year over year (10.3% to -14.2%), 7.1x its usual yearly move; 18.9 sigma below its rolling median of 11.2%.",86.32849628711887,54.08256226918552,70.22590024942441,0.0,0.0,0.08333333333333333,False,False,0.013888888888888888,False,0000026172-24-000012,10-K,2024-02-12 00:00:00,https://www.sec.gov/Archives/edgar/data/26172/000002617224000012/0000026172-24-000012-index.htm
768,86.32058474433724,OMC,Omnicom Group,Communication Services,29989,A,2025,FY,2025-12-31,Gross margin,gross_margin,0.08494143666880888,0.18639692525383866,YoY delta + Trend,2,"Gross margin fell 1,015 bps year over year (18.6% to 8.5%), 8.3x its usual yearly move; 20.1 sigma below its rolling median of 18.5%.",88.03232438515978,57.95401086695543,71.53670097527886,0.0,0.0,0.1111111111111111,False,False,0.1111111111111111,False,0000029989-26-000006,10-K,2026-02-20 00:00:00,https://www.sec.gov/Archives/edgar/data/29989/000002998926000006/0000029989-26-000006-index.htm
769,86.31316162674709,VMRK,Vivmark Residential,Real Estate,906107,A,2019,FY,2019-12-31,EBITDA margin,ebitda_margin,0.809909758151847,0.6377068406637517,YoY delta + Trend,2,"EBITDA margin rose 1,722 bps year over year (63.8% to 81.0%), 5.4x its usual yearly move; 22.6 sigma above its rolling median of 64.0%.",86.31316162674709,47.58932253653306,73.88540077011336,0.0,0.0,0.07692307692307693,False,False,0.8846153846153846,False,0001564590-20-005562,10-K,2020-02-20 00:00:00,https://www.sec.gov/Archives/edgar/data/906107/000156459020005562/0001564590-20-005562-index.htm
770,86.31054147177113,MLM,Martin Marietta Materials,Materials,916076,Q,2026,Q1,2026-03-31,Net margin,net_margin,1.1108663729809105,0.08573540280857354,YoY delta + Trend,2,"Net margin rose 10,251 bps year over year (8.6% to 111.1%), 7.0x its usual yearly move; 30.0 sigma above its rolling median of 18.7%. Reverses the prior year's flagged move.",90.25938977440119,53.720918735175985,78.9524554952596,0.0,0.0,0.125,False,True,1.0,False,0001193125-26-196029,10-Q,2026-04-30 00:00:00,https://www.sec.gov/Archives/edgar/data/916076/000119312526196029/0001193125-26-196029-index.htm
771,86.30439030629496,COHR,Coherent Corp.,Information Technology,820318,Q,2014,Q2,2013-12-31,Interest coverage,interest_coverage,8.184773310521814,50.0,YoY delta + Trend,2,"Interest coverage fell 84% year over year (50.00x to 8.18x), 10.8x its usual yearly move; 16.7 sigma below its rolling median of 50.00x.",88.4142764488237,64.19129361612055,67.64551216406964,0.0,0.0,0.11363636363636363,False,False,0.36363636363636365,False,0001564590-14-000200,10-Q,2014-02-07 00:00:00,https://www.sec.gov/Archives/edgar/data/820318/000156459014000200/0001564590-14-000200-index.htm
772,86.3009958412785,CAH,Cardinal Health,Health Care,721371,Q,2022,Q3,2022-03-31,Debt / EBITDA,debt_to_ebitda,25.16591928251121,4.7805397727272725,YoY delta + Trend,2,"Debt / EBITDA rose 423% year over year (4.78x to 25.17x), 3.7x its usual yearly move; 28.2 sigma above its rolling median of 4.75x.",86.3009958412785,37.99327801259635,77.90722728173829,0.0,0.0,0.08695652173913043,False,False,1.0,False,0000721371-22-000032,10-Q,2022-05-05 00:00:00,https://www.sec.gov/Archives/edgar/data/721371/000072137122000032/0000721371-22-000032-index.htm
773,86.29582806562769,SPG,Simon Property Group,Real Estate,1063761,Q,2025,Q4,2025-12-31,Accruals / assets,accruals,0.25184567088153453,-0.03821940476519082,YoY delta + Trend,2,"Accruals / assets rose 2,901 bps year over year (-3.8% to 25.2%), 11.3x its usual yearly move; 12.2 sigma above its rolling median of -3.8%.",86.29582806562769,65.40332388597955,60.38876136768919,0.0,0.0,0.1,False,False,1.0,False,0001104659-26-019419,10-K,2026-02-25 00:00:00,https://www.sec.gov/Archives/edgar/data/1063761/000110465926019419/0001104659-26-019419-index.htm
774,86.28107258671427,AMT,American Tower,Real Estate,1053507,Q,2013,Q3,2013-09-30,Current ratio,current_ratio,5.759658164089497,1.0256873402473778,YoY delta + Trend,2,"Current ratio rose 462% year over year (1.03x to 5.76x), 3.2x its usual yearly move; 30.0 sigma above its rolling median of 1.12x.",86.28107258671427,34.821027761761066,78.95191203208762,0.0,0.0,,False,False,,False,0001193125-13-418850,10-Q,2013-10-30 00:00:00,https://www.sec.gov/Archives/edgar/data/1053507/000119312513418850/0001193125-13-418850-index.htm
775,86.27889162156839,CCI,Crown Castle,Real Estate,1051470,Q,2024,Q2,2024-06-30,Days payables outstanding,dpo,760.4166666666666,223.46938775510205,YoY delta + Trend,2,"Days payables outstanding rose 240% year over year (223 days to 760 days), 4.1x its usual yearly move; 26.7 sigma above its rolling median of 189 days.",86.27889162156839,40.419532525013175,76.97045867558519,0.0,0.0,,False,False,,False,0001051470-24-000186,10-Q,2024-07-30 00:00:00,https://www.sec.gov/Archives/edgar/data/1051470/000105147024000186/0001051470-24-000186-index.htm
776,86.269999311573,BMY,Bristol Myers Squibb,Health Care,14272,Q,2024,Q1,2024-03-31,Net margin,net_margin,-1.0038769490096924,0.1995236835141572,YoY delta + Trend,2,"Net margin fell 12,034 bps year over year (20.0% to -100.4%), 3.5x its usual yearly move; 29.6 sigma below its rolling median of 16.5%.",86.52664614335414,36.602223008250405,78.74790805614646,0.0,0.0,0.1016949152542373,False,False,0.01694915254237288,False,0000014272-24-000096,10-Q,2024-04-25 00:00:00,https://www.sec.gov/Archives/edgar/data/14272/000001427224000096/0000014272-24-000096-index.htm
777,86.24384332096157,VRSN,Verisign,Information Technology,1014473,Q,2010,Q3,2010-09-30,Net margin,net_margin,4.546235425632353,0.20779860074807652,YoY delta + Trend,2,"Net margin rose 43,384 bps year over year (20.8% to 454.6%); 47.2 sigma above its rolling median of 19.4%.",99.36127477099161,95.59319634233094,85.50592949842851,0.0,0.0,0.17543859649122806,False,False,1.0,False,0001193125-10-240755,10-Q,2010-10-29 00:00:00,https://www.sec.gov/Archives/edgar/data/1014473/000119312510240755/0001193125-10-240755-index.htm
778,86.24115075174097,COIN,Coinbase,Financials,1679788,Q,2022,Q2,2022-06-30,Net margin,net_margin,-1.3529879689481334,0.7209947925503217,YoY delta + Trend,2,"Net margin fell 20,740 bps year over year (72.1% to -135.3%); 8.8 sigma below its rolling median of 30.2%. Reverses the prior year's flagged move.",95.82350083526775,91.20485856857557,52.51356447993086,0.0,0.0,0.15714285714285714,False,True,0.02857142857142857,False,0001679788-22-000085,10-Q,2022-08-09 00:00:00,https://www.sec.gov/Archives/edgar/data/1679788/000167978822000085/0001679788-22-000085-index.htm
779,86.2108276362237,CVS,CVS Health,Health Care,64803,A,2019,FY,2019-12-31,Gross margin,gross_margin,0.38187758980590086,0.19597181607470487,YoY delta + Trend,2,"Gross margin rose 1,859 bps year over year (19.6% to 38.2%), 11.9x its usual yearly move; 14.2 sigma above its rolling median of 18.2%.",87.92039079048308,66.44673223925749,63.99871006409064,0.0,0.0,0.1111111111111111,False,False,0.2222222222222222,False,0000064803-20-000007,10-K,2020-02-18 00:00:00,https://www.sec.gov/Archives/edgar/data/64803/000006480320000007/0000064803-20-000007-index.htm
780,86.20058835746245,SNDK,Sandisk,Information Technology,2023554,Q,2026,Q3,2026-04-03,Gross margin,gross_margin,0.7835294117647059,0.22536873156342183,YoY delta + Trend,2,"Gross margin rose 5,582 bps year over year (22.5% to 78.4%); 5.1 sigma above its rolling median of 29.8%.",89.23042750019287,82.30507850080855,39.137494900447955,0.0,0.0,0.11940298507462686,False,False,0.835820895522388,False,0001628280-26-029401,10-Q,2026-05-01 00:00:00,https://www.sec.gov/Archives/edgar/data/2023554/000162828026029401/0001628280-26-029401-index.htm
781,86.19261067061399,PNR,Pentair,Industrials,77360,Q,2012,Q3,2012-09-29,Days payables outstanding,dpo,93.62229650940104,41.52432399221322,YoY delta + Trend,2,"Days payables outstanding rose 125% year over year (42 days to 94 days), 8.6x its usual yearly move; 15.8 sigma above its rolling median of 43 days.",86.19261067061399,58.946110362844,66.36764639984422,0.0,0.0,0.03773584905660377,False,False,0.9433962264150944,False,0001193125-12-445897,10-Q,2012-11-01 00:00:00,https://www.sec.gov/Archives/edgar/data/77360/000119312512445897/0001193125-12-445897-index.htm
782,86.1663933620297,ARE,Alexandria Real Estate Equities,Real Estate,1035443,Q,2016,Q2,2016-06-30,Net margin,net_margin,-0.49371007979617476,0.18695017535610023,YoY delta + Trend,2,"Net margin fell 6,807 bps year over year (18.7% to -49.4%), 3.5x its usual yearly move; 33.7 sigma below its rolling median of 19.1%.",87.87507538337306,36.80372199330085,80.81386277947946,0.0,0.0,0.1111111111111111,False,False,0.037037037037037035,False,0001035443-16-000219,10-Q,2016-08-04 00:00:00,https://www.sec.gov/Archives/edgar/data/1035443/000103544316000219/0001035443-16-000219-index.htm
783,86.15987446144453,BBY,Best Buy,Consumer Discretionary,764478,Q,2012,Q4,2012-03-04,Net margin,net_margin,-0.1021046301864101,0.040046751968503935,YoY delta + Trend,2,"Net margin fell 1,422 bps year over year (4.0% to -10.2%), 18.9x its usual yearly move; 15.9 sigma below its rolling median of 1.7%.",86.15987446144453,58.70351880295032,66.4859447164127,0.0,0.0,0.04878048780487805,False,False,0.04878048780487805,False,0000764478-12-000035,10-K,2012-05-01 00:00:00,https://www.sec.gov/Archives/edgar/data/764478/000076447812000035/0000764478-12-000035-index.htm
784,86.15968833593041,TSLA,"Tesla, Inc.",Consumer Discretionary,1318605,Q,2021,Q2,2021-06-30,Interest coverage,interest_coverage,17.493333333333332,1.923529411764706,YoY delta + Trend,2,Interest coverage rose 809% year over year (1.92x to 17.49x); 21.6 sigma above its rolling median of 2.02x.,88.54355323060042,57.64845086063817,72.94916714450979,0.0,0.0,0.11538461538461539,False,False,0.7307692307692307,False,0000950170-21-000524,10-Q,2021-07-27 00:00:00,https://www.sec.gov/Archives/edgar/data/1318605/000095017021000524/0000950170-21-000524-index.htm
785,86.13575540842872,KDP,Keurig Dr Pepper,Consumer Staples,1418135,Q,2016,Q4,2016-12-31,Gross margin,gross_margin,0.44810543657331137,0.6054333764553687,YoY delta + Trend,2,"Gross margin fell 1,573 bps year over year (60.5% to 44.8%), 10.0x its usual yearly move; 13.7 sigma below its rolling median of 59.3%.",86.13575540842872,62.451839465237114,63.07610174741991,0.0,0.0,0.08823529411764706,False,False,0.7647058823529411,False,0001418135-18-000016,10-Q,2018-08-07 00:00:00,https://www.sec.gov/Archives/edgar/data/1418135/000141813518000016/0001418135-18-000016-index.htm
786,86.13346905994912,PM,Philip Morris International,Consumer Staples,1413329,Q,2023,Q2,2023-06-30,Asset turnover,asset_turnover,0.578852236782648,1.9744355628650552,YoY delta + Trend,2,"Asset turnover fell 71% year over year (1.97x to 0.58x), 14.4x its usual yearly move; 8.9 sigma below its rolling median of 1.92x. An input changed XBRL tag versus the comparison period.",86.13346905994912,70.6354239489357,52.778031203524584,0.0,0.0,0.06666666666666667,False,False,0.3,True,0001413329-23-000176,10-Q,2023-07-27 00:00:00,https://www.sec.gov/Archives/edgar/data/1413329/000141332923000176/0001413329-23-000176-index.htm
787,86.12249821722753,ECHO,EchoStar,Communication Services,1415404,Q,2022,Q4,2022-12-31,Asset turnover,asset_turnover,2.9424886168050977,0.32624263119663593,YoY delta + Trend,2,"Asset turnover rose 802% year over year (0.33x to 2.94x), 10.4x its usual yearly move; 62.3 sigma above its rolling median of 0.29x.",95.8317696121419,63.38184227977201,88.61703961268495,0.0,0.0,0.15789473684210525,False,False,1.0,False,0001558370-24-002209,10-K,2024-02-29 00:00:00,https://www.sec.gov/Archives/edgar/data/1415404/000155837024002209/0001558370-24-002209-index.htm
788,86.11938566279277,COIN,Coinbase,Financials,1679788,Q,2025,Q4,2025-12-31,Quick ratio,quick_ratio,1.3678830314889232,1.1092808248502768,Trend,1,Quick ratio of 1.37x is 49.6 sigma above its rolling median of 0.04x.,86.11938566279277,0.0,86.11938566279277,0.0,0.0,0.09523809523809523,False,False,0.9523809523809523,False,0001679788-26-000015,10-K,2026-02-12 00:00:00,https://www.sec.gov/Archives/edgar/data/1679788/000167978826000015/0001679788-26-000015-index.htm
789,86.11536574692273,COHR,Coherent Corp.,Information Technology,820318,Q,2020,Q1,2019-09-30,Days sales outstanding,dso,137.81066305532462,66.49581150833404,YoY delta + Trend,2,"Days sales outstanding rose 107% year over year (66 days to 138 days), 7.8x its usual yearly move; 17.0 sigma above its rolling median of 64 days.",86.11536574692273,56.5291122663406,68.05992475206244,0.0,0.0,0.04411764705882353,False,False,1.0,False,0001564590-19-042658,10-Q,2019-11-12 00:00:00,https://www.sec.gov/Archives/edgar/data/820318/000156459019042658/0001564590-19-042658-index.htm
790,86.1017358289519,AMD,Advanced Micro Devices,Information Technology,2488,Q,2012,Q1,2012-03-31,Accruals / assets,accruals,-0.5608529470931403,0.5331760542612799,YoY delta + Trend,2,"Accruals / assets fell 10,940 bps year over year (53.3% to -56.1%); 4.4 sigma below its rolling median of 0.8%.",90.04103093223728,84.54439585274625,35.564026013617216,0.0,0.0,0.125,False,False,0.017857142857142856,False,0001193125-13-069422,10-K,2013-02-21 00:00:00,https://www.sec.gov/Archives/edgar/data/2488/000119312513069422/0001193125-13-069422-index.htm
791,86.1002318662762,GEN,Gen Digital,Information Technology,849399,Q,2020,Q3,2020-01-03,Return on assets,roa,0.654474350126524,0.015907005200367086,YoY delta + Trend,2,"Return on assets rose 6,386 bps year over year (1.6% to 65.4%), 3.5x its usual yearly move; 28.9 sigma above its rolling median of 0.2%.",86.31915726513705,36.841524273319116,78.33886493070705,0.0,0.0,0.10144927536231885,False,False,0.9855072463768116,False,0000849399-20-000002,10-Q,2020-02-07 00:00:00,https://www.sec.gov/Archives/edgar/data/849399/000084939920000002/0000849399-20-000002-index.htm
792,86.09417059488017,CVS,CVS Health,Health Care,64803,Q,2018,Q2,2018-06-30,Debt / EBITDA,debt_to_ebitda,7.7544148810925355,2.1897893960501515,YoY delta + Trend,2,"Debt / EBITDA rose 254% year over year (2.19x to 7.75x), 4.4x its usual yearly move; 49.4 sigma above its rolling median of 2.23x. An input changed XBRL tag versus the comparison period.",91.9452307323963,42.186756242432395,86.06760537191039,0.0,0.0,0.13636363636363635,False,False,0.9545454545454546,True,0001558370-18-006683,10-Q,2018-08-08 00:00:00,https://www.sec.gov/Archives/edgar/data/64803/000155837018006683/0001558370-18-006683-index.htm
793,86.08446447719912,MGM,MGM Resorts,Consumer Discretionary,789570,Q,2019,Q4,2019-12-31,Interest coverage,interest_coverage,14.765008978451716,1.5649954786564617,YoY delta + Trend,2,"Interest coverage rose 843% year over year (1.56x to 14.77x), 3.1x its usual yearly move; 30.1 sigma above its rolling median of 1.87x.",86.08446447719912,33.70271769626659,79.01039825577097,0.0,0.0,0.08,False,False,0.72,False,0001564590-20-007393,10-K,2020-02-27 00:00:00,https://www.sec.gov/Archives/edgar/data/789570/000156459020007393/0001564590-20-007393-index.htm
794,86.07834751995941,PCG,PG&E Corporation,Utilities,1004980,A,2020,FY,2020-12-31,Accruals / assets,accruals,0.19476432926163056,-0.1536213476703393,YoY delta + Trend,2,"Accruals / assets rose 3,484 bps year over year (-15.4% to 19.5%), 10.9x its usual yearly move; 12.4 sigma above its rolling median of -5.6%.",86.07834751995941,64.55719691055222,60.72079162331993,0.0,0.0,0.1,False,False,1.0,False,0001004980-21-000007,10-K,2021-02-25 00:00:00,https://www.sec.gov/Archives/edgar/data/1004980/000100498021000007/0001004980-21-000007-index.htm
795,86.0769797056265,LDOS,Leidos,Industrials,1336920,Q,2015,Q2,2014-08-01,Net margin,net_margin,-0.33537519142419603,0.016976556184316895,YoY delta + Trend,2,"Net margin fell 3,524 bps year over year (1.7% to -33.5%), 6.4x its usual yearly move; 19.8 sigma below its rolling median of 3.2%.",86.0769797056265,51.69106766273631,71.17920098674215,0.0,0.0,0.057971014492753624,False,False,0.014492753623188406,False,0001336920-14-000022,10-Q,2014-09-09 00:00:00,https://www.sec.gov/Archives/edgar/data/1336920/000133692014000022/0001336920-14-000022-index.htm
796,86.07386468969483,KKR,KKR & Co.,Financials,1404912,Q,2015,Q4,2015-12-31,Net margin,net_margin,1.4619742567077592,-0.013400142505803663,YoY delta,1,"Net margin rose 14,754 bps year over year (-1.3% to 146.2%).",88.06236981453927,88.06236981453927,0.0,0.0,0.0,0.11290322580645161,False,False,1.0,False,0001404912-16-000009,10-K,2016-02-26 00:00:00,https://www.sec.gov/Archives/edgar/data/1404912/000140491216000009/0001404912-16-000009-index.htm
797,86.07232263181615,IVZ,Invesco,Financials,914208,Q,2025,Q4,2025-12-31,Return on assets,roa,-0.1434681062937466,0.030716454326151364,YoY delta + Trend,2,"Return on assets fell 1,742 bps year over year (3.1% to -14.3%), 6.2x its usual yearly move; 20.2 sigma below its rolling median of 2.0%. Reverses the prior year's flagged move. An input changed XBRL tag versus the comparison period.",86.07232263181615,50.97117246910027,71.59288102615523,0.0,0.0,0.04,False,True,0.013333333333333334,True,0000914208-26-000079,10-K,2026-02-24 00:00:00,https://www.sec.gov/Archives/edgar/data/914208/000091420826000079/0000914208-26-000079-index.htm
798,86.06417957463066,CDNS,Cadence Design Systems,Information Technology,813672,Q,2019,Q4,2019-12-28,Net margin,net_margin,1.100274370157867,0.17272089146266562,YoY delta + Trend,2,"Net margin rose 9,276 bps year over year (17.3% to 110.0%), 3.6x its usual yearly move; 35.7 sigma above its rolling median of 15.6%.",88.53415416547917,37.40277066517823,81.68314164003648,0.0,0.0,0.11594202898550725,False,False,0.9855072463768116,False,0000813672-20-000007,10-K,2020-02-24 00:00:00,https://www.sec.gov/Archives/edgar/data/813672/000081367220000007/0000813672-20-000007-index.htm
799,86.06280321409717,LDOS,Leidos,Industrials,1336920,Q,2015,Q2,2014-08-01,Operating margin,operating_margin,-0.31393568147013784,0.030315278900565887,YoY delta + Trend,2,"Operating margin fell 3,443 bps year over year (3.0% to -31.4%), 6.4x its usual yearly move; 19.8 sigma below its rolling median of 5.8%.",86.06280321409717,51.5910039102096,71.20949015333491,0.0,0.0,0.034482758620689655,False,False,0.017241379310344827,False,0001336920-14-000022,10-Q,2014-09-09 00:00:00,https://www.sec.gov/Archives/edgar/data/1336920/000133692014000022/0001336920-14-000022-index.htm
800,86.05632289134904,PEG,Public Service Enterprise Group,Utilities,788784,Q,2021,Q3,2021-09-30,Return on equity,roe,-0.417804788459612,0.14683819069811982,YoY delta + Trend,2,"Return on equity fell 5,646 bps year over year (14.7% to -41.8%), 6.9x its usual yearly move; 18.7 sigma below its rolling median of 11.6%.",86.05632289134904,53.436633215896784,70.05440527249127,0.0,0.0,0.1,False,False,0.03333333333333333,False,0001628280-21-021195,10-Q,2021-11-02 00:00:00,https://www.sec.gov/Archives/edgar/data/788784/000162828021021195/0001628280-21-021195-index.htm
801,86.04158947828073,C,Citigroup,Financials,831001,Q,2020,Q2,2020-06-30,Gross margin,gross_margin,0.6001720125467975,0.8884209403987632,YoY delta + Trend,2,"Gross margin fell 2,882 bps year over year (88.8% to 60.0%); 39.0 sigma below its rolling median of 88.8%.",94.99283764056472,70.6061689784736,82.96526112649853,0.0,0.0,0.15384615384615385,False,False,0.6923076923076923,False,0000831001-20-000078,10-Q,2020-08-05 00:00:00,https://www.sec.gov/Archives/edgar/data/831001/000083100120000078/0000831001-20-000078-index.htm
802,86.01081464024634,COIN,Coinbase,Financials,1679788,Q,2025,Q2,2025-06-30,Asset turnover,asset_turnover,0.26495127617722586,0.018263155031062024,Trend,1,Asset turnover of 0.26x is 49.2 sigma above its rolling median of 0.02x.,86.01081464024634,0.0,86.01081464024634,0.0,0.0,0.05555555555555555,False,False,0.6111111111111112,False,0001679788-25-000154,10-Q,2025-07-31 00:00:00,https://www.sec.gov/Archives/edgar/data/1679788/000167978825000154/0001679788-25-000154-index.htm
803,86.00026320769845,VRTX,Vertex Pharmaceuticals,Health Care,875320,Q,2011,Q4,2011-12-31,SG&A % of revenue,sga_pct,0.21635424432846947,0.9535132165313472,YoY delta,1,"SG&A % of revenue fell 7,372 bps year over year (95.4% to 21.6%).",86.00026320769845,86.00026320769845,0.0,0.0,0.0,0.08163265306122448,False,False,0.3673469387755102,False,0001047469-12-001298,10-K,2012-02-22 00:00:00,https://www.sec.gov/Archives/edgar/data/875320/000104746912001298/0001047469-12-001298-index.htm
804,85.99612908231555,LYV,Live Nation Entertainment,Communication Services,1335258,A,2020,FY,2020-12-31,Net margin,net_margin,-0.926582519243189,0.006052059890358209,YoY delta + Trend,2,"Net margin fell 9,326 bps year over year (0.6% to -92.7%), 55.1x its usual yearly move; 101.5 sigma below its rolling median of -0.3%.",99.28245802372592,90.17829673035196,92.69432239424812,0.0,0.0,0.17647058823529413,False,False,0.058823529411764705,False,0001335258-21-000009,10-K,2021-03-01 00:00:00,https://www.sec.gov/Archives/edgar/data/1335258/000133525821000009/0001335258-21-000009-index.htm
805,85.99215483620497,GEV,GE Vernova,Industrials,1996810,Q,2025,Q4,2025-12-31,Return on assets,roa,0.2496465498151839,0.03783540815728273,YoY delta + Trend,2,"Return on assets rose 2,118 bps year over year (3.8% to 25.0%); 12.7 sigma above its rolling median of 2.7%.",85.99215483620497,63.834849125192854,61.2670075336172,0.0,0.0,0.06329113924050633,False,False,1.0,False,0001996810-26-000015,10-K,2026-01-29 00:00:00,https://www.sec.gov/Archives/edgar/data/1996810/000199681026000015/0001996810-26-000015-index.htm
806,85.98307780021987,WBD,Warner Bros. Discovery,Communication Services,1437107,Q,2018,Q3,2018-09-30,Debt / EBITDA,debt_to_ebitda,11.836154366960054,6.133444537114262,Trend,1,Debt / EBITDA of 11.84x is 49.1 sigma above its rolling median of 3.43x.,85.98307780021987,0.0,85.98307780021987,0.0,0.0,0.09090909090909091,False,False,1.0,False,0001437107-18-000091,10-Q,2018-11-09 00:00:00,https://www.sec.gov/Archives/edgar/data/1437107/000143710718000091/0001437107-18-000091-index.htm
807,85.98014701740473,BMY,Bristol Myers Squibb,Health Care,14272,Q,2012,Q4,2012-12-31,Debt / EBITDA,debt_to_ebitda,2.915615141955836,0.7739252995066949,YoY delta + Trend,2,Debt / EBITDA rose 277% year over year (0.77x to 2.92x); 24.3 sigma above its rolling median of 0.83x. An input changed XBRL tag versus the comparison period.,86.36769436390945,44.98850886232543,75.21916720640486,0.0,0.0,0.10256410256410256,False,False,0.7692307692307693,True,0001193125-13-061678,10-K,2013-02-15 00:00:00,https://www.sec.gov/Archives/edgar/data/14272/000119312513061678/0001193125-13-061678-index.htm
808,85.97462698891441,FANG,Diamondback Energy,Energy,1539838,Q,2015,Q2,2015-06-30,Debt / EBITDA,debt_to_ebitda,36.790325886452145,1.7077419932378926,YoY delta + Trend,2,"Debt / EBITDA rose 1,364% year over year (1.71x to 36.79x); 13.5 sigma above its rolling median of 1.68x.",85.97462698891441,62.331059406988736,62.76674419219601,0.0,0.0,0.08333333333333333,False,False,1.0,False,0001539838-15-000037,10-Q,2015-08-10 00:00:00,https://www.sec.gov/Archives/edgar/data/1539838/000153983815000037/0001539838-15-000037-index.htm
809,85.96523737222562,PHM,PulteGroup,Consumer Discretionary,822416,Q,2013,Q3,2013-09-30,Accruals / assets,accruals,1.089132419379832,-0.05282414008538036,YoY delta + Trend,2,"Accruals / assets rose 11,420 bps year over year (-5.3% to 108.9%), 8.1x its usual yearly move; 16.3 sigma above its rolling median of -6.3%.",85.96523737222562,57.29682912541089,67.1341440452004,0.0,0.0,0.075,False,False,1.0,False,0000822416-13-000046,10-Q,2013-10-24 00:00:00,https://www.sec.gov/Archives/edgar/data/822416/000082241613000046/0000822416-13-000046-index.htm
810,85.96381069177643,BDX,Becton Dickinson,Health Care,10795,Q,2015,Q1,2014-12-31,Quick ratio,quick_ratio,4.599231138875541,1.3980971457185778,YoY delta + Trend,2,"Quick ratio rose 229% year over year (1.40x to 4.60x), 5.8x its usual yearly move; 20.9 sigma above its rolling median of 1.48x.",85.96381069177643,49.3640027294708,72.28021552881944,0.0,0.0,0.08,False,False,0.98,False,0001193125-15-037325,10-Q,2015-02-06 00:00:00,https://www.sec.gov/Archives/edgar/data/10795/000119312515037325/0001193125-15-037325-index.htm
811,85.93289777250861,JBL,Jabil,Information Technology,898293,Q,2024,Q2,2024-02-29,Return on assets,roa,0.20297232941949256,0.04132458263668804,YoY delta + Trend,2,"Return on assets rose 1,616 bps year over year (4.1% to 20.3%), 5.4x its usual yearly move; 26.0 sigma above its rolling median of 4.5%.",87.63694956969717,47.4966062081894,76.45285468721222,0.0,0.0,0.1111111111111111,False,False,0.8472222222222222,False,0001628280-24-014951,10-Q,2024-04-05 00:00:00,https://www.sec.gov/Archives/edgar/data/898293/000162828024014951/0001628280-24-014951-index.htm
812,85.92271989104952,MKC,McCormick & Company,Consumer Staples,63754,Q,2017,Q4,2017-11-30,Debt / EBITDA,debt_to_ebitda,5.763049782503625,1.9265039349072963,YoY delta + Trend,2,"Debt / EBITDA rose 199% year over year (1.93x to 5.76x), 4.0x its usual yearly move; 26.2 sigma above its rolling median of 1.92x. An input changed XBRL tag versus the comparison period.",85.92271989104952,39.78251578681494,76.62260339685837,0.0,0.0,0.08333333333333333,False,False,1.0,True,0000063754-18-000008,10-K,2018-01-25 00:00:00,https://www.sec.gov/Archives/edgar/data/63754/000006375418000008/0000063754-18-000008-index.htm
813,85.91950541898797,TPR,"Tapestry, Inc.",Consumer Discretionary,1116132,A,2015,FY,2015-06-27,SG&A % of revenue,sga_pct,0.546473900181315,0.45293105234751757,YoY delta + Trend,2,"SG&A % of revenue rose 935 bps year over year (45.3% to 54.6%), 6.8x its usual yearly move; 18.6 sigma above its rolling median of 41.3%.",85.91950541898797,53.21187032669049,69.90584005104115,0.0,0.0,0.07317073170731707,False,False,1.0,False,0001116132-15-000010,10-K,2015-08-14 00:00:00,https://www.sec.gov/Archives/edgar/data/1116132/000111613215000010/0001116132-15-000010-index.htm
814,85.91523371831606,ITW,Illinois Tool Works,Industrials,49826,Q,2014,Q2,2014-06-30,Net margin,net_margin,0.4011831137402528,0.11021569092201944,YoY delta + Trend,2,"Net margin rose 2,910 bps year over year (11.0% to 40.1%), 4.7x its usual yearly move; 23.8 sigma above its rolling median of 11.3%.",85.91523371831606,44.05337857376262,74.82463476323777,0.0,0.0,0.08571428571428572,False,False,0.9857142857142858,False,0000049826-14-000130,10-Q,2014-08-08 00:00:00,https://www.sec.gov/Archives/edgar/data/49826/000004982614000130/0000049826-14-000130-index.htm
815,85.90771469256725,FANG,Diamondback Energy,Energy,1539838,Q,2016,Q1,2016-03-31,Cash conversion (CFO / EBITDA),cash_conversion,5.029724872113922,1.6222633111889255,Trend,1,Cash conversion (CFO / EBITDA) of 5.03x is 48.8 sigma above its rolling median of 0.90x. An input changed XBRL tag versus the comparison period.,85.90771469256725,0.0,85.90771469256725,0.0,0.0,0.07692307692307693,False,False,1.0,True,0001539838-16-000171,10-Q,2016-05-05 00:00:00,https://www.sec.gov/Archives/edgar/data/1539838/000153983816000171/0001539838-16-000171-index.htm
816,85.90749462166148,PPG,PPG Industries,Materials,79879,Q,2013,Q1,2013-03-31,Accruals / assets,accruals,0.6396621232482242,0.004107338444687842,YoY delta + Trend,2,"Accruals / assets rose 6,356 bps year over year (0.4% to 64.0%), 11.8x its usual yearly move; 12.2 sigma above its rolling median of -3.2%.",86.70610346940602,66.37416890170314,60.46522540444415,0.0,0.0,0.10526315789473684,False,False,1.0,False,0000079879-13-000033,10-Q,2013-04-29 00:00:00,https://www.sec.gov/Archives/edgar/data/79879/000007987913000033/0000079879-13-000033-index.htm
817,85.90522249857302,ITW,Illinois Tool Works,Industrials,49826,Q,2014,Q2,2014-06-30,Return on equity,roe,0.7012925969447709,0.18137493905411994,YoY delta + Trend,2,"Return on equity rose 5,199 bps year over year (18.1% to 70.1%), 4.8x its usual yearly move; 23.7 sigma above its rolling median of 19.2%.",85.90522249857302,44.196782290589525,74.74199861587897,0.0,0.0,0.08823529411764706,False,False,0.9411764705882353,False,0000049826-14-000130,10-Q,2014-08-08 00:00:00,https://www.sec.gov/Archives/edgar/data/49826/000004982614000130/0000049826-14-000130-index.htm
818,85.8932115221759,HAS,Hasbro,Consumer Discretionary,46080,Q,2023,Q4,2023-12-31,Operating margin,operating_margin,-0.9299402591356971,-0.07488829311885613,YoY delta + Trend,2,"Operating margin fell 8,551 bps year over year (-7.5% to -93.0%), 10.3x its usual yearly move; 12.9 sigma below its rolling median of 9.4%.",85.8932115221759,63.20755421735798,61.65846499805291,0.0,0.0,0.07692307692307693,False,False,0.02564102564102564,False,0000046080-24-000034,10-K,2024-02-28 00:00:00,https://www.sec.gov/Archives/edgar/data/46080/000004608024000034/0000046080-24-000034-index.htm
819,85.86963854010465,HPE,Hewlett Packard Enterprise,Information Technology,1645590,Q,2017,Q2,2017-04-30,Gross margin,gross_margin,0.35540631296171926,0.55204153882464,YoY delta + Trend,2,"Gross margin fell 1,966 bps year over year (55.2% to 35.5%); 15.4 sigma below its rolling median of 54.4%. An input changed XBRL tag versus the comparison period.",87.04134900751347,62.10150033908389,65.8069551342939,0.0,0.0,0.1076923076923077,False,False,0.23076923076923078,True,0001628280-17-006325,10-Q,2017-06-08 00:00:00,https://www.sec.gov/Archives/edgar/data/1645590/000162828017006325/0001628280-17-006325-index.htm
820,85.83890711638911,CVS,CVS Health,Health Care,64803,Q,2019,Q2,2019-06-30,Gross margin,gross_margin,0.3856316312213271,0.1541705917615826,YoY delta + Trend,2,"Gross margin rose 2,315 bps year over year (15.4% to 38.6%), 5.0x its usual yearly move; 22.7 sigma above its rolling median of 15.8%.",85.83890711638911,45.68028242846891,73.93010583134418,0.0,0.0,0.09803921568627451,False,False,0.21568627450980393,False,0000064803-19-000039,10-Q,2019-08-07 00:00:00,https://www.sec.gov/Archives/edgar/data/64803/000006480319000039/0000064803-19-000039-index.htm
821,85.8114901554662,TEL,TE Connectivity,Information Technology,1385157,Q,2018,Q4,2018-09-28,Return on assets,roa,0.3372674433361253,0.09155393824328244,YoY delta + Trend,2,"Return on assets rose 2,457 bps year over year (9.2% to 33.7%), 5.2x its usual yearly move; 22.2 sigma above its rolling median of 9.4%.",85.8114901554662,46.35392246875409,73.55163602358485,0.0,0.0,0.057971014492753624,False,False,0.9565217391304348,False,0001047469-18-007210,10-K,2018-11-13 00:00:00,https://www.sec.gov/Archives/edgar/data/1385157/000104746918007210/0001047469-18-007210-index.htm
822,85.8022214828629,VRT,Vertiv,Industrials,1674101,Q,2020,Q2,2020-06-30,Days payables outstanding,dpo,84.89723949643562,0.060859073868822534,YoY delta,1,"Days payables outstanding rose 139,398% year over year (0 days to 85 days).",89.02556075144989,89.02556075144989,0.0,0.0,0.0,0.1206896551724138,False,False,0.8793103448275862,False,0001628280-20-011825,10-Q,2020-08-05 00:00:00,https://www.sec.gov/Archives/edgar/data/1674101/000162828020011825/0001628280-20-011825-index.htm
823,85.79898121008918,V,Visa Inc.,Financials,1403161,Q,2012,Q3,2012-06-30,Operating margin,operating_margin,-1.016374269005848,0.5792420327304049,YoY delta + Trend,2,"Operating margin fell 15,956 bps year over year (57.9% to -101.6%), 8.0x its usual yearly move; 25.3 sigma below its rolling median of 57.6%.",89.7244247948645,57.25344149790534,75.961631613848,0.0,0.0,0.125,False,False,0.041666666666666664,False,0001384108-12-000008,10-Q,2012-07-27 00:00:00,https://www.sec.gov/Archives/edgar/data/1403161/000138410812000008/0001384108-12-000008-index.htm
824,85.79633296028706,GD,General Dynamics,Industrials,40533,Q,2014,Q4,2014-12-31,Gross margin,gross_margin,0.4776369289643626,0.18046132971506107,Trend,1,Gross margin of 47.8% is 48.3 sigma above its rolling median of 18.6%. An input changed XBRL tag versus the comparison period.,85.79633296028706,0.0,85.79633296028706,0.0,0.0,0.06,False,False,0.76,True,0000040533-15-000009,10-K,2015-02-09 00:00:00,https://www.sec.gov/Archives/edgar/data/40533/000004053315000009/0000040533-15-000009-index.htm
825,85.79593192890958,IFF,International Flavors & Fragrances,Materials,51253,Q,2023,Q4,2023-12-31,Return on equity,roe,-0.6607363322675615,-0.005553787856874259,YoY delta + Trend,2,"Return on equity fell 6,552 bps year over year (-0.6% to -66.1%), 5.1x its usual yearly move; 34.2 sigma below its rolling median of 0.6%.",89.72123600408845,45.842258087475,81.02069319560314,0.0,0.0,0.125,False,False,0.041666666666666664,False,0000051253-24-000006,10-K,2024-02-28 00:00:00,https://www.sec.gov/Archives/edgar/data/51253/000005125324000006/0000051253-24-000006-index.htm
826,85.79520298361116,HOOD,Robinhood Markets,Financials,1783879,Q,2021,Q4,2021-12-31,Net margin,net_margin,-1.166947421239382,0.041027643587304985,YoY delta,1,"Net margin fell 12,080 bps year over year (4.1% to -116.7%).",85.79520298361116,85.79520298361116,0.0,0.0,0.0,0.043478260869565216,False,False,0.014492753623188406,False,0001783879-22-000044,10-K,2022-02-24 00:00:00,https://www.sec.gov/Archives/edgar/data/1783879/000178387922000044/0001783879-22-000044-index.htm
827,85.79073537189528,COIN,Coinbase,Financials,1679788,Q,2022,Q3,2022-09-30,Net margin,net_margin,-0.9225800768710859,0.30954914521445104,YoY delta + Trend,2,"Net margin fell 12,321 bps year over year (31.0% to -92.3%); 7.4 sigma below its rolling median of 28.0%.",92.74674094258948,86.03477975899756,48.06197874262899,0.0,0.0,0.14285714285714285,False,False,0.014285714285714285,False,0001679788-22-000116,10-Q,2022-11-03 00:00:00,https://www.sec.gov/Archives/edgar/data/1679788/000167978822000116/0001679788-22-000116-index.htm
828,85.77913691102484,CPRT,Copart,Industrials,900075,Q,2013,Q3,2013-04-30,Gross margin,gross_margin,0.4163587117037293,0.8514655578542021,Trend,1,Gross margin of 41.6% is 48.3 sigma below its rolling median of 85.3%.,85.77913691102484,0.0,85.77913691102484,0.0,0.0,0.07142857142857142,False,False,0.7321428571428571,False,0001145443-14-001196,10-K,2014-09-29 00:00:00,https://www.sec.gov/Archives/edgar/data/900075/000114544314001196/0001145443-14-001196-index.htm
829,85.76438097666063,EFX,Equifax,Industrials,33185,A,2019,FY,2019-12-31,Operating margin,operating_margin,-0.09562093739308929,0.13129744145833944,YoY delta + Trend,2,"Operating margin fell 2,269 bps year over year (13.1% to -9.6%), 5.7x its usual yearly move; 21.7 sigma below its rolling median of 25.3%.",86.20809913396782,48.731893525297686,73.09847814871485,0.0,0.0,0.10294117647058823,False,False,0.04411764705882353,False,0000033185-20-000011,10-K,2020-02-20 00:00:00,https://www.sec.gov/Archives/edgar/data/33185/000003318520000011/0000033185-20-000011-index.htm
830,85.76435882901461,BSX,Boston Scientific,Health Care,885725,Q,2012,Q2,2012-06-30,Return on equity,roe,-1.4967580004183225,0.05098432930289406,YoY delta + Trend,2,"Return on equity fell 15,477 bps year over year (5.1% to -149.7%), 6.6x its usual yearly move; 59.6 sigma below its rolling median of 3.9%.",94.38183029030316,52.52299939967397,88.16654456124537,0.0,0.0,0.15217391304347827,False,False,0.021739130434782608,False,0000885725-12-000029,10-Q,2012-08-07 00:00:00,https://www.sec.gov/Archives/edgar/data/885725/000088572512000029/0000885725-12-000029-index.htm
831,85.74833752803912,PCG,PG&E Corporation,Utilities,1004980,A,2019,FY,2019-12-31,Quick ratio,quick_ratio,0.37439391953872364,0.06753807410960547,YoY delta + Trend,2,"Quick ratio rose 454% year over year (0.07x to 0.37x), 3.7x its usual yearly move; 26.6 sigma above its rolling median of 0.19x. Reverses the prior year's flagged move.",85.74833752803912,38.3374011962558,76.88767137869071,0.0,0.0,0.07142857142857142,False,True,0.7857142857142857,False,0001004980-20-000009,10-K,2020-02-18 00:00:00,https://www.sec.gov/Archives/edgar/data/1004980/000100498020000009/0001004980-20-000009-index.htm
832,85.74470807265692,DHR,Danaher Corporation,Health Care,313616,Q,2019,Q3,2019-09-27,Quick ratio,quick_ratio,2.986046511627907,0.9180346225337603,YoY delta + Trend,2,"Quick ratio rose 225% year over year (0.92x to 2.99x), 3.7x its usual yearly move; 32.4 sigma above its rolling median of 0.90x.",87.77343366201481,38.300515541184325,80.18368152468696,0.0,0.0,0.11320754716981132,False,False,0.8490566037735849,False,0000313616-19-000148,10-Q,2019-10-24 00:00:00,https://www.sec.gov/Archives/edgar/data/313616/000031361619000148/0000313616-19-000148-index.htm
833,85.74284535797838,CCI,Crown Castle,Real Estate,1051470,Q,2015,Q2,2015-06-30,Return on assets,roa,0.21907678082155027,0.00659700824832133,YoY delta + Trend,2,"Return on assets rose 2,125 bps year over year (0.7% to 21.9%), 7.7x its usual yearly move; 16.6 sigma above its rolling median of 1.3%.",85.74284535797838,56.14813092366646,67.48792025898828,0.0,0.0,0.07692307692307693,False,False,1.0,False,0001051470-15-000114,10-Q,2015-08-07 00:00:00,https://www.sec.gov/Archives/edgar/data/1051470/000105147015000114/0001051470-15-000114-index.htm
834,85.73381750390271,DD,DuPont,Industrials,1666700,Q,2021,Q1,2021-03-31,Return on assets,roa,0.36351383226067324,-0.035870522553736635,YoY delta + Trend,2,"Return on assets rose 3,994 bps year over year (-3.6% to 36.4%), 9.1x its usual yearly move; 20.6 sigma above its rolling median of 1.0%.",88.84333420093546,60.17090215193491,71.98865552610921,0.0,0.0,0.12,False,False,1.0,False,0001666700-21-000039,10-Q,2021-05-04 00:00:00,https://www.sec.gov/Archives/edgar/data/1666700/000166670021000039/0001666700-21-000039-index.htm
835,85.7232730655261,MKC,McCormick & Company,Consumer Staples,63754,Q,2026,Q1,2026-02-28,Net margin,net_margin,0.5422914776668979,0.10109000311429461,YoY delta + Trend,2,"Net margin rose 4,412 bps year over year (10.1% to 54.2%), 9.6x its usual yearly move; 23.8 sigma above its rolling median of 10.9%.",90.31168955076666,61.5184241398905,74.82350908795196,0.0,0.0,0.12903225806451613,False,False,1.0,False,0000063754-26-000192,10-Q,2026-03-31 00:00:00,https://www.sec.gov/Archives/edgar/data/63754/000006375426000192/0000063754-26-000192-index.htm
836,85.71812175919852,CVS,CVS Health,Health Care,64803,Q,2019,Q1,2019-03-31,Debt / EBITDA,debt_to_ebitda,9.615673141326189,5.411122063413833,Trend,1,Debt / EBITDA of 9.62x is 48.0 sigma above its rolling median of 2.26x.,85.71812175919852,0.0,85.71812175919852,0.0,0.0,0.1,False,False,0.96,False,0000064803-19-000021,10-Q,2019-05-01 00:00:00,https://www.sec.gov/Archives/edgar/data/64803/000006480319000021/0000064803-19-000021-index.htm
837,85.71459249816517,KR,Kroger,Consumer Staples,56873,Q,2024,Q3,2024-11-09,Current ratio,current_ratio,1.5377288927123018,0.8006553470360441,YoY delta + Trend,2,"Current ratio rose 92% year over year (0.80x to 1.54x), 7.1x its usual yearly move; 17.6 sigma above its rolling median of 0.78x.",85.71459249816517,54.36366809775134,68.69729247207326,0.0,0.0,0.06060606060606061,False,False,0.8181818181818182,False,0001558370-24-016233,10-Q,2024-12-13 00:00:00,https://www.sec.gov/Archives/edgar/data/56873/000155837024016233/0001558370-24-016233-index.htm
838,85.70766579034425,VRTX,Vertex Pharmaceuticals,Health Care,875320,Q,2012,Q1,2012-03-31,Return on assets,roa,0.1610330094373273,-0.43161670291638954,YoY delta + Trend,2,"Return on assets rose 5,926 bps year over year (-43.2% to 16.1%); 5.6 sigma above its rolling median of -39.9%. Reverses the prior year's flagged move.",90.0673066997469,83.16143290037012,41.01224147230783,0.0,0.0,0.1276595744680851,False,True,0.9574468085106383,False,0001047469-12-005755,10-Q,2012-05-10 00:00:00,https://www.sec.gov/Archives/edgar/data/875320/000104746912005755/0001047469-12-005755-index.htm
839,85.70581068837805,GILD,Gilead Sciences,Health Care,882095,Q,2026,Q2,2026-06-30,Net margin,net_margin,-1.345123670383186,0.2767579779723242,YoY delta + Trend,2,"Net margin fell 16,219 bps year over year (27.7% to -134.5%), 5.4x its usual yearly move; 21.4 sigma below its rolling median of 23.4%.",85.70581068837805,47.44461721545182,72.80166454077356,0.0,0.0,0.0784313725490196,False,False,0.0196078431372549,False,0000882095-26-000031,10-Q,2026-08-06 00:00:00,https://www.sec.gov/Archives/edgar/data/882095/000088209526000031/0000882095-26-000031-index.htm
840,85.69501611828152,ANET,Arista Networks,Information Technology,1596532,Q,2018,Q2,2018-06-30,Operating margin,operating_margin,-0.46129711740999724,0.28783522658565536,YoY delta + Trend,2,"Operating margin fell 7,491 bps year over year (28.8% to -46.1%), 15.3x its usual yearly move; 13.1 sigma below its rolling median of 21.8%.",89.30141960221721,71.82772646184901,62.024433763591226,0.0,0.0,0.12307692307692308,False,False,0.03076923076923077,False,0001596532-18-000174,10-Q,2018-08-08 00:00:00,https://www.sec.gov/Archives/edgar/data/1596532/000159653218000174/0001596532-18-000174-index.htm
841,85.6920230052624,DLTR,Dollar Tree,Consumer Staples,935703,Q,2013,Q3,2013-11-02,Debt / EBITDA,debt_to_ebitda,0.8694688379230966,0.25635305528612995,YoY delta + Trend,2,"Debt / EBITDA rose 239% year over year (0.26x to 0.87x), 24.4x its usual yearly move; 14.3 sigma above its rolling median of 0.28x.",85.6920230052624,60.09706553744735,64.14304564952465,0.0,0.0,0.09090909090909091,False,False,0.13636363636363635,False,0000935703-13-000055,10-Q,2013-11-21 00:00:00,https://www.sec.gov/Archives/edgar/data/935703/000093570313000055/0000935703-13-000055-index.htm
842,85.68883905666783,PPL,PPL Corporation,Utilities,922224,Q,2021,Q2,2021-06-30,Quick ratio,quick_ratio,1.9650047938638542,0.37596749226006193,YoY delta + Trend,2,"Quick ratio rose 423% year over year (0.38x to 1.97x), 3.5x its usual yearly move; 32.0 sigma above its rolling median of 0.31x.",87.38805116260741,36.94849855379163,79.99738539429973,0.0,0.0,0.1111111111111111,False,False,1.0,False,0000922224-21-000039,10-Q,2021-08-05 00:00:00,https://www.sec.gov/Archives/edgar/data/922224/000092222421000039/0000922224-21-000039-index.htm
843,85.6859518400784,KDP,Keurig Dr Pepper,Consumer Staples,1418135,A,2018,FY,2018-12-31,Days payables outstanding,dpo,235.81460674157304,49.43413729128015,YoY delta + Trend,2,"Days payables outstanding rose 377% year over year (49 days to 236 days), 12.3x its usual yearly move; 57.2 sigma above its rolling median of 42 days. An input changed XBRL tag versus the comparison period.",95.9806506609731,67.23123531870264,87.73420549075222,0.0,0.0,0.16129032258064516,False,False,1.0,True,0001418135-19-000007,10-K,2019-02-28 00:00:00,https://www.sec.gov/Archives/edgar/data/1418135/000141813519000007/0001418135-19-000007-index.htm
844,85.67668588148204,HAL,Halliburton,Energy,45012,Q,2015,Q4,2015-12-31,Quick ratio,quick_ratio,2.872550849039,1.6751657317695055,YoY delta + Trend,2,"Quick ratio rose 71% year over year (1.68x to 2.87x), 4.8x its usual yearly move; 23.0 sigma above its rolling median of 1.70x.",85.67668588148204,44.5461084525319,74.17076832875235,0.0,0.0,0.0625,False,False,1.0,False,0000045012-16-000272,10-K,2016-02-05 00:00:00,https://www.sec.gov/Archives/edgar/data/45012/000004501216000272/0000045012-16-000272-index.htm
845,85.64750492921476,SOLV,Solventum,Health Care,1964738,Q,2025,Q3,2025-09-30,Net margin,net_margin,0.6040076335877863,0.05859750240153699,YoY delta + Trend,2,"Net margin rose 5,454 bps year over year (5.9% to 60.4%); 7.0 sigma above its rolling median of 9.2%. Reverses the prior year's flagged move.",85.64750492921476,73.16913312115587,46.50752383217985,0.0,0.0,0.1,False,True,1.0,False,0001964738-25-000091,10-Q,2025-11-06 00:00:00,https://www.sec.gov/Archives/edgar/data/1964738/000196473825000091/0001964738-25-000091-index.htm
846,85.64518219642845,JBL,Jabil,Information Technology,898293,Q,2024,Q2,2024-02-29,Operating margin,operating_margin,0.1671346239101522,0.044135726579788544,YoY delta + Trend,2,"Operating margin rose 1,230 bps year over year (4.4% to 16.7%), 9.8x its usual yearly move; 17.0 sigma above its rolling median of 4.0%.",85.64518219642845,55.15672893581437,67.98891458425271,0.0,0.0,0.056338028169014086,False,False,0.4647887323943662,False,0001628280-24-014951,10-Q,2024-04-05 00:00:00,https://www.sec.gov/Archives/edgar/data/898293/000162828024014951/0001628280-24-014951-index.htm
847,85.6318126684874,CCI,Crown Castle,Real Estate,1051470,Q,2024,Q4,2024-12-31,Net margin,net_margin,-2.8914493632504548,0.2168458781362007,YoY delta + Trend,2,"Net margin fell 31,083 bps year over year (21.7% to -289.1%), 12.2x its usual yearly move; 127.7 sigma below its rolling median of 22.6%.",98.05814678721163,67.05982404114401,94.10490941149239,0.0,0.0,0.1724137931034483,False,False,0.034482758620689655,False,0001051470-26-000016,10-K,2026-02-23 00:00:00,https://www.sec.gov/Archives/edgar/data/1051470/000105147026000016/0001051470-26-000016-index.htm
848,85.63076352051343,QCOM,Qualcomm,Information Technology,804328,Q,2019,Q3,2019-06-30,Gross margin,gross_margin,0.7805915931499741,0.5550991248437221,YoY delta + Trend,2,"Gross margin rose 2,255 bps year over year (55.5% to 78.1%), 11.3x its usual yearly move; 11.3 sigma above its rolling median of 56.0%.",85.63076352051343,65.34777497354573,58.53300482576004,0.0,0.0,0.07692307692307693,False,False,0.9230769230769231,False,0001728949-19-000055,10-Q,2019-07-31 00:00:00,https://www.sec.gov/Archives/edgar/data/804328/000172894919000055/0001728949-19-000055-index.htm
849,85.62809946480674,MRNA,Moderna,Health Care,1682852,Q,2021,Q1,2021-03-31,Asset turnover,asset_turnover,0.7736105737428703,0.018351840037758107,YoY delta + Trend,2,"Asset turnover rose 4,115% year over year (0.02x to 0.77x); 34.6 sigma above its rolling median of 0.04x.",96.93747109223403,83.68715273771528,81.226276084577,0.0,0.0,0.16666666666666666,False,False,0.6851851851851852,False,0001682852-21-000017,10-Q,2021-05-06 00:00:00,https://www.sec.gov/Archives/edgar/data/1682852/000168285221000017/0001682852-21-000017-index.htm
850,85.62133645156909,CPRT,Copart,Industrials,900075,Q,2017,Q1,2016-10-31,Return on equity,roe,0.8459898233917855,0.21166183495380383,YoY delta + Trend,2,"Return on equity rose 6,343 bps year over year (21.2% to 84.6%), 6.2x its usual yearly move; 42.3 sigma above its rolling median of 21.1%.",92.21258836649838,50.99822091791161,84.10790020408025,0.0,0.0,0.14084507042253522,False,False,0.9859154929577465,False,0000900075-16-000108,10-Q,2016-11-30 00:00:00,https://www.sec.gov/Archives/edgar/data/900075/000090007516000108/0000900075-16-000108-index.htm
851,85.62125714013933,GD,General Dynamics,Industrials,40533,A,2014,FY,2014-12-31,Days inventory outstanding,dio,76.66547114444082,42.559911998114245,YoY delta + Trend,2,"Days inventory outstanding rose 80% year over year (43 days to 77 days), 6.5x its usual yearly move; 18.7 sigma above its rolling median of 31 days. An input changed XBRL tag versus the comparison period.",85.62125714013933,52.00867913765885,70.03886827556839,0.0,0.0,0.09090909090909091,False,False,0.7272727272727273,True,0000040533-15-000009,10-K,2015-02-09 00:00:00,https://www.sec.gov/Archives/edgar/data/40533/000004053315000009/0000040533-15-000009-index.htm
852,85.61124855142478,INTC,Intel,Information Technology,50863,Q,2023,Q2,2023-07-01,Debt / EBITDA,debt_to_ebitda,8.849873691808012,1.4475404477855858,YoY delta + Trend,2,"Debt / EBITDA rose 511% year over year (1.45x to 8.85x), 3.6x its usual yearly move; 26.8 sigma above its rolling median of 1.26x.",85.61124855142478,37.39255921057433,77.01750579939778,0.0,0.0,0.08928571428571429,False,False,0.9642857142857143,False,0000050863-23-000069,10-Q,2023-07-28 00:00:00,https://www.sec.gov/Archives/edgar/data/50863/000005086323000069/0000050863-23-000069-index.htm
853,85.6047046861214,BMY,Bristol Myers Squibb,Health Care,14272,Q,2019,Q3,2019-09-30,Current ratio,current_ratio,3.8317284774525695,1.533835362079637,YoY delta + Trend,2,"Current ratio rose 150% year over year (1.53x to 3.83x), 3.3x its usual yearly move; 39.7 sigma above its rolling median of 1.57x.",89.16342013903918,35.39130696370322,83.22736561955695,0.0,0.0,0.12280701754385964,False,False,0.8245614035087719,False,0000014272-19-000194,10-Q,2019-10-31 00:00:00,https://www.sec.gov/Archives/edgar/data/14272/000001427219000194/0000014272-19-000194-index.htm
854,85.59569416120429,IDXX,Idexx Laboratories,Health Care,874716,Q,2018,Q4,2019-01-01,Quick ratio,quick_ratio,27.050595238095237,0.705986758474049,YoY delta + Trend,2,"Quick ratio rose 3,732% year over year (0.71x to 27.05x), 22.8x its usual yearly move; 404.2 sigma above its rolling median of 0.65x.",99.59632510888817,79.20170399483013,98.0590963268746,0.0,0.0,0.18032786885245902,False,False,1.0,False,0000874716-19-000004,10-K,2019-02-15 00:00:00,https://www.sec.gov/Archives/edgar/data/874716/000087471619000004/0000874716-19-000004-index.htm
855,85.59368895619265,DOV,Dover Corporation,Industrials,29905,Q,2024,Q4,2024-12-31,Return on equity,roe,0.9079883449210975,0.23846171259887083,YoY delta + Trend,2,"Return on equity rose 6,695 bps year over year (23.8% to 90.8%), 8.4x its usual yearly move; 15.2 sigma above its rolling median of 24.8%.",85.59368895619265,58.250822060630924,65.49318632158662,0.0,0.0,0.0945945945945946,False,False,0.972972972972973,False,0000029905-25-000006,10-K,2025-02-14 00:00:00,https://www.sec.gov/Archives/edgar/data/29905/000002990525000006/0000029905-25-000006-index.htm
856,85.59296301215004,ECHO,EchoStar,Communication Services,1415404,Q,2025,Q3,2025-09-30,Return on equity,roe,-3.8313755951772053,-0.029077739283277462,YoY delta + Trend,2,"Return on equity fell 38,023 bps year over year (-2.9% to -383.1%), 11.6x its usual yearly move; 79.7 sigma below its rolling median of -1.1%.",96.8976939760189,65.99109341641648,90.87796011213543,0.0,0.0,0.16666666666666666,False,False,0.05555555555555555,False,0001104659-25-107277,10-Q,2025-11-06 00:00:00,https://www.sec.gov/Archives/edgar/data/1415404/000110465925107277/0001104659-25-107277-index.htm
857,85.59293622836407,COHR,Coherent Corp.,Information Technology,820318,Q,2020,Q2,2019-12-31,Debt / EBITDA,debt_to_ebitda,17.432314311078738,2.0287341761462003,Trend,1,Debt / EBITDA of 17.43x is 65.3 sigma above its rolling median of 2.09x.,89.09301912246073,0.0,89.09301912246073,0.0,0.0,0.12244897959183673,False,False,1.0,False,0001564590-20-004069,10-Q,2020-02-10 00:00:00,https://www.sec.gov/Archives/edgar/data/820318/000156459020004069/0001564590-20-004069-index.htm
858,85.58969198864021,ON,ON Semiconductor,Information Technology,1097864,Q,2025,Q1,2025-04-04,EBITDA margin,ebitda_margin,-0.28048696133361,0.36511515541955225,YoY delta + Trend,2,"EBITDA margin fell 6,456 bps year over year (36.5% to -28.0%), 7.5x its usual yearly move; 16.7 sigma below its rolling median of 36.4%. An input changed XBRL tag versus the comparison period.",85.58969198864021,55.550247719130134,67.580678694667,0.0,0.0,0.08823529411764706,False,False,0.014705882352941176,True,0001628280-25-022042,10-Q,2025-05-05 00:00:00,https://www.sec.gov/Archives/edgar/data/1097864/000162828025022042/0001628280-25-022042-index.htm
859,85.58933016722223,HAS,Hasbro,Consumer Discretionary,46080,Q,2025,Q2,2025-06-29,Return on equity,roe,-4.6663031624863684,0.502996186671509,YoY delta + Trend,2,"Return on equity fell 51,693 bps year over year (50.3% to -466.6%), 10.2x its usual yearly move; 12.6 sigma below its rolling median of 7.0%.",85.58933016722223,62.88907614143878,61.16865781164503,0.0,0.0,0.08571428571428572,False,False,0.02857142857142857,False,0000046080-25-000128,10-Q,2025-07-31 00:00:00,https://www.sec.gov/Archives/edgar/data/46080/000004608025000128/0000046080-25-000128-index.htm
860,85.5781183983111,SPGI,S&P Global,Financials,64040,Q,2013,Q1,2013-03-31,Return on equity,roe,3.2721202003338896,0.3061605476042315,YoY delta + Trend,2,"Return on equity rose 29,660 bps year over year (30.6% to 327.2%), 9.6x its usual yearly move; 13.3 sigma above its rolling median of 39.2%.",85.5781183983111,61.63295922113502,62.4107533212898,0.0,0.0,0.04838709677419355,False,False,1.0,False,0001445305-13-000976,10-Q,2013-04-30 00:00:00,https://www.sec.gov/Archives/edgar/data/64040/000144530513000976/0001445305-13-000976-index.htm
861,85.57409469729691,MU,Micron Technology,Information Technology,723125,Q,2023,Q4,2023-08-31,Debt / EBITDA,debt_to_ebitda,6.628543013426156,0.410631466286122,YoY delta + Trend,2,"Debt / EBITDA rose 1,514% year over year (0.41x to 6.63x), 3.4x its usual yearly move; 27.5 sigma above its rolling median of 0.66x.",85.57409469729691,35.90183594918693,77.49404290071845,0.0,0.0,0.08928571428571429,False,False,0.9285714285714286,False,0000723125-23-000054,10-K,2023-10-06 00:00:00,https://www.sec.gov/Archives/edgar/data/723125/000072312523000054/0000723125-23-000054-index.htm
862,85.56991813791421,GEV,GE Vernova,Industrials,1996810,Q,2026,Q1,2026-03-31,Return on assets,roa,0.2738263554260323,0.019719731376887543,YoY delta + Trend,2,"Return on assets rose 2,541 bps year over year (2.0% to 27.4%); 9.8 sigma above its rolling median of 3.4%.",85.56991813791421,67.92358320171414,55.01342324851908,0.0,0.0,0.05194805194805195,False,False,1.0,False,0001996810-26-000064,10-Q,2026-04-22 00:00:00,https://www.sec.gov/Archives/edgar/data/1996810/000199681026000064/0001996810-26-000064-index.htm
863,85.56231586109276,EMR,Emerson Electric,Industrials,32604,Q,2017,Q2,2017-03-31,Current ratio,current_ratio,2.5049058605144525,1.2115619652896603,YoY delta + Trend,2,"Current ratio rose 107% year over year (1.21x to 2.50x), 5.1x its usual yearly move; 22.0 sigma above its rolling median of 1.26x.",85.56231586109276,45.941284940911125,73.29258728564648,0.0,0.0,0.09523809523809523,False,False,0.9206349206349206,False,0000032604-17-000022,10-Q,2017-05-04 00:00:00,https://www.sec.gov/Archives/edgar/data/32604/000003260417000022/0000032604-17-000022-index.htm
864,85.56226986383604,CAH,Cardinal Health,Health Care,721371,Q,2013,Q4,2013-06-30,Return on equity,roe,-0.36610698945724324,0.151232367571551,YoY delta + Trend,2,"Return on equity fell 5,173 bps year over year (15.1% to -36.6%), 6.8x its usual yearly move; 26.4 sigma below its rolling median of 17.5%.",89.06109874302635,52.99174663777784,76.7298283289023,0.0,0.0,0.12244897959183673,False,False,0.04081632653061224,False,0000721371-13-000154,10-K,2013-08-20 00:00:00,https://www.sec.gov/Archives/edgar/data/721371/000072137113000154/0000721371-13-000154-index.htm
865,85.54530583762974,VRTX,Vertex Pharmaceuticals,Health Care,875320,A,2011,FY,2011-12-31,Operating margin,operating_margin,0.08068758125824989,-4.855109158122341,YoY delta,1,"Operating margin rose 49,358 bps year over year (-485.5% to 8.1%).",96.10576488616796,96.10576488616796,0.0,0.0,0.0,0.16279069767441862,False,False,0.32558139534883723,False,0001047469-12-001298,10-K,2012-02-22 00:00:00,https://www.sec.gov/Archives/edgar/data/875320/000104746912001298/0001047469-12-001298-index.htm
866,85.54505888431305,GE,GE Aerospace,Industrials,40545,Q,2018,Q3,2018-09-30,Accruals / assets,accruals,-0.24920697980014056,0.008856036242128612,YoY delta + Trend,2,"Accruals / assets fell 2,581 bps year over year (0.9% to -24.9%), 4.9x its usual yearly move; 22.5 sigma below its rolling median of 0.3%.",85.54505888431305,44.91217259150229,73.7601902349535,0.0,0.0,0.02631578947368421,False,False,0.039473684210526314,False,0000040545-18-000081,10-Q,2018-10-30 00:00:00,https://www.sec.gov/Archives/edgar/data/40545/000004054518000081/0000040545-18-000081-index.htm
867,85.54115556118334,COHR,Coherent Corp.,Information Technology,820318,Q,2020,Q1,2019-09-30,Days payables outstanding,dpo,98.22219230539102,46.6566308535318,YoY delta + Trend,2,"Days payables outstanding rose 111% year over year (47 days to 98 days), 4.0x its usual yearly move; 25.2 sigma above its rolling median of 42 days.",85.54115556118334,40.003983443946126,75.90032594029329,0.0,0.0,0.0625,False,False,0.90625,False,0001564590-19-042658,10-Q,2019-11-12 00:00:00,https://www.sec.gov/Archives/edgar/data/820318/000156459019042658/0001564590-19-042658-index.htm
868,85.53175850214495,NRG,NRG Energy,Utilities,1013871,A,2015,FY,2015-12-31,Return on equity,roe,-0.7459964932787844,0.012102054639873561,YoY delta + Trend,2,"Return on equity fell 7,581 bps year over year (1.2% to -74.6%), 12.6x its usual yearly move; 11.2 sigma below its rolling median of 6.0%.",86.61443898951387,67.80779692553575,58.41986651387666,0.0,0.0,0.10714285714285714,False,False,0.03571428571428571,False,0001013871-16-000022,10-K,2016-02-29 00:00:00,https://www.sec.gov/Archives/edgar/data/1013871/000101387116000022/0001013871-16-000022-index.htm
869,85.52837172030264,XYZ,"Block, Inc.",Financials,1512673,Q,2019,Q4,2019-12-31,Return on assets,roa,0.36571644533606057,-0.03110281759006373,YoY delta + Trend,2,"Return on assets rose 3,968 bps year over year (-3.1% to 36.6%), 3.6x its usual yearly move; 26.4 sigma above its rolling median of -3.2%.",85.52837172030264,37.73586574693502,76.75768168416317,0.0,0.0,0.08571428571428572,False,False,1.0,False,0001628280-20-002303,10-K,2020-02-26 00:00:00,https://www.sec.gov/Archives/edgar/data/1512673/000162828020002303/0001628280-20-002303-index.htm
870,85.52731628054264,STX,Seagate Technology,Information Technology,1137789,Q,2023,Q3,2023-03-31,Debt / EBITDA,debt_to_ebitda,11.410984848484848,2.2597864768683276,YoY delta + Trend,2,"Debt / EBITDA rose 405% year over year (2.26x to 11.41x), 3.4x its usual yearly move; 27.3 sigma above its rolling median of 2.54x.",85.52731628054264,36.0719454397651,77.3609820930484,0.0,0.0,0.08,False,False,0.96,False,0001137789-23-000029,10-Q,2023-04-26 00:00:00,https://www.sec.gov/Archives/edgar/data/1137789/000113778923000029/0001137789-23-000029-index.htm
871,85.52292785371436,CRL,Charles River Laboratories,Health Care,1100682,Q,2013,Q1,2013-03-30,Gross margin,gross_margin,0.35782075141293374,0.5914973372356905,YoY delta + Trend,2,"Gross margin fell 2,337 bps year over year (59.1% to 35.8%), 11.3x its usual yearly move; 11.1 sigma below its rolling median of 57.7%. An input changed XBRL tag versus the comparison period.",85.52292785371436,65.38882233636949,58.17226363407397,0.0,0.0,0.06,False,False,0.16,True,0001628280-15-000785,10-K,2015-02-17 00:00:00,https://www.sec.gov/Archives/edgar/data/1100682/000162828015000785/0001628280-15-000785-index.htm
872,85.52289880940558,MKC,McCormick & Company,Consumer Staples,63754,Q,2016,Q4,2016-11-30,Trade working capital % of revenue,nwc_pct,0.15702933985330073,0.009006572926200183,YoY delta + Trend,2,"Trade working capital % of revenue rose 1,480 bps year over year (0.9% to 15.7%), 19.7x its usual yearly move; 14.3 sigma above its rolling median of 1.9%.",85.52289880940558,59.68112071365116,64.09349305625149,0.0,0.0,0.1,False,False,0.9333333333333333,False,0000063754-17-000014,10-K,2017-01-25 00:00:00,https://www.sec.gov/Archives/edgar/data/63754/000006375417000014/0000063754-17-000014-index.htm
873,85.51679079389635,INCY,Incyte,Health Care,879169,Q,2011,Q4,2011-12-31,Net margin,net_margin,-1.9066080515074941,0.3789565622452545,YoY delta,1,"Net margin fell 22,856 bps year over year (37.9% to -190.7%).",91.9535384880606,91.9535384880606,0.0,0.0,0.0,0.14,False,False,0.02,False,0001047469-12-001295,10-K,2012-02-22 00:00:00,https://www.sec.gov/Archives/edgar/data/879169/000104746912001295/0001047469-12-001295-index.htm
874,85.51168115897215,IVZ,Invesco,Financials,914208,Q,2025,Q4,2025-12-31,Net margin,net_margin,-0.5885933806146572,0.13138731952291274,YoY delta + Trend,2,"Net margin fell 7,200 bps year over year (13.1% to -58.9%), 5.4x its usual yearly move; 21.2 sigma below its rolling median of 9.9%. Reverses the prior year's flagged move. An input changed XBRL tag versus the comparison period.",85.51168115897215,47.192714112879386,72.56378812575659,0.0,0.0,0.08571428571428572,False,True,0.014285714285714285,True,0000914208-26-000079,10-K,2026-02-24 00:00:00,https://www.sec.gov/Archives/edgar/data/914208/000091420826000079/0000914208-26-000079-index.htm
875,85.50694796137222,CBOE,Cboe Global Markets,Financials,1374310,Q,2017,Q1,2017-03-31,Net margin,net_margin,0.04351487928130264,0.30431836382677263,YoY delta + Trend,2,"Net margin fell 2,608 bps year over year (30.4% to 4.4%), 6.2x its usual yearly move; 19.1 sigma below its rolling median of 30.3%.",85.50694796137222,50.898105114749505,70.48372150912391,0.0,0.0,0.0625,False,False,0.0625,False,0001374310-17-000014,10-Q,2017-05-11 00:00:00,https://www.sec.gov/Archives/edgar/data/1374310/000137431017000014/0001374310-17-000014-index.htm
876,85.50689388210412,EIX,Edison International,Utilities,827052,Q,2025,Q1,2025-03-31,Interest coverage,interest_coverage,7.089700996677741,0.5518018018018018,YoY delta + Trend,2,"Interest coverage rose 1,185% year over year (0.55x to 7.09x), 6.7x its usual yearly move; 18.0 sigma above its rolling median of 1.78x. Reverses the prior year's flagged move. An input changed XBRL tag versus the comparison period.",85.50689388210412,52.91027638678074,69.22235892285575,0.0,0.0,0.03333333333333333,False,True,0.9666666666666667,True,0000827052-25-000043,10-Q,2025-04-29 00:00:00,https://www.sec.gov/Archives/edgar/data/827052/000082705225000043/0000827052-25-000043-index.htm
877,85.49870815247787,COHR,Coherent Corp.,Information Technology,820318,Q,2020,Q1,2019-09-30,Asset turnover,asset_turnover,0.37180520772933534,0.6906243959867161,YoY delta + Trend,2,"Asset turnover fell 46% year over year (0.69x to 0.37x), 8.2x its usual yearly move; 15.4 sigma below its rolling median of 0.73x.",85.49870815247787,57.60717607115457,65.79305056001476,0.0,0.0,0.07246376811594203,False,False,0.11594202898550725,False,0001564590-19-042658,10-Q,2019-11-12 00:00:00,https://www.sec.gov/Archives/edgar/data/820318/000156459019042658/0001564590-19-042658-index.htm
878,85.49167137179197,JCI,Johnson Controls,Industrials,833444,Q,2017,Q1,2016-12-31,Gross margin,gross_margin,0.29833474456675135,0.26767461669505965,Trend,1,Gross margin of 29.8% is 47.1 sigma below its rolling median of 58.8%.,85.49167137179197,0.0,85.49167137179197,0.0,0.0,0.07936507936507936,False,False,0.3333333333333333,False,0000833444-17-000007,10-Q,2017-02-08 00:00:00,https://www.sec.gov/Archives/edgar/data/833444/000083344417000007/0000833444-17-000007-index.htm
879,85.4911703737637,PCG,PG&E Corporation,Utilities,1004980,A,2019,FY,2019-12-31,Return on equity,roe,-0.8592792488896385,-0.42904207586834425,Trend,1,Return on equity of -85.9% is 47.1 sigma below its rolling median of 7.0%.,85.4911703737637,0.0,85.4911703737637,0.0,0.0,0.06896551724137931,False,False,0.034482758620689655,False,0001004980-20-000009,10-K,2020-02-18 00:00:00,https://www.sec.gov/Archives/edgar/data/1004980/000100498020000009/0001004980-20-000009-index.htm
880,85.48755619718287,JCI,Johnson Controls,Industrials,833444,A,2014,FY,2014-09-26,Days sales outstanding,dso,16.484296368938555,59.5820418897342,YoY delta + Trend,2,"Days sales outstanding fell 72% year over year (60 days to 16 days), 14.0x its usual yearly move; 8.5 sigma below its rolling median of 55 days. An input changed XBRL tag versus the comparison period.",85.48755619718287,69.98895855965041,51.6429850271531,0.0,0.0,0.06557377049180328,False,False,0.04918032786885246,True,0000833444-14-000124,10-K,2014-11-14 00:00:00,https://www.sec.gov/Archives/edgar/data/833444/000083344414000124/0000833444-14-000124-index.htm
881,85.47978309144804,ZBH,Zimmer Biomet,Health Care,1136869,A,2015,FY,2015-12-31,Trade working capital % of revenue,nwc_pct,0.5695088199006302,0.4095606958680162,YoY delta + Trend,2,"Trade working capital % of revenue rose 1,599 bps year over year (41.0% to 57.0%), 13.3x its usual yearly move; 13.2 sigma above its rolling median of 37.5%.",85.47978309144804,61.53078604735241,62.25496854075278,0.0,0.0,0.06382978723404255,False,False,1.0,False,0001193125-16-485039,10-K,2016-02-29 00:00:00,https://www.sec.gov/Archives/edgar/data/1136869/000119312516485039/0001193125-16-485039-index.htm
882,85.47763956818952,MLM,Martin Marietta Materials,Materials,916076,Q,2024,Q1,2024-03-31,Net margin,net_margin,0.8353317346123101,0.08965364448711322,YoY delta + Trend,2,"Net margin rose 7,457 bps year over year (9.0% to 83.5%), 11.7x its usual yearly move; 10.7 sigma above its rolling median of 16.3%.",85.47763956818952,66.02780197985528,57.25222011481547,0.0,0.0,0.08,False,False,0.96,False,0000950170-24-050478,10-Q,2024-04-30 00:00:00,https://www.sec.gov/Archives/edgar/data/916076/000095017024050478/0000950170-24-050478-index.htm
883,85.47081661912263,COP,ConocoPhillips,Energy,1163165,Q,2009,Q4,2009-12-31,Return on equity,roe,0.04988021971817353,-2.3031994924317956,YoY delta,1,"Return on equity rose 23,531 bps year over year (-230.3% to 5.0%).",85.47081661912263,85.47081661912263,0.0,0.0,0.0,0.08333333333333333,False,False,0.25,False,0000950123-11-016957,10-K,2011-02-23 00:00:00,https://www.sec.gov/Archives/edgar/data/1163165/000095012311016957/0000950123-11-016957-index.htm
884,85.44494334825619,RCL,Royal Caribbean Group,Consumer Discretionary,884887,Q,2021,Q1,2021-03-31,Days inventory outstanding,dio,38.43458871129893,10.732974135220697,YoY delta + Trend,2,"Days inventory outstanding rose 258% year over year (11 days to 38 days), 3.7x its usual yearly move; 28.7 sigma above its rolling median of 10 days.",86.52652490962652,38.17846307102333,78.20585550007854,0.0,0.0,0.10714285714285714,False,False,0.21428571428571427,False,0000884887-21-000011,10-Q,2021-04-29 00:00:00,https://www.sec.gov/Archives/edgar/data/884887/000088488721000011/0000884887-21-000011-index.htm
885,85.42563327975688,IFF,International Flavors & Fragrances,Materials,51253,Q,2023,Q4,2023-12-31,Return on assets,roa,-0.32423531604865397,-0.0027450531854054674,YoY delta + Trend,2,"Return on assets fell 3,215 bps year over year (-0.3% to -32.4%), 5.4x its usual yearly move; 31.5 sigma below its rolling median of 0.3%.",89.33399558667386,47.30029179273109,79.7607903797559,0.0,0.0,0.125,False,False,0.041666666666666664,False,0000051253-24-000006,10-K,2024-02-28 00:00:00,https://www.sec.gov/Archives/edgar/data/51253/000005125324000006/0000051253-24-000006-index.htm
886,85.4187967646073,GEN,Gen Digital,Information Technology,849399,Q,2016,Q4,2016-04-01,Return on assets,roa,0.6902079905497195,0.05346497057148282,YoY delta + Trend,2,"Return on assets rose 6,367 bps year over year (5.3% to 69.0%), 11.6x its usual yearly move; 40.0 sigma above its rolling median of 6.0%.",94.30525332822886,65.86049887964101,83.31918603117752,0.0,0.0,0.15384615384615385,False,False,0.9846153846153847,False,0000849399-16-000022,10-K,2016-05-20 00:00:00,https://www.sec.gov/Archives/edgar/data/849399/000084939916000022/0000849399-16-000022-index.htm
887,85.41821087097189,ORCL,Oracle Corporation,Information Technology,1341439,Q,2019,Q4,2019-05-31,Asset turnover,asset_turnover,1.448784535198742,1.1437532898916378,Trend,1,Asset turnover of 1.45x is 46.9 sigma above its rolling median of 0.29x.,85.41821087097189,0.0,85.41821087097189,0.0,0.0,0.07575757575757576,False,False,0.8939393939393939,False,0001564590-20-030125,10-K,2020-06-22 00:00:00,https://www.sec.gov/Archives/edgar/data/1341439/000156459020030125/0001564590-20-030125-index.htm
888,85.41741016141141,MRNA,Moderna,Health Care,1682852,Q,2021,Q3,2021-09-30,Net margin,net_margin,0.6707587039645804,-1.4795516433411438,YoY delta,1,"Net margin rose 21,503 bps year over year (-148.0% to 67.1%).",91.49048549144712,91.49048549144712,0.0,0.0,0.0,0.13793103448275862,False,False,0.9827586206896551,False,0001682852-21-000027,10-Q,2021-11-04 00:00:00,https://www.sec.gov/Archives/edgar/data/1682852/000168285221000027/0001682852-21-000027-index.htm
889,85.4132907100855,KIM,Kimco Realty,Real Estate,879101,Q,2020,Q2,2020-06-30,Accruals / assets,accruals,0.2329121267062682,-0.02071140458257555,YoY delta + Trend,2,"Accruals / assets rose 2,536 bps year over year (-2.1% to 23.3%), 5.1x its usual yearly move; 21.7 sigma above its rolling median of -1.5%.",85.4132907100855,45.902391706667046,73.03631389613173,0.0,0.0,0.1,False,False,1.0,False,0001437749-20-017012,10-Q,2020-08-07 00:00:00,https://www.sec.gov/Archives/edgar/data/879101/000143774920017012/0001437749-20-017012-index.htm
890,85.40646410523442,HCA,HCA Healthcare,Health Care,860730,Q,2020,Q2,2020-06-30,Accruals / assets,accruals,-0.6496547328163178,-0.10933489440266582,YoY delta + Trend,2,"Accruals / assets fell 5,403 bps year over year (-10.9% to -65.0%), 8.8x its usual yearly move; 14.3 sigma below its rolling median of -9.4%.",85.40646410523442,59.39910332774311,64.05612414777647,0.0,0.0,0.05172413793103448,False,False,0.017241379310344827,False,0001193125-20-204191,10-Q,2020-07-30 00:00:00,https://www.sec.gov/Archives/edgar/data/860730/000119312520204191/0001193125-20-204191-index.htm
891,85.40639759117956,EBAY,eBay Inc.,Consumer Discretionary,1065088,Q,2015,Q3,2015-09-30,Gross margin,gross_margin,0.7937112910909957,0.6809097174362508,YoY delta + Trend,2,"Gross margin rose 1,128 bps year over year (68.1% to 79.4%), 10.2x its usual yearly move; 12.3 sigma above its rolling median of 68.4%.",85.40639759117956,63.02635274740105,60.52971915613594,0.0,0.0,0.03333333333333333,False,False,0.9333333333333333,False,0001065088-15-000252,10-Q,2015-10-28 00:00:00,https://www.sec.gov/Archives/edgar/data/1065088/000106508815000252/0001065088-15-000252-index.htm
892,85.40009799160437,STE,Steris,Health Care,1757898,A,2022,FY,2022-03-31,SG&A % of revenue,sga_pct,0.3277494054608616,0.2353388667937348,YoY delta + Trend,2,"SG&A % of revenue rose 924 bps year over year (23.5% to 32.8%), 10.2x its usual yearly move; 13.6 sigma above its rolling median of 24.1%.",85.40009799160437,60.632643566044095,62.91368450688591,0.0,0.0,0.05172413793103448,False,False,0.8448275862068966,False,0001757898-22-000011,10-K,2022-05-31 00:00:00,https://www.sec.gov/Archives/edgar/data/1757898/000175789822000011/0001757898-22-000011-index.htm
893,85.39730939407805,TTWO,Take-Two Interactive,Communication Services,946581,Q,2014,Q2,2013-09-30,Days sales outstanding,dso,620.124635475461,51.7762986846538,YoY delta + Trend,2,"Days sales outstanding rose 1,098% year over year (52 days to 620 days); 55.6 sigma above its rolling median of 28 days.",96.67619931405062,73.55776155374144,87.4299572152157,0.0,0.0,0.16666666666666666,False,False,1.0,False,0001047469-13-010066,10-Q,2013-10-30 00:00:00,https://www.sec.gov/Archives/edgar/data/946581/000104746913010066/0001047469-13-010066-index.htm
894,85.39160588701988,LMT,Lockheed Martin,Industrials,936468,Q,2016,Q3,2016-09-25,Net margin,net_margin,0.2073413557267769,0.07547334438530669,YoY delta + Trend,2,"Net margin rose 1,319 bps year over year (7.5% to 20.7%), 11.2x its usual yearly move; 15.6 sigma above its rolling median of 7.8%.",85.39160588701988,56.87201549646673,66.12780708130862,0.0,0.0,0.06493506493506493,False,False,0.935064935064935,False,0001193125-16-749763,10-Q,2016-10-27 00:00:00,https://www.sec.gov/Archives/edgar/data/936468/000119312516749763/0001193125-16-749763-index.htm
895,85.38452193521734,LVS,Las Vegas Sands,Consumer Discretionary,1300514,Q,2019,Q2,2019-06-30,Cash conversion (CFO / EBITDA),cash_conversion,0.06424344885883347,1.0336134453781514,YoY delta + Trend,2,"Cash conversion (CFO / EBITDA) fell 94% year over year (1.03x to 0.06x), 12.9x its usual yearly move; 9.4 sigma below its rolling median of 1.02x.",85.38452193521734,68.18004463736956,54.068200604872075,0.0,0.0,0.05555555555555555,False,False,0.1111111111111111,False,0001300514-19-000073,10-Q,2019-07-24 00:00:00,https://www.sec.gov/Archives/edgar/data/1300514/000130051419000073/0001300514-19-000073-index.htm
896,85.37735280248779,VRTX,Vertex Pharmaceuticals,Health Care,875320,A,2009,FY,2009-12-31,SG&A % of revenue,sga_pct,1.2777826850788603,0.5771378430121251,YoY delta,1,"SG&A % of revenue rose 7,006 bps year over year (57.7% to 127.8%).",85.37735280248779,85.37735280248779,0.0,0.0,0.0,0.06976744186046512,False,False,0.9767441860465116,False,0001047469-11-001025,10-K,2011-02-17 00:00:00,https://www.sec.gov/Archives/edgar/data/875320/000104746911001025/0001047469-11-001025-index.htm
897,85.35694610472378,TYL,Tyler Technologies,Information Technology,860731,A,2021,FY,2021-12-31,Days payables outstanding,dpo,49.61872467124307,8.90709064340217,YoY delta + Trend,2,"Days payables outstanding rose 457% year over year (9 days to 50 days), 5.5x its usual yearly move; 20.6 sigma above its rolling median of 7 days.",85.35694610472378,47.61582394249976,72.04679924868329,0.0,0.0,0.09090909090909091,False,False,0.45454545454545453,False,0000860731-22-000011,10-K,2022-02-23 00:00:00,https://www.sec.gov/Archives/edgar/data/860731/000086073122000011/0000860731-22-000011-index.htm
898,85.33562634074354,ZBH,Zimmer Biomet,Health Care,1136869,Q,2015,Q2,2015-06-30,Days inventory outstanding,dio,756.9750254841998,314.171668667467,YoY delta + Trend,2,"Days inventory outstanding rose 141% year over year (314 days to 757 days), 8.5x its usual yearly move; 14.5 sigma above its rolling median of 319 days. An input changed XBRL tag versus the comparison period.",85.33562634074354,58.69555080351217,64.49686669468193,0.0,0.0,0.06818181818181818,False,False,1.0,True,0001193125-15-285070,10-Q,2015-08-10 00:00:00,https://www.sec.gov/Archives/edgar/data/1136869/000119312515285070/0001193125-15-285070-index.htm
899,85.33226208263265,GNRC,Generac,Industrials,1474735,Q,2011,Q4,2011-12-31,Return on assets,roa,0.7596585914319403,0.06153652873872928,YoY delta,1,"Return on assets rose 6,981 bps year over year (6.2% to 76.0%).",85.33226208263265,85.33226208263265,0.0,0.0,0.0,0.0958904109589041,False,False,1.0,False,0001474735-13-000006,10-K,2013-03-13 00:00:00,https://www.sec.gov/Archives/edgar/data/1474735/000147473513000006/0001474735-13-000006-index.htm
900,85.31963257928474,DAL,Delta Air Lines,Industrials,27904,Q,2013,Q4,2013-12-31,Return on assets,roa,0.6904090626876609,0.0006299070887044161,YoY delta + Trend,2,"Return on assets rose 6,898 bps year over year (0.1% to 69.0%), 19.0x its usual yearly move; 16.8 sigma above its rolling median of 1.5%.",92.23744062625377,75.98054133185315,67.68220516126595,0.0,0.0,0.14285714285714285,False,False,1.0,False,0000027904-14-000003,10-K,2014-02-24 00:00:00,https://www.sec.gov/Archives/edgar/data/27904/000002790414000003/0000027904-14-000003-index.htm
901,85.30591501335593,NEE,NextEra Energy,Utilities,753308,Q,2018,Q1,2018-03-31,Net margin,net_margin,1.1462593838985244,0.398539778449144,YoY delta + Trend,2,"Net margin rose 7,477 bps year over year (39.9% to 114.6%), 9.7x its usual yearly move; 48.9 sigma above its rolling median of 17.1%.",94.62007904427693,61.7449547676375,85.93670214465769,0.0,0.0,0.15625,False,False,1.0,False,0000753308-18-000081,10-Q,2018-04-24 00:00:00,https://www.sec.gov/Archives/edgar/data/753308/000075330818000081/0000753308-18-000081-index.htm
902,85.2939995423601,CVS,CVS Health,Health Care,64803,Q,2018,Q2,2018-06-30,Return on equity,roe,-0.27603661820140013,0.1292163756454199,YoY delta + Trend,2,"Return on equity fell 4,053 bps year over year (12.9% to -27.6%), 11.7x its usual yearly move; 10.4 sigma below its rolling median of 13.6%.",85.2939995423601,66.16095382491883,56.54132689925138,0.0,0.0,0.09803921568627451,False,False,0.0392156862745098,False,0001558370-18-006683,10-Q,2018-08-08 00:00:00,https://www.sec.gov/Archives/edgar/data/64803/000155837018006683/0001558370-18-006683-index.htm
903,85.29230280548732,ERIE,Erie Indemnity,Financials,922621,Q,2016,Q2,2016-06-30,Asset turnover,asset_turnover,1.2306781106534324,0.36204314791192943,YoY delta + Trend,2,"Asset turnover rose 240% year over year (0.36x to 1.23x), 3.2x its usual yearly move; 27.4 sigma above its rolling median of 0.36x.",85.29230280548732,34.83983940895915,77.4283901986962,0.0,0.0,0.09090909090909091,False,False,0.9696969696969697,False,0000922621-16-000102,10-Q,2016-07-28 00:00:00,https://www.sec.gov/Archives/edgar/data/922621/000092262116000102/0000922621-16-000102-index.htm
904,85.28192487605389,SNDK,Sandisk,Information Technology,2023554,Q,2025,Q3,2025-03-28,EBITDA margin,ebitda_margin,-1.087905604719764,0.07096774193548387,YoY delta,1,"EBITDA margin fell 11,589 bps year over year (7.1% to -108.8%).",85.28192487605389,85.28192487605389,0.0,0.0,0.0,0.058823529411764705,False,False,0.014705882352941176,False,0002023554-25-000027,10-Q,2025-05-12 00:00:00,https://www.sec.gov/Archives/edgar/data/2023554/000202355425000027/0002023554-25-000027-index.htm
905,85.27905914577057,TMUS,T-Mobile US,Communication Services,1283699,Q,2012,Q2,2012-06-30,Asset turnover,asset_turnover,2.0304759554357723,0.5451260312077062,YoY delta + Trend,2,Asset turnover rose 272% year over year (0.55x to 2.03x); 74.5 sigma above its rolling median of 0.53x. An input changed XBRL tag versus the comparison period.,96.5423311084195,64.32577837543167,90.30765428334044,0.0,0.0,0.16666666666666666,False,False,1.0,True,0001283699-13-000115,10-Q,2013-08-08 00:00:00,https://www.sec.gov/Archives/edgar/data/1283699/000128369913000115/0001283699-13-000115-index.htm
906,85.2746276240975,LUV,Southwest Airlines,Industrials,92380,Q,2021,Q1,2021-03-31,Quick ratio,quick_ratio,1.8681251527743827,0.6106825505321746,YoY delta + Trend,2,"Quick ratio rose 206% year over year (0.61x to 1.87x), 3.1x its usual yearly move; 27.7 sigma above its rolling median of 0.58x.",85.2746276240975,34.31207815084526,77.58283111815025,0.0,0.0,0.07462686567164178,False,False,0.8805970149253731,False,0000092380-21-000101,10-Q,2021-04-27 00:00:00,https://www.sec.gov/Archives/edgar/data/92380/000009238021000101/0000092380-21-000101-index.htm
907,85.2707235814871,PEG,Public Service Enterprise Group,Utilities,788784,Q,2021,Q3,2021-09-30,Return on assets,roa,-0.12674486922344455,0.04676888039367197,YoY delta + Trend,2,"Return on assets fell 1,735 bps year over year (4.7% to -12.7%), 6.5x its usual yearly move; 18.2 sigma below its rolling median of 3.7%.",85.2707235814871,51.81368279787891,69.43265791255668,0.0,0.0,0.1,False,False,0.03333333333333333,False,0001628280-21-021195,10-Q,2021-11-02 00:00:00,https://www.sec.gov/Archives/edgar/data/788784/000162828021021195/0001628280-21-021195-index.htm
908,85.27006480394297,TPR,"Tapestry, Inc.",Consumer Discretionary,1116132,Q,2024,Q3,2024-03-30,Quick ratio,quick_ratio,5.633428508675599,0.7788151121193613,YoY delta + Trend,2,"Quick ratio rose 623% year over year (0.78x to 5.63x), 4.1x its usual yearly move; 24.1 sigma above its rolling median of 0.82x.",85.27006480394297,40.85581689455775,75.09487083489427,0.0,0.0,0.025,False,False,1.0,False,0001116132-24-000013,10-Q,2024-05-09 00:00:00,https://www.sec.gov/Archives/edgar/data/1116132/000111613224000013/0001116132-24-000013-index.htm
909,85.26859854283086,ON,ON Semiconductor,Information Technology,1097864,A,2025,FY,2025-12-31,Cash conversion (CFO / EBITDA),cash_conversion,2.2848610750454426,0.7908404546585912,YoY delta + Trend,2,"Cash conversion (CFO / EBITDA) rose 189% year over year (0.79x to 2.28x), 3.9x its usual yearly move; 25.0 sigma above its rolling median of 0.91x.",85.26859854283086,39.198046486939866,75.7714997528741,0.0,0.0,0.057971014492753624,False,False,0.927536231884058,False,0001097864-26-000006,10-K,2026-02-09 00:00:00,https://www.sec.gov/Archives/edgar/data/1097864/000109786426000006/0001097864-26-000006-index.htm
910,85.26805900190011,LII,Lennox International,Industrials,1069202,A,2014,FY,2014-12-31,Return on equity,roe,0.8320194057004245,0.34972010178117047,YoY delta + Trend,2,"Return on equity rose 4,823 bps year over year (35.0% to 83.2%), 5.7x its usual yearly move; 22.2 sigma above its rolling median of 18.7%.",86.43156078165313,48.77713555365876,73.51097138942602,0.0,0.0,0.1076923076923077,False,False,0.9538461538461539,False,0001069202-15-000003,10-K,2015-02-17 00:00:00,https://www.sec.gov/Archives/edgar/data/1069202/000106920215000003/0001069202-15-000003-index.htm
911,85.26295313326162,BRO,Brown & Brown,Financials,79282,Q,2017,Q4,2018-01-01,Net margin,net_margin,0.3953166243601312,0.1328816779811098,YoY delta + Trend,2,"Net margin rose 2,624 bps year over year (13.3% to 39.5%), 11.1x its usual yearly move; 33.3 sigma above its rolling median of 14.6%.",93.19731952527857,64.91744599075032,80.6095061581666,0.0,0.0,0.14864864864864866,False,False,0.9459459459459459,False,0000079282-18-000006,10-K,2018-02-28 00:00:00,https://www.sec.gov/Archives/edgar/data/79282/000007928218000006/0000079282-18-000006-index.htm
912,85.25514131202489,KLAC,KLA Corporation,Information Technology,319201,Q,2015,Q4,2015-06-30,Return on equity,roe,1.2411807118355218,0.14089607257848044,YoY delta + Trend,2,"Return on equity rose 11,003 bps year over year (14.1% to 124.1%), 5.3x its usual yearly move; 21.4 sigma above its rolling median of 15.7%.",85.50876901673556,46.809358125750485,72.75605168006086,0.0,0.0,0.1016949152542373,False,False,1.0,False,0000319201-15-000053,10-K,2015-08-07 00:00:00,https://www.sec.gov/Archives/edgar/data/319201/000031920115000053/0000319201-15-000053-index.htm
913,85.24440706774239,ZBH,Zimmer Biomet,Health Care,1136869,Q,2018,Q4,2018-12-31,EBITDA margin,ebitda_margin,-0.25866731047802993,0.10924167188931205,YoY delta + Trend,2,"EBITDA margin fell 3,679 bps year over year (10.9% to -25.9%), 4.3x its usual yearly move; 23.5 sigma below its rolling median of 26.4%. An input changed XBRL tag versus the comparison period.",85.24440706774239,41.921870674693025,74.59354648010675,0.0,0.0,0.1,False,False,0.06,True,0001564590-19-004283,10-K,2019-02-26 00:00:00,https://www.sec.gov/Archives/edgar/data/1136869/000156459019004283/0001564590-19-004283-index.htm
914,85.24302309138565,TPR,"Tapestry, Inc.",Consumer Discretionary,1116132,Q,2024,Q2,2023-12-30,Quick ratio,quick_ratio,5.324606244819011,0.8210070222620648,YoY delta + Trend,2,"Quick ratio rose 549% year over year (0.82x to 5.32x), 4.6x its usual yearly move; 22.6 sigma above its rolling median of 0.82x.",85.24302309138565,43.6025375831772,73.83397004718337,0.0,0.0,0.024390243902439025,False,False,1.0,False,0001116132-24-000007,10-Q,2024-02-08 00:00:00,https://www.sec.gov/Archives/edgar/data/1116132/000111613224000007/0001116132-24-000007-index.htm
915,85.22700387624207,NOW,ServiceNow,Information Technology,1373715,Q,2016,Q1,2016-03-31,Operating margin,operating_margin,-1.0597393086808835,-0.25585476779075694,YoY delta + Trend,2,"Operating margin fell 8,039 bps year over year (-25.6% to -106.0%), 9.7x its usual yearly move; 12.7 sigma below its rolling median of -18.7%.",85.22700387624207,61.746155764022106,61.381669166039345,0.0,0.0,0.08771929824561403,False,False,0.017543859649122806,False,0001373715-16-000364,10-Q,2016-05-06 00:00:00,https://www.sec.gov/Archives/edgar/data/1373715/000137371516000364/0001373715-16-000364-index.htm
916,85.22341246028678,VTRS,Viatris,Health Care,1792044,Q,2025,Q2,2025-06-30,Debt / EBITDA,debt_to_ebitda,92.89024390243902,6.189986605365094,YoY delta + Trend,2,"Debt / EBITDA rose 304% year over year (6.19x to 92.89x), 3.5x its usual yearly move; 32.9 sigma above its rolling median of 4.61x.",87.58137248883227,36.58415981558795,80.41715212625964,0.0,0.0,0.11538461538461539,False,False,1.0,False,0001792044-25-000033,10-Q,2025-08-07 00:00:00,https://www.sec.gov/Archives/edgar/data/1792044/000179204425000033/0001792044-25-000033-index.htm
917,85.22248341093254,SPGI,S&P Global,Financials,64040,Q,2012,Q4,2012-12-31,Net margin,net_margin,-0.1761827079934747,0.14078947368421052,YoY delta + Trend,2,"Net margin fell 3,170 bps year over year (14.1% to -17.6%), 15.7x its usual yearly move; 6.9 sigma below its rolling median of 13.2%.",85.22248341093254,72.41218416885226,46.43462650499841,0.0,0.0,0.08928571428571429,False,False,0.05357142857142857,False,0000064040-13-000005,10-K,2013-02-28 00:00:00,https://www.sec.gov/Archives/edgar/data/64040/000006404013000005/0000064040-13-000005-index.htm
918,85.21271064668504,BAX,Baxter International,Health Care,10456,Q,2016,Q1,2016-03-31,Return on equity,roe,1.5135740274279317,0.2236961893614254,YoY delta + Trend,2,"Return on equity rose 12,899 bps year over year (22.4% to 151.4%), 9.1x its usual yearly move; 13.4 sigma above its rolling median of 23.2%.",85.21271064668504,60.37374013095151,62.68310609635632,0.0,0.0,0.08695652173913043,False,False,1.0,False,0001193125-16-582011,10-Q,2016-05-06 00:00:00,https://www.sec.gov/Archives/edgar/data/10456/000119312516582011/0001193125-16-582011-index.htm
919,85.20749683437889,LYV,Live Nation Entertainment,Communication Services,1335258,A,2020,FY,2020-12-31,Return on assets,roa,-0.1599389341522189,0.0071782253342803784,YoY delta + Trend,2,"Return on assets fell 1,671 bps year over year (0.7% to -16.0%), 12.0x its usual yearly move; 14.0 sigma below its rolling median of -0.3%.",87.92275849374452,66.74705835584327,63.680682342346365,0.0,0.0,0.11764705882352941,False,False,0.058823529411764705,False,0001335258-21-000009,10-K,2021-03-01 00:00:00,https://www.sec.gov/Archives/edgar/data/1335258/000133525821000009/0001335258-21-000009-index.htm
920,85.20535145859058,HAS,Hasbro,Consumer Discretionary,46080,Q,2023,Q4,2023-12-31,EBITDA margin,ebitda_margin,-0.8991388005275817,-0.05528745904081025,YoY delta + Trend,2,"EBITDA margin fell 8,439 bps year over year (-5.5% to -89.9%), 10.1x its usual yearly move; 12.1 sigma below its rolling median of 11.6%.",85.20535145859058,62.755095252356796,60.277389238468665,0.0,0.0,0.07894736842105263,False,False,0.02631578947368421,False,0000046080-24-000034,10-K,2024-02-28 00:00:00,https://www.sec.gov/Archives/edgar/data/46080/000004608024000034/0000046080-24-000034-index.htm
921,85.20362523681175,BAX,Baxter International,Health Care,10456,A,2013,FY,2013-12-31,Cash conversion (CFO / EBITDA),cash_conversion,2.4245640636846097,0.8247477429633564,YoY delta + Trend,2,"Cash conversion (CFO / EBITDA) rose 194% year over year (0.82x to 2.42x), 4.1x its usual yearly move; 24.2 sigma above its rolling median of 0.82x.",85.20362523681175,40.486832736137295,75.13764525825727,0.0,0.0,0.09803921568627451,False,False,1.0,False,0001193125-14-061654,10-K,2014-02-21 00:00:00,https://www.sec.gov/Archives/edgar/data/10456/000119312514061654/0001193125-14-061654-index.htm
922,85.1961736745073,PANW,Palo Alto Networks,Information Technology,1327567,Q,2014,Q3,2014-04-30,Return on assets,roa,-0.7472195018137354,-0.05661826020530145,YoY delta,1,"Return on assets fell 6,906 bps year over year (-5.7% to -74.7%).",85.1961736745073,85.1961736745073,0.0,0.0,0.0,0.06666666666666667,False,False,0.016666666666666666,False,0001327567-14-000013,10-Q,2014-06-03 00:00:00,https://www.sec.gov/Archives/edgar/data/1327567/000132756714000013/0001327567-14-000013-index.htm
923,85.18813993283027,MMM,3M,Industrials,66740,Q,2022,Q3,2022-09-30,Net margin,net_margin,0.4477317554240631,0.1603668083202863,YoY delta + Trend,2,"Net margin rose 2,874 bps year over year (16.0% to 44.8%), 7.1x its usual yearly move; 16.7 sigma above its rolling median of 16.1%.",85.18813993283027,54.264552206474164,67.61404822351723,0.0,0.0,0.05952380952380952,False,False,1.0,False,0000066740-22-000076,10-Q,2022-10-25 00:00:00,https://www.sec.gov/Archives/edgar/data/66740/000006674022000076/0000066740-22-000076-index.htm
924,85.18398295435567,CLX,Clorox,Consumer Staples,21076,Q,2021,Q3,2021-03-31,EBITDA margin,ebitda_margin,0.010668163952835485,0.2052720134604599,YoY delta + Trend,2,"EBITDA margin fell 1,946 bps year over year (20.5% to 1.1%), 8.1x its usual yearly move; 15.0 sigma below its rolling median of 21.6%.",85.18398295435567,57.37699148679442,65.23939167491197,0.0,0.0,0.038461538461538464,False,False,0.038461538461538464,False,0000021076-21-000009,10-Q,2021-04-30 00:00:00,https://www.sec.gov/Archives/edgar/data/21076/000002107621000009/0000021076-21-000009-index.htm
925,85.17660489274024,TPR,"Tapestry, Inc.",Consumer Discretionary,1116132,Q,2025,Q4,2025-06-28,EBITDA margin,ebitda_margin,-0.31296425255338906,0.177990069763057,YoY delta + Trend,2,"EBITDA margin fell 4,910 bps year over year (17.8% to -31.3%), 4.7x its usual yearly move; 22.2 sigma below its rolling median of 19.5%. An input changed XBRL tag versus the comparison period.",85.17660489274024,44.08717877460826,73.48837926187848,0.0,0.0,0.05555555555555555,False,False,0.05555555555555555,True,0001116132-25-000019,10-K,2025-08-14 00:00:00,https://www.sec.gov/Archives/edgar/data/1116132/000111613225000019/0001116132-25-000019-index.htm
926,85.17636214471196,MMM,3M,Industrials,66740,Q,2023,Q2,2023-06-30,Accruals / assets,accruals,-0.6975335714136541,-0.0917268742690378,YoY delta + Trend,2,"Accruals / assets fell 6,058 bps year over year (-9.2% to -69.8%), 11.8x its usual yearly move; 10.2 sigma below its rolling median of -4.5%.",85.17636214471196,66.28345931201547,56.03452325531517,0.0,0.0,0.038461538461538464,False,False,0.01282051282051282,False,0000066740-23-000058,10-Q,2023-07-25 00:00:00,https://www.sec.gov/Archives/edgar/data/66740/000006674023000058/0000066740-23-000058-index.htm
927,85.16919880762056,CPT,Camden Property Trust,Real Estate,906345,Q,2014,Q4,2014-12-31,EBITDA margin,ebitda_margin,1.251146868460078,0.5935727325675298,YoY delta + Trend,2,"EBITDA margin rose 6,576 bps year over year (59.4% to 125.1%), 5.4x its usual yearly move; 30.6 sigma above its rolling median of 57.4%.",89.06582881842672,47.17951091658274,79.29937535355764,0.0,0.0,0.125,False,False,1.0,False,0000906345-15-000007,10-K,2015-02-20 00:00:00,https://www.sec.gov/Archives/edgar/data/906345/000090634515000007/0000906345-15-000007-index.htm
928,85.1629671404684,TEL,TE Connectivity,Information Technology,1385157,Q,2018,Q4,2018-09-28,Net margin,net_margin,0.47335423197492166,0.1255787037037037,Trend,1,Net margin of 47.3% is 45.9 sigma above its rolling median of 12.9%. An input changed XBRL tag versus the comparison period.,85.1629671404684,0.0,85.1629671404684,0.0,0.0,0.05555555555555555,False,False,0.9722222222222222,True,0001047469-18-007210,10-K,2018-11-13 00:00:00,https://www.sec.gov/Archives/edgar/data/1385157/000104746918007210/0001047469-18-007210-index.htm
929,85.16296439830114,BA,Boeing,Industrials,12927,A,2023,FY,2023-12-31,Debt / EBITDA,debt_to_ebitda,48.076286764705884,,Trend,1,Debt / EBITDA of 48.08x is 92.9 sigma above its rolling median of 1.07x.,92.06806961978502,0.0,92.06806961978502,0.0,0.0,0.14285714285714285,False,False,1.0,False,0000012927-24-000010,10-K,2024-01-31 00:00:00,https://www.sec.gov/Archives/edgar/data/12927/000001292724000010/0000012927-24-000010-index.htm
930,85.16170695398067,KEYS,Keysight Technologies,Information Technology,1601046,Q,2019,Q3,2019-07-31,Debt / EBITDA,debt_to_ebitda,57.806451612903224,3.4689922480620154,YoY delta + Trend,2,"Debt / EBITDA rose 621% year over year (3.47x to 57.81x), 4.3x its usual yearly move; 23.3 sigma above its rolling median of 4.08x. An input changed XBRL tag versus the comparison period.",85.16170695398067,41.9768698936788,74.4269345365723,0.0,0.0,0.06382978723404255,False,False,1.0,True,0001601046-19-000038,10-Q,2019-08-30 00:00:00,https://www.sec.gov/Archives/edgar/data/1601046/000160104619000038/0001601046-19-000038-index.htm
931,85.16163813851396,SNDK,Sandisk,Information Technology,2023554,Q,2025,Q3,2025-03-28,Operating margin,operating_margin,-1.1097345132743364,0.03812316715542522,YoY delta,1,"Operating margin fell 11,479 bps year over year (3.8% to -111.0%).",85.16163813851396,85.16163813851396,0.0,0.0,0.0,0.057971014492753624,False,False,0.014492753623188406,False,0002023554-25-000027,10-Q,2025-05-12 00:00:00,https://www.sec.gov/Archives/edgar/data/2023554/000202355425000027/0002023554-25-000027-index.htm
932,85.15131577159356,CCL,Carnival Corporation,Consumer Discretionary,815097,Q,2021,Q3,2021-08-31,SG&A % of revenue,sga_pct,0.7783882783882784,,Trend,1,SG&A % of revenue of 77.8% is 45.9 sigma above its rolling median of 13.7%.,85.15131577159356,0.0,85.15131577159356,0.0,0.0,0.04878048780487805,False,False,0.975609756097561,False,0000815097-21-000098,10-Q,2021-09-30 00:00:00,https://www.sec.gov/Archives/edgar/data/815097/000081509721000098/0000815097-21-000098-index.htm
933,85.1475556855092,MCHP,Microchip Technology,Information Technology,827054,Q,2017,Q1,2016-06-30,Cash conversion (CFO / EBITDA),cash_conversion,4.144697151951441,0.9990863759948044,YoY delta + Trend,2,"Cash conversion (CFO / EBITDA) rose 315% year over year (1.00x to 4.14x), 3.3x its usual yearly move; 26.7 sigma above its rolling median of 1.03x.",85.1475556855092,35.55928857715084,76.95176855352894,0.0,0.0,0.06896551724137931,False,False,0.9655172413793104,False,0000827054-16-000385,10-Q,2016-08-09 00:00:00,https://www.sec.gov/Archives/edgar/data/827054/000082705416000385/0000827054-16-000385-index.htm
934,85.13771576470701,LYV,Live Nation Entertainment,Communication Services,1335258,Q,2020,Q3,2020-09-30,Days sales outstanding,dso,280.1066267973785,29.390691231698256,YoY delta + Trend,2,"Days sales outstanding rose 853% year over year (29 days to 280 days), 4.1x its usual yearly move; 51.5 sigma above its rolling median of 31 days.",92.04077379968325,40.843658629445656,86.54543872066009,0.0,0.0,0.14285714285714285,False,False,1.0,False,0001335258-20-000163,10-Q,2020-11-05 00:00:00,https://www.sec.gov/Archives/edgar/data/1335258/000133525820000163/0001335258-20-000163-index.htm
935,85.13611858690382,GE,GE Aerospace,Industrials,40545,A,2015,FY,2015-12-31,Net margin,net_margin,-0.0521868025147803,0.10251768300479847,YoY delta + Trend,2,"Net margin fell 1,547 bps year over year (10.3% to -5.2%), 8.0x its usual yearly move; 15.0 sigma below its rolling median of 9.4%.",85.13611858690382,57.199773156297546,65.27148917369996,0.0,0.0,0.0958904109589041,False,False,0.0410958904109589,False,0000040545-16-000145,10-K,2016-02-26 00:00:00,https://www.sec.gov/Archives/edgar/data/40545/000004054516000145/0000040545-16-000145-index.htm
936,85.13043668876139,SHW,Sherwin-Williams,Materials,89800,A,2017,FY,2017-12-31,Debt / EBITDA,debt_to_ebitda,4.078901991743302,0.8183820375553171,YoY delta + Trend,2,"Debt / EBITDA rose 398% year over year (0.82x to 4.08x), 11.7x its usual yearly move; 43.5 sigma above its rolling median of 0.96x. An input changed XBRL tag versus the comparison period.",94.72786512951487,66.06637013315913,84.46339253662653,0.0,0.0,0.15789473684210525,False,False,0.8421052631578947,True,0000089800-20-000005,10-K,2020-02-21 00:00:00,https://www.sec.gov/Archives/edgar/data/89800/000008980020000005/0000089800-20-000005-index.htm
937,85.1246278505233,COO,Cooper Companies (The),Health Care,711404,Q,2021,Q1,2021-01-31,Return on assets,roa,1.0734000025543762,0.056461046556967945,YoY delta + Trend,2,"Return on assets rose 10,169 bps year over year (5.6% to 107.3%), 22.3x its usual yearly move; 38.7 sigma above its rolling median of 6.0%.",96.3675032270075,78.78389343081209,82.87858914572023,0.0,0.0,0.16666666666666666,False,False,1.0,False,0000711404-21-000008,10-Q,2021-03-05 00:00:00,https://www.sec.gov/Archives/edgar/data/711404/000071140421000008/0000711404-21-000008-index.htm
938,85.11940374527728,CCI,Crown Castle,Real Estate,1051470,A,2024,FY,2024-12-31,EBITDA margin,ebitda_margin,-0.18270401948842874,0.5906030654634007,YoY delta + Trend,2,"EBITDA margin fell 7,733 bps year over year (59.1% to -18.3%), 26.7x its usual yearly move; 16.3 sigma below its rolling median of 56.0%.",93.97471326442502,81.66426905695074,67.13909713068158,0.0,0.0,0.15384615384615385,False,False,0.038461538461538464,False,0001051470-25-000089,10-K,2025-03-14 00:00:00,https://www.sec.gov/Archives/edgar/data/1051470/000105147025000089/0001051470-25-000089-index.htm
939,85.11612414008879,GD,General Dynamics,Industrials,40533,Q,2012,Q4,2012-12-31,Debt / EBITDA,debt_to_ebitda,3.206726825266612,0.9401913875598086,YoY delta + Trend,2,"Debt / EBITDA rose 241% year over year (0.94x to 3.21x), 5.5x its usual yearly move; 47.7 sigma above its rolling median of 0.95x.",92.4718385719483,47.62294871003641,85.6269850198798,0.0,0.0,0.14545454545454545,False,False,0.7636363636363637,False,0000040533-13-000005,10-K,2013-02-08 00:00:00,https://www.sec.gov/Archives/edgar/data/40533/000004053313000005/0000040533-13-000005-index.htm
940,85.11280982360256,SNPS,Synopsys,Information Technology,883241,Q,2025,Q3,2025-07-31,Interest coverage,interest_coverage,1.1281006402642968,30.651038121170863,YoY delta + Trend,2,"Interest coverage fell 96% year over year (30.65x to 1.13x), 5.9x its usual yearly move; 19.5 sigma below its rolling median of 50.00x.",85.3660141027208,49.60647980253977,70.9605801699546,0.0,0.0,0.1016949152542373,False,False,0.05084745762711865,False,0000883241-25-000024,10-Q,2025-09-09 00:00:00,https://www.sec.gov/Archives/edgar/data/883241/000088324125000024/0000883241-25-000024-index.htm
941,85.1122150210895,CCI,Crown Castle,Real Estate,1051470,Q,2015,Q2,2015-06-30,Return on equity,roe,0.6618541798711652,0.019744545615719117,YoY delta + Trend,2,"Return on equity rose 6,421 bps year over year (2.0% to 66.2%), 5.5x its usual yearly move; 20.0 sigma above its rolling median of 6.0%.",85.1122150210895,47.9348209426658,71.40548587662386,0.0,0.0,0.08,False,False,1.0,False,0001051470-15-000114,10-Q,2015-08-07 00:00:00,https://www.sec.gov/Archives/edgar/data/1051470/000105147015000114/0001051470-15-000114-index.htm
942,85.10575860271726,T,AT&T,Communication Services,732717,Q,2018,Q2,2018-06-30,Days sales outstanding,dso,59.66616221207613,34.3518902025755,YoY delta + Trend,2,"Days sales outstanding rose 74% year over year (34 days to 60 days), 10.0x its usual yearly move; 16.0 sigma above its rolling median of 36 days.",85.10575860271726,55.29955089529626,66.6798842168334,0.0,0.0,0.07142857142857142,False,False,0.6428571428571429,False,0001193125-18-236782,10-Q,2018-08-02 00:00:00,https://www.sec.gov/Archives/edgar/data/732717/000119312518236782/0001193125-18-236782-index.htm
943,85.10228867886016,MTB,M&T Bank,Financials,36270,Q,2023,Q2,2023-06-30,Net margin,net_margin,2.305941489361702,0.10970351777294626,YoY delta,1,"Net margin rose 21,962 bps year over year (11.0% to 230.6%). An input changed XBRL tag versus the comparison period.",91.65358356009209,91.65358356009209,0.0,0.0,0.0,0.14084507042253522,False,False,0.9859154929577465,True,0000950170-23-039814,10-Q,2023-08-08 00:00:00,https://www.sec.gov/Archives/edgar/data/36270/000095017023039814/0000950170-23-039814-index.htm
944,85.10155266899727,RCL,Royal Caribbean Group,Consumer Discretionary,884887,Q,2020,Q3,2020-09-30,Days payables outstanding,dpo,124.48875032808505,30.300643761883578,YoY delta + Trend,2,"Days payables outstanding rose 311% year over year (30 days to 124 days), 5.6x its usual yearly move; 20.7 sigma above its rolling median of 32 days.",85.6182143070571,48.375654027262875,72.14146654654388,0.0,0.0,0.10344827586206896,False,False,0.896551724137931,False,0000884887-20-000049,10-Q,2020-11-04 00:00:00,https://www.sec.gov/Archives/edgar/data/884887/000088488720000049/0000884887-20-000049-index.htm
945,85.09359884072111,ECL,Ecolab,Materials,31462,Q,2011,Q4,2011-12-31,Days sales outstanding,dso,103.6124884842573,57.89495398286258,YoY delta + Trend,2,Days sales outstanding rose 79% year over year (58 days to 104 days); 24.5 sigma above its rolling median of 60 days.,85.09359884072111,39.47015530928871,75.37346868235667,0.0,0.0,0.05,False,False,1.0,False,0001104659-12-014104,10-K,2012-02-28 00:00:00,https://www.sec.gov/Archives/edgar/data/31462/000110465912014104/0001104659-12-014104-index.htm
946,85.08981946347043,ILMN,"Illumina, Inc.",Health Care,1110803,A,2022,FY,2023-01-01,EBITDA margin,ebitda_margin,-0.8256980802792321,0.02828104286345559,YoY delta + Trend,2,"EBITDA margin fell 8,540 bps year over year (2.8% to -82.6%), 8.9x its usual yearly move; 32.3 sigma below its rolling median of 31.1%.",91.98899401456262,59.63257966931674,80.15477352822515,0.0,0.0,0.14285714285714285,False,False,0.015873015873015872,False,0001110803-23-000023,10-K,2023-02-17 00:00:00,https://www.sec.gov/Archives/edgar/data/1110803/000111080323000023/0001110803-23-000023-index.htm
947,85.08912644193931,BALL,Ball Corporation,Materials,9389,A,2024,FY,2024-12-31,Net margin,net_margin,0.34031369224247565,0.05068073276783805,YoY delta + Trend,2,"Net margin rose 2,896 bps year over year (5.1% to 34.0%), 29.5x its usual yearly move; 33.7 sigma above its rolling median of 4.7%.",95.07164965579811,74.33482009970737,80.79752270060767,0.0,0.0,0.16,False,False,1.0,False,0001558370-25-001190,10-K,2025-02-20 00:00:00,https://www.sec.gov/Archives/edgar/data/9389/000155837025001190/0001558370-25-001190-index.htm
948,85.08408850046871,LVS,Las Vegas Sands,Consumer Discretionary,1300514,Q,2020,Q3,2020-09-30,Net margin,net_margin,-0.9641638225255973,0.164,YoY delta + Trend,2,"Net margin fell 11,282 bps year over year (16.4% to -96.4%), 9.3x its usual yearly move; 77.1 sigma below its rolling median of 16.9%.",96.32160962317211,60.87646768340411,90.59801056034108,0.0,0.0,0.16666666666666666,False,False,0.047619047619047616,False,0001300514-20-000140,10-Q,2020-10-23 00:00:00,https://www.sec.gov/Archives/edgar/data/1300514/000130051420000140/0001300514-20-000140-index.htm
949,85.08011207907572,GILD,Gilead Sciences,Health Care,882095,Q,2024,Q3,2024-09-30,Debt / EBITDA,debt_to_ebitda,19.390325271059215,2.9028584708343015,YoY delta + Trend,2,"Debt / EBITDA rose 568% year over year (2.90x to 19.39x), 3.3x its usual yearly move; 26.6 sigma above its rolling median of 3.22x. An input changed XBRL tag versus the comparison period.",85.08011207907572,35.52636595237924,76.85893134253247,0.0,0.0,0.038461538461538464,False,False,1.0,True,0000882095-24-000028,10-Q,2024-11-12 00:00:00,https://www.sec.gov/Archives/edgar/data/882095/000088209524000028/0000882095-24-000028-index.htm
950,85.07059470520689,TMUS,T-Mobile US,Communication Services,1283699,Q,2012,Q3,2012-09-30,Asset turnover,asset_turnover,1.9768158447870294,0.5246340875839498,YoY delta + Trend,2,Asset turnover rose 277% year over year (0.52x to 1.98x); 68.8 sigma above its rolling median of 0.53x. An input changed XBRL tag versus the comparison period.,96.3063336285361,64.52590979890378,89.5877065471583,0.0,0.0,0.16666666666666666,False,False,1.0,True,0001283699-13-000127,10-Q,2013-11-07 00:00:00,https://www.sec.gov/Archives/edgar/data/1283699/000128369913000127/0001283699-13-000127-index.htm
951,85.07041189505993,MAS,Masco,Industrials,62996,Q,2019,Q4,2019-12-31,Days payables outstanding,dpo,121.6085086042065,60.877161383285305,YoY delta + Trend,2,"Days payables outstanding rose 100% year over year (61 days to 122 days), 8.2x its usual yearly move; 17.5 sigma above its rolling median of 65 days.",86.75736057286565,57.74314729013831,68.66155764590616,0.0,0.0,0.1111111111111111,False,False,0.9629629629629629,False,0000062996-20-000006,10-K,2020-02-11 00:00:00,https://www.sec.gov/Archives/edgar/data/62996/000006299620000006/0000062996-20-000006-index.htm
952,85.05035694231776,CNP,CenterPoint Energy,Utilities,1130310,Q,2025,Q1,2025-03-31,Days payables outstanding,dpo,95082.5,68711.25,Trend,1,Days payables outstanding of 95082 days is 45.5 sigma above its rolling median of 2701 days. An input changed XBRL tag versus the comparison period.,85.05035694231776,0.0,85.05035694231776,0.0,0.0,0.1,False,False,1.0,True,0001130310-25-000079,10-Q,2025-04-24 00:00:00,https://www.sec.gov/Archives/edgar/data/1130310/000113031025000079/0001130310-25-000079-index.htm
953,85.02799747750636,MCO,Moody's Corporation,Financials,1059556,Q,2017,Q1,2017-03-31,Accruals / assets,accruals,0.6377285565631039,-0.041334987253743294,YoY delta + Trend,2,"Accruals / assets rose 6,791 bps year over year (-4.1% to 63.8%), 5.0x its usual yearly move; 24.8 sigma above its rolling median of -3.8%.",86.71410507621044,45.446234990538194,75.64623647609794,0.0,0.0,0.1111111111111111,False,False,1.0,False,0001193125-17-162995,10-Q,2017-05-09 00:00:00,https://www.sec.gov/Archives/edgar/data/1059556/000119312517162995/0001193125-17-162995-index.htm
954,85.02591330305356,IDXX,Idexx Laboratories,Health Care,874716,A,2018,FY,2018-12-31,Return on assets,roa,0.41331918443592053,0.16082655058451073,YoY delta + Trend,2,"Return on assets rose 2,525 bps year over year (16.1% to 41.3%), 20.2x its usual yearly move; 25.9 sigma above its rolling median of 16.1%.",94.61155799461302,77.13938346098458,76.4291483731827,0.0,0.0,0.15789473684210525,False,False,0.9824561403508771,False,0000874716-19-000004,10-K,2019-02-15 00:00:00,https://www.sec.gov/Archives/edgar/data/874716/000087471619000004/0000874716-19-000004-index.htm
955,84.97792860392377,NOC,Northrop Grumman,Industrials,1133421,Q,2021,Q4,2021-12-31,Net margin,net_margin,0.31369371455029516,0.03231492361927144,YoY delta + Trend,2,"Net margin rose 2,814 bps year over year (3.2% to 31.4%), 4.6x its usual yearly move; 22.1 sigma above its rolling median of 10.7%.",84.97792860392377,43.500795242285484,73.41188878587697,0.0,0.0,0.04938271604938271,False,False,0.9876543209876543,False,0001133421-22-000004,10-K,2022-01-27 00:00:00,https://www.sec.gov/Archives/edgar/data/1133421/000113342122000004/0001133421-22-000004-index.htm
956,84.92748389400178,DVN,Devon Energy,Energy,1090012,Q,2014,Q1,2014-03-31,Operating margin,operating_margin,0.18523489932885906,-0.941683569979716,YoY delta,1,"Operating margin rose 11,269 bps year over year (-94.2% to 18.5%).",84.92748389400178,84.92748389400178,0.0,0.0,0.0,0.1,False,False,0.5,False,0001193125-14-192498,10-Q,2014-05-09 00:00:00,https://www.sec.gov/Archives/edgar/data/1090012/000119312514192498/0001193125-14-192498-index.htm
957,84.92698768311031,ECHO,EchoStar,Communication Services,1415404,Q,2023,Q2,2023-06-30,EBITDA margin,ebitda_margin,0.9159076513598273,0.32536710219580384,YoY delta + Trend,2,"EBITDA margin rose 5,905 bps year over year (32.5% to 91.6%), 6.7x its usual yearly move; 17.0 sigma above its rolling median of 35.2%. An input changed XBRL tag versus the comparison period.",84.92698768311031,52.805942847749115,68.06163058144539,0.0,0.0,0.05555555555555555,False,False,1.0,True,0001415404-23-000015,10-Q,2023-08-08 00:00:00,https://www.sec.gov/Archives/edgar/data/1415404/000141540423000015/0001415404-23-000015-index.htm
958,84.91556812076784,APD,Air Products,Materials,2969,Q,2024,Q4,2024-09-30,EBITDA margin,ebitda_margin,0.8800627450980392,0.34340237520759564,YoY delta + Trend,2,"EBITDA margin rose 5,367 bps year over year (34.3% to 88.0%), 10.9x its usual yearly move; 15.7 sigma above its rolling median of 31.6%. An input changed XBRL tag versus the comparison period.",87.99540737903403,64.4682383170355,66.21447388936673,0.0,0.0,0.12,False,False,1.0,True,0000002969-24-000056,10-K,2024-11-21 00:00:00,https://www.sec.gov/Archives/edgar/data/2969/000000296924000056/0000002969-24-000056-index.htm
959,84.91464449632149,DD,DuPont,Industrials,1666700,Q,2021,Q1,2021-03-31,Net margin,net_margin,1.3566398390342052,-0.11798506033326948,YoY delta + Trend,2,"Net margin rose 14,746 bps year over year (-11.8% to 135.7%), 12.3x its usual yearly move; 26.9 sigma above its rolling median of 2.6%. An input changed XBRL tag versus the comparison period.",92.46603756405244,67.16242193612578,77.05688762644789,0.0,0.0,0.14666666666666667,False,False,1.0,True,0001666700-21-000039,10-Q,2021-05-04 00:00:00,https://www.sec.gov/Archives/edgar/data/1666700/000166670021000039/0001666700-21-000039-index.htm
960,84.90499074644686,TSN,Tyson Foods,Consumer Staples,100493,A,2014,FY,2014-09-27,Debt / EBITDA,debt_to_ebitda,4.193846153846154,1.2904608788853162,Trend,1,Debt / EBITDA of 4.19x is 45.0 sigma above its rolling median of 1.29x.,84.90499074644686,0.0,84.90499074644686,0.0,0.0,0.1,False,False,0.9666666666666667,False,0000100493-14-000220,10-K,2014-11-17 00:00:00,https://www.sec.gov/Archives/edgar/data/100493/000010049314000220/0000100493-14-000220-index.htm
961,84.90149382189405,ISRG,Intuitive Surgical,Health Care,1035267,Q,2014,Q1,2014-03-31,Return on assets,roa,0.04351402787156977,0.1821820373719108,YoY delta + Trend,2,"Return on assets fell 1,387 bps year over year (18.2% to 4.4%), 6.2x its usual yearly move; 22.0 sigma below its rolling median of 18.0%.",86.91026890507744,50.85041615831472,73.36756474462607,0.0,0.0,0.11320754716981132,False,False,0.24528301886792453,False,0001035267-14-000053,10-Q,2014-04-25 00:00:00,https://www.sec.gov/Archives/edgar/data/1035267/000103526714000053/0001035267-14-000053-index.htm
962,84.90124866309262,TSLA,"Tesla, Inc.",Consumer Discretionary,1318605,Q,2021,Q4,2021-12-31,Interest coverage,interest_coverage,36.80281690140845,2.33739837398374,YoY delta + Trend,2,"Interest coverage rose 1,475% year over year (2.34x to 36.80x); 13.1 sigma above its rolling median of 2.22x.",85.97594801325835,62.95766039980242,62.140479953196994,0.0,0.0,0.10714285714285714,False,False,0.9285714285714286,False,0000950170-22-000796,10-K,2022-02-07 00:00:00,https://www.sec.gov/Archives/edgar/data/1318605/000095017022000796/0000950170-22-000796-index.htm
963,84.8949917816258,TPR,"Tapestry, Inc.",Consumer Discretionary,1116132,A,2026,FY,2026-06-27,Return on equity,roe,1.9713529905155172,0.09758436093429568,YoY delta + Trend,2,"Return on equity rose 18,738 bps year over year (9.8% to 197.1%), 9.6x its usual yearly move; 12.4 sigma above its rolling median of 24.6%.",84.8949917816258,61.53193268685881,60.73364410170372,0.0,0.0,0.08333333333333333,False,False,1.0,False,0001116132-26-000018,10-K,2026-08-13 00:00:00,https://www.sec.gov/Archives/edgar/data/1116132/000111613226000018/0001116132-26-000018-index.htm
964,84.89297604521855,MMM,3M,Industrials,66740,A,2023,FY,2023-12-31,EBITDA margin,ebitda_margin,-0.21850616566200545,0.24452949253556924,YoY delta + Trend,2,"EBITDA margin fell 4,630 bps year over year (24.5% to -21.9%), 21.8x its usual yearly move; 23.2 sigma below its rolling median of 27.1%.",94.46363366671463,78.43517476057622,74.32686668304619,0.0,0.0,0.15789473684210525,False,False,0.013157894736842105,False,0000066740-24-000016,10-K,2024-02-07 00:00:00,https://www.sec.gov/Archives/edgar/data/66740/000006674024000016/0000066740-24-000016-index.htm
965,84.85282316037069,NOC,Northrop Grumman,Industrials,1133421,Q,2021,Q4,2021-12-31,Return on equity,roe,0.8906051020827342,0.12543951344673573,YoY delta + Trend,2,"Return on equity rose 7,652 bps year over year (12.5% to 89.1%), 4.7x its usual yearly move; 21.7 sigma above its rolling median of 38.6%.",84.85282316037069,43.84243661902761,73.02736100412513,0.0,0.0,0.09090909090909091,False,False,0.987012987012987,False,0001133421-22-000004,10-K,2022-01-27 00:00:00,https://www.sec.gov/Archives/edgar/data/1133421/000113342122000004/0001133421-22-000004-index.htm
966,84.83704430271357,CNP,CenterPoint Energy,Utilities,1130310,Q,2020,Q1,2020-03-31,Net margin,net_margin,-0.5532994923857868,0.047861795525346924,YoY delta + Trend,2,"Net margin fell 6,012 bps year over year (4.8% to -55.3%), 3.3x its usual yearly move; 26.2 sigma below its rolling median of 6.6%.",84.83704430271357,35.243616404722026,76.58461628732442,0.0,0.0,0.06451612903225806,False,False,0.03225806451612903,False,0001130310-20-000044,10-Q,2020-05-07 00:00:00,https://www.sec.gov/Archives/edgar/data/1130310/000113031020000044/0001130310-20-000044-index.htm
967,84.83660453724247,CNP,CenterPoint Energy,Utilities,1130310,Q,2020,Q1,2020-03-31,Gross margin,gross_margin,0.970466082141209,0.6457094307561597,YoY delta + Trend,2,"Gross margin rose 3,248 bps year over year (64.6% to 97.0%); 6.2 sigma above its rolling median of 64.1%.",84.83660453724247,73.01895325762993,43.799825086305965,0.0,0.0,0.09090909090909091,False,False,0.9090909090909091,False,0001130310-20-000044,10-Q,2020-05-07 00:00:00,https://www.sec.gov/Archives/edgar/data/1130310/000113031020000044/0001130310-20-000044-index.htm
968,84.83481300720078,MRNA,Moderna,Health Care,1682852,Q,2021,Q1,2021-03-31,Return on assets,roa,0.4876502377594448,-0.2717664903910704,YoY delta + Trend,2,"Return on assets rose 7,594 bps year over year (-27.2% to 48.8%); 19.6 sigma above its rolling median of -27.9%.",96.03941095154804,86.35459206554215,70.97493114551344,0.0,0.0,0.16666666666666666,False,False,0.9814814814814815,False,0001682852-21-000017,10-Q,2021-05-06 00:00:00,https://www.sec.gov/Archives/edgar/data/1682852/000168285221000017/0001682852-21-000017-index.htm
969,84.81424023072151,ADBE,Adobe Inc.,Information Technology,796343,A,2013,FY,2013-11-29,Operating margin,operating_margin,0.1042411793136781,0.26800126348957926,YoY delta + Trend,2,"Operating margin fell 1,638 bps year over year (26.8% to 10.4%), 5.3x its usual yearly move; 20.0 sigma below its rolling median of 26.5%.",84.81424023072151,46.921688342462026,71.38989674868104,0.0,0.0,0.06451612903225806,False,False,0.3709677419354839,False,0000796343-14-000004,10-K,2014-01-21 00:00:00,https://www.sec.gov/Archives/edgar/data/796343/000079634314000004/0000796343-14-000004-index.htm
970,84.81122377109276,STLD,Steel Dynamics,Materials,1022671,Q,2015,Q4,2015-12-31,EBITDA margin,ebitda_margin,-0.19349157723912444,7.905945469635011e-05,YoY delta + Trend,2,"EBITDA margin fell 1,936 bps year over year (0.0% to -19.3%), 4.1x its usual yearly move; 23.3 sigma below its rolling median of 8.7%.",84.81122377109276,40.618577885568065,74.42166979491084,0.0,0.0,0.05263157894736842,False,False,0.10526315789473684,False,0001047469-16-010496,10-K,2016-02-26 00:00:00,https://www.sec.gov/Archives/edgar/data/1022671/000104746916010496/0001047469-16-010496-index.htm
971,84.80354226307428,NCLH,Norwegian Cruise Line Holdings,Consumer Discretionary,1513761,Q,2022,Q4,2022-12-31,Gross margin,gross_margin,0.19726435345517068,-0.4723933554490119,YoY delta,1,"Gross margin rose 6,697 bps year over year (-47.2% to 19.7%).",84.80354226307428,84.80354226307428,0.0,0.0,0.0,0.05714285714285714,False,False,0.17142857142857143,False,0001558370-23-002361,10-K,2023-02-28 00:00:00,https://www.sec.gov/Archives/edgar/data/1513761/000155837023002361/0001558370-23-002361-index.htm
972,84.79346790103874,PM,Philip Morris International,Consumer Staples,1413329,A,2023,FY,2023-12-31,Asset turnover,asset_turnover,0.553986691341497,1.5668294956832507,YoY delta + Trend,2,"Asset turnover fell 65% year over year (1.57x to 0.55x), 13.4x its usual yearly move; 8.3 sigma below its rolling median of 1.92x. An input changed XBRL tag versus the comparison period.",84.79346790103874,69.0536724396172,50.86159393456262,0.0,0.0,0.08823529411764706,False,False,0.2647058823529412,True,0001413329-24-000013,10-K,2024-02-08 00:00:00,https://www.sec.gov/Archives/edgar/data/1413329/000141332924000013/0001413329-24-000013-index.htm
973,84.79340924220531,WDC,Western Digital,Information Technology,106040,Q,2013,Q4,2013-06-29,Cash conversion (CFO / EBITDA),cash_conversion,8.444444444444445,0.984306887532694,YoY delta + Trend,2,"Cash conversion (CFO / EBITDA) rose 408% year over year (0.98x to 8.44x), 4.1x its usual yearly move; 23.3 sigma above its rolling median of 1.02x.",84.79340924220531,40.503603609217926,74.44115664095806,0.0,0.0,0.09433962264150944,False,False,0.9811320754716981,False,0001193125-13-338607,10-K,2013-08-19 00:00:00,https://www.sec.gov/Archives/edgar/data/106040/000119312513338607/0001193125-13-338607-index.htm
974,84.79270085987545,CLX,Clorox,Consumer Staples,21076,Q,2017,Q1,2016-09-30,Days payables outstanding,dpo,99.31818181818181,49.97875816993464,YoY delta + Trend,2,"Days payables outstanding rose 99% year over year (50 days to 99 days), 9.3x its usual yearly move; 26.3 sigma above its rolling median of 45 days. An input changed XBRL tag versus the comparison period.",90.82136010845386,60.61075557787912,76.69759847845303,0.0,0.0,0.13793103448275862,False,False,0.8620689655172413,True,0001206774-16-007477,10-Q,2016-11-02 00:00:00,https://www.sec.gov/Archives/edgar/data/21076/000120677416007477/0001206774-16-007477-index.htm
975,84.78222370465932,NOC,Northrop Grumman,Industrials,1133421,Q,2021,Q1,2021-03-31,EBITDA margin,ebitda_margin,0.3402861199082669,0.14280742459396753,YoY delta + Trend,2,"EBITDA margin rose 1,975 bps year over year (14.3% to 34.0%), 3.5x its usual yearly move; 26.2 sigma above its rolling median of 14.4%.",85.22086048657552,36.903800875391234,76.57681489777673,0.0,0.0,0.10294117647058823,False,False,0.8970588235294118,False,0001133421-21-000029,10-Q,2021-04-29 00:00:00,https://www.sec.gov/Archives/edgar/data/1133421/000113342121000029/0001133421-21-000029-index.htm
976,84.77437711976089,VRTX,Vertex Pharmaceuticals,Health Care,875320,Q,2011,Q3,2011-09-30,Return on equity,roe,1.9935287627449676,-1.1316144868338127,YoY delta,1,"Return on equity rose 31,251 bps year over year (-113.2% to 199.4%). An input changed XBRL tag versus the comparison period.",88.65294339321399,88.65294339321399,0.0,0.0,0.0,0.125,False,False,1.0,True,0001047469-11-009007,10-Q,2011-11-03 00:00:00,https://www.sec.gov/Archives/edgar/data/875320/000104746911009007/0001047469-11-009007-index.htm
977,84.7678744393828,TGT,Target Corporation,Consumer Staples,27419,Q,2014,Q4,2015-01-31,Return on assets,roa,-0.24036874751038526,0.045751490222818554,YoY delta + Trend,2,"Return on assets fell 2,861 bps year over year (4.6% to -24.0%), 19.5x its usual yearly move; 17.4 sigma below its rolling median of 4.9%.",92.56754741611063,76.43304979488569,68.46239110618377,0.0,0.0,0.14814814814814814,False,False,0.037037037037037035,False,0000027419-15-000012,10-K,2015-03-13 00:00:00,https://www.sec.gov/Archives/edgar/data/27419/000002741915000012/0000027419-15-000012-index.htm
978,84.76686078868138,PNR,Pentair,Industrials,77360,Q,2011,Q4,2011-12-31,EBITDA margin,ebitda_margin,-0.11878243070283658,0.12530078608968798,YoY delta + Trend,2,"EBITDA margin fell 2,441 bps year over year (12.5% to -11.9%); 15.7 sigma below its rolling median of 12.5%.",84.76686078868138,54.96339594985416,66.17609268594646,0.0,0.0,0.09090909090909091,False,False,0.030303030303030304,False,0001193125-12-070520,10-K,2012-02-21 00:00:00,https://www.sec.gov/Archives/edgar/data/77360/000119312512070520/0001193125-12-070520-index.htm
979,84.76545579205927,PANW,Palo Alto Networks,Information Technology,1327567,Q,2023,Q4,2023-07-31,Cash conversion (CFO / EBITDA),cash_conversion,1.2828376703841389,5.0,YoY delta + Trend,2,Cash conversion (CFO / EBITDA) fell 74% year over year (5.00x to 1.28x); 14.9 sigma below its rolling median of 5.00x.,84.76545579205927,56.45081887274687,65.01761040368464,0.0,0.0,0.07352941176470588,False,False,0.6617647058823529,False,0001327567-23-000024,10-K,2023-09-01 00:00:00,https://www.sec.gov/Archives/edgar/data/1327567/000132756723000024/0001327567-23-000024-index.htm
980,84.75449481797614,ABNB,Airbnb,Consumer Discretionary,1559720,Q,2023,Q3,2023-09-30,Return on assets,roa,0.8208881694700542,0.2764794660794731,YoY delta + Trend,2,"Return on assets rose 5,444 bps year over year (27.6% to 82.1%); 9.3 sigma above its rolling median of 2.6%.",91.62648088429852,81.93882780468991,53.63800851267109,0.0,0.0,0.14285714285714285,False,False,1.0,False,0001559720-23-000020,10-Q,2023-11-01 00:00:00,https://www.sec.gov/Archives/edgar/data/1559720/000155972023000020/0001559720-23-000020-index.htm
981,84.74531185586382,IVZ,Invesco,Financials,914208,Q,2023,Q4,2023-12-31,Return on assets,roa,-0.10174538638540366,0.025452025878936857,YoY delta + Trend,2,"Return on assets fell 1,272 bps year over year (2.5% to -10.2%), 8.3x its usual yearly move; 14.0 sigma below its rolling median of 2.4%.",84.74531185586382,58.071047132565205,63.617769820376004,0.0,0.0,0.06578947368421052,False,False,0.013157894736842105,False,0000914208-24-000219,10-K,2024-02-21 00:00:00,https://www.sec.gov/Archives/edgar/data/914208/000091420824000219/0000914208-24-000219-index.htm
982,84.73862432900629,MDLZ,Mondelez International,Consumer Staples,1103982,Q,2015,Q3,2015-09-30,Interest coverage,interest_coverage,56.1294964028777,4.537234042553192,YoY delta + Trend,2,"Interest coverage rose 1,002% year over year (4.54x to 56.13x), 5.0x its usual yearly move; 38.1 sigma above its rolling median of 4.17x.",90.49755996301641,45.23266266591846,82.64943942952976,0.0,0.0,0.13636363636363635,False,False,0.9545454545454546,False,0001193125-15-357422,10-Q,2015-10-29 00:00:00,https://www.sec.gov/Archives/edgar/data/1103982/000119312515357422/0001193125-15-357422-index.htm
983,84.73808527683643,IFF,International Flavors & Fragrances,Materials,51253,Q,2022,Q3,2022-09-30,Return on equity,roe,-0.47314722588634345,0.035936740222752214,YoY delta + Trend,2,"Return on equity fell 5,091 bps year over year (3.6% to -47.3%), 5.8x its usual yearly move; 18.6 sigma below its rolling median of 4.5%.",84.73808527683643,49.279538571178556,69.90974787447198,0.0,0.0,0.08695652173913043,False,False,0.043478260869565216,False,0000051253-22-000030,10-Q,2022-11-07 00:00:00,https://www.sec.gov/Archives/edgar/data/51253/000005125322000030/0000051253-22-000030-index.htm
984,84.73780916141746,MA,Mastercard,Financials,1141391,A,2018,FY,2018-12-31,Asset turnover,asset_turnover,0.9452900041135335,0.6247875212478752,YoY delta + Trend,2,"Asset turnover rose 51% year over year (0.62x to 0.95x), 10.5x its usual yearly move; 16.5 sigma above its rolling median of 0.63x. An input changed XBRL tag versus the comparison period.",84.73780916141746,53.17423574478662,67.4064244730756,0.0,0.0,0.08571428571428572,False,False,0.9571428571428572,True,0001141391-19-000013,10-K,2019-02-13 00:00:00,https://www.sec.gov/Archives/edgar/data/1141391/000114139119000013/0001141391-19-000013-index.htm
985,84.73779438017827,LDOS,Leidos,Industrials,1336920,Q,2015,Q2,2014-08-01,EBITDA margin,ebitda_margin,-0.30245022970903523,0.041632983023443815,YoY delta + Trend,2,"EBITDA margin fell 3,441 bps year over year (4.2% to -30.2%), 6.0x its usual yearly move; 18.2 sigma below its rolling median of 6.9%.",84.73779438017827,50.03363723238369,69.45503980186983,0.0,0.0,0.046875,False,False,0.015625,False,0001336920-14-000022,10-Q,2014-09-09 00:00:00,https://www.sec.gov/Archives/edgar/data/1336920/000133692014000022/0001336920-14-000022-index.htm
986,84.73402814834225,TMO,Thermo Fisher Scientific,Health Care,97745,Q,2012,Q1,2012-03-31,Trade working capital % of revenue,nwc_pct,0.21172951004741478,0.08714264716689939,YoY delta + Trend,2,"Trade working capital % of revenue rose 1,246 bps year over year (8.7% to 21.2%), 10.6x its usual yearly move; 15.3 sigma above its rolling median of 9.1%.",84.73402814834225,55.47379810314108,65.71463273013931,0.0,0.0,0.06818181818181818,False,False,0.6590909090909091,False,0000097745-12-000016,10-Q,2012-05-04 00:00:00,https://www.sec.gov/Archives/edgar/data/97745/000009774512000016/0000097745-12-000016-index.htm
987,84.72746265864231,FITB,Fifth Third Bancorp,Financials,35527,Q,2019,Q2,2019-06-30,Net margin,net_margin,3.167832167832168,4.2773722627737225,YoY delta,1,"Net margin fell 11,095 bps year over year (427.7% to 316.8%).",84.72746265864231,84.72746265864231,0.0,0.0,0.0,0.07462686567164178,False,False,1.0,False,0001193125-19-216480,10-Q,2019-08-08 00:00:00,https://www.sec.gov/Archives/edgar/data/35527/000119312519216480/0001193125-19-216480-index.htm
988,84.72616735217977,KDP,Keurig Dr Pepper,Consumer Staples,1418135,Q,2019,Q1,2019-03-31,Trade working capital % of revenue,nwc_pct,-0.08775958466453675,0.08877038895859474,YoY delta + Trend,2,"Trade working capital % of revenue fell 1,765 bps year over year (8.9% to -8.8%), 4.6x its usual yearly move; 21.5 sigma below its rolling median of 7.8%. An input changed XBRL tag versus the comparison period.",84.72616735217977,43.58237797116505,72.92719526531303,0.0,0.0,0.03571428571428571,False,False,0.10714285714285714,True,0001418135-19-000037,10-Q,2019-05-09 00:00:00,https://www.sec.gov/Archives/edgar/data/1418135/000141813519000037/0001418135-19-000037-index.htm
989,84.7237588472018,MPWR,Monolithic Power Systems,Information Technology,1280452,A,2024,FY,2024-12-31,Return on assets,roa,0.5905031025621958,0.19022985205769202,YoY delta + Trend,2,"Return on assets rose 4,003 bps year over year (19.0% to 59.1%), 11.7x its usual yearly move; 9.7 sigma above its rolling median of 14.9%.",84.7237588472018,66.11816207259169,54.91318627540959,0.0,0.0,0.0958904109589041,False,False,1.0,False,0001437749-25-005903,10-K,2025-03-03 00:00:00,https://www.sec.gov/Archives/edgar/data/1280452/000143774925005903/0001437749-25-005903-index.htm
990,84.70803107743782,PNR,Pentair,Industrials,77360,Q,2015,Q4,2015-12-31,Net margin,net_margin,-0.25745442153688874,0.06701803051317615,YoY delta + Trend,2,"Net margin fell 3,245 bps year over year (6.7% to -25.7%), 3.3x its usual yearly move; 25.7 sigma below its rolling median of 7.6%.",84.70803107743782,35.61992401510825,76.24735807060745,0.0,0.0,0.09859154929577464,False,False,0.014084507042253521,False,0000077360-16-000058,10-K,2016-02-26 00:00:00,https://www.sec.gov/Archives/edgar/data/77360/000007736016000058/0000077360-16-000058-index.htm
991,84.70686954666125,BMY,Bristol Myers Squibb,Health Care,14272,Q,2019,Q2,2019-06-30,Current ratio,current_ratio,3.8838430645659563,1.404535331038672,YoY delta + Trend,2,"Current ratio rose 177% year over year (1.40x to 3.88x), 4.5x its usual yearly move; 43.4 sigma above its rolling median of 1.56x.",91.14283273543542,43.04810917511873,84.44798383990607,0.0,0.0,0.14035087719298245,False,False,0.8596491228070176,False,0000014272-19-000160,10-Q,2019-07-25 00:00:00,https://www.sec.gov/Archives/edgar/data/14272/000001427219000160/0000014272-19-000160-index.htm
992,84.70347591544754,VICI,Vici Properties,Real Estate,1705696,Q,2020,Q1,2020-03-31,Net margin,net_margin,-0.09416433661044467,0.7048952813525107,YoY delta + Trend,2,"Net margin fell 7,991 bps year over year (70.5% to -9.4%); 6.9 sigma below its rolling median of 62.9%. Reverses the prior year's flagged move.",89.23730682680964,79.981174656244,46.23713935069971,0.0,0.0,0.12903225806451613,False,True,0.06451612903225806,False,0001705696-20-000106,10-Q,2020-04-30 00:00:00,https://www.sec.gov/Archives/edgar/data/1705696/000170569620000106/0001705696-20-000106-index.htm
993,84.69800945037078,INCY,Incyte,Health Care,879169,Q,2011,Q4,2011-12-31,Operating margin,operating_margin,-1.5278825850669806,0.4927332013508792,YoY delta,1,"Operating margin fell 20,206 bps year over year (49.3% to -152.8%).",90.99348922838084,90.99348922838084,0.0,0.0,0.0,0.13953488372093023,False,False,0.023255813953488372,False,0001047469-12-001295,10-K,2012-02-22 00:00:00,https://www.sec.gov/Archives/edgar/data/879169/000104746912001295/0001047469-12-001295-index.htm
994,84.69267232558387,MRNA,Moderna,Health Care,1682852,Q,2021,Q2,2021-06-30,Return on assets,roa,0.7709640517211496,-0.16812750481809194,YoY delta + Trend,2,"Return on assets rose 9,391 bps year over year (-16.8% to 77.1%); 22.0 sigma above its rolling median of -27.7%.",96.9827244794445,88.66953482358787,73.37024143689268,0.0,0.0,0.1724137931034483,False,False,1.0,False,0001682852-21-000022,10-Q,2021-08-05 00:00:00,https://www.sec.gov/Archives/edgar/data/1682852/000168285221000022/0001682852-21-000022-index.htm
995,84.67712555923605,BA,Boeing,Industrials,12927,A,2019,FY,2019-12-31,Cash conversion (CFO / EBITDA),cash_conversion,-8.263513513513514,1.0865896035742146,Trend,1,Cash conversion (CFO / EBITDA) of -8.26x is 51.7 sigma below its rolling median of 0.99x.,86.59814065114526,0.0,86.59814065114526,0.0,0.0,0.11267605633802817,False,False,0.014084507042253521,False,0000012927-20-000014,10-K,2020-01-31 00:00:00,https://www.sec.gov/Archives/edgar/data/12927/000001292720000014/0000012927-20-000014-index.htm
996,84.6747228308683,WAB,Wabtec,Industrials,943452,A,2016,FY,2016-12-31,Asset turnover,asset_turnover,0.5932766494628823,1.0017897766504102,YoY delta + Trend,2,"Asset turnover fell 41% year over year (1.00x to 0.59x), 8.6x its usual yearly move; 13.4 sigma below its rolling median of 0.99x. An input changed XBRL tag versus the comparison period.",84.6747228308683,58.96088414647136,62.656902200747595,0.0,0.0,0.07894736842105263,False,False,0.23684210526315788,True,0001628280-19-002095,10-K,2019-02-27 00:00:00,https://www.sec.gov/Archives/edgar/data/943452/000162828019002095/0001628280-19-002095-index.htm
997,84.67058486292609,ERIE,Erie Indemnity,Financials,922621,Q,2015,Q4,2015-12-31,Accruals / assets,accruals,0.19495862576819858,-0.04618519357029658,YoY delta + Trend,2,"Accruals / assets rose 2,411 bps year over year (-4.6% to 19.5%), 9.3x its usual yearly move; 12.4 sigma above its rolling median of -4.2%.",84.67058486292609,60.82687121217058,60.867524215128384,0.0,0.0,0.02857142857142857,False,False,1.0,False,0000922621-16-000067,10-K,2016-02-25 00:00:00,https://www.sec.gov/Archives/edgar/data/922621/000092262116000067/0000922621-16-000067-index.htm
998,84.66319549856975,RDDT,Reddit,Communication Services,1713445,Q,2025,Q1,2025-03-31,Accruals / assets,accruals,-0.16996748169470585,-1.3445603334991527,YoY delta,1,"Accruals / assets rose 11,746 bps year over year (-134.5% to -17.0%).",85.45023715659097,85.45023715659097,0.0,0.0,0.0,0.10526315789473684,False,False,0.2631578947368421,False,0001713445-25-000102,10-Q,2025-05-02 00:00:00,https://www.sec.gov/Archives/edgar/data/1713445/000171344525000102/0001713445-25-000102-index.htm
999,84.65238121308968,TT,Trane Technologies,Industrials,1466258,Q,2013,Q4,2013-12-31,Asset turnover,asset_turnover,0.3395517197170766,0.7472196203826319,YoY delta + Trend,2,"Asset turnover fell 55% year over year (0.75x to 0.34x), 13.0x its usual yearly move; 8.5 sigma below its rolling median of 0.76x.",84.65238121308968,68.35743492386617,51.496919576579636,0.0,0.0,0.05714285714285714,False,False,0.02857142857142857,False,0001466258-14-000009,10-K,2014-02-14 00:00:00,https://www.sec.gov/Archives/edgar/data/1466258/000146625814000009/0001466258-14-000009-index.htm
1000,84.64885427821429,UAL,United Airlines Holdings,Industrials,100517,Q,2020,Q3,2020-09-30,Net margin,net_margin,-0.7396544797107272,0.08998242530755712,YoY delta + Trend,2,"Net margin fell 8,296 bps year over year (9.0% to -74.0%), 3.9x its usual yearly move; 23.6 sigma below its rolling median of 6.0%.",84.64885427821429,39.39928106380985,74.66837689178276,0.0,0.0,0.06493506493506493,False,False,0.025974025974025976,False,0000100517-20-000056,10-Q,2020-10-15 00:00:00,https://www.sec.gov/Archives/edgar/data/100517/000010051720000056/0000100517-20-000056-index.htm
