rank,severity,ticker,name,sector,cik,freq,fiscal_year,fiscal_period,period_end,metric,ratio,value,prev_value,checks,n_checks,reason,severity_raw,yoy_severity,trend_severity,benford_severity,beneish_severity,sector_share,systemic,rebound,peer_pctile,tag_switch,accession,form,filed,edgar_url
1,99.63250986205972,LYV,Live Nation Entertainment,Communication Services,1335258,Q,2020,Q2,2020-06-30,Days sales outstanding,dso,761.9111414070514,31.70051225701289,YoY delta + Trend,2,"Days sales outstanding rose 2,303% year over year (32 days to 762 days), 31.3x its usual yearly move; 341.9 sigma above its rolling median of 30 days.",99.63250986205972,83.92829495434378,97.71343403269081,0.0,0.0,0.06666666666666667,False,False,1.0,False,0001335258-20-000150,10-Q,2020-08-05 00:00:00,https://www.sec.gov/Archives/edgar/data/1335258/000133525820000150/0001335258-20-000150-index.htm
2,99.5577747209354,KHC,Kraft Heinz,Consumer Staples,1637459,Q,2018,Q4,2018-12-29,SG&A % of revenue,sga_pct,2.3729502249310697,0.11313072560709611,YoY delta + Trend,2,"SG&A % of revenue rose 22,598 bps year over year (11.3% to 237.3%), 62.0x its usual yearly move; 151.7 sigma above its rolling median of 12.8%. An input changed XBRL tag versus the comparison period.",99.5577747209354,91.17119534153932,94.99110812650251,0.0,0.0,0.045454545454545456,False,False,1.0,True,0001637459-19-000049,10-K,2019-06-07 00:00:00,https://www.sec.gov/Archives/edgar/data/1637459/000163745919000049/0001637459-19-000049-index.htm
3,99.48979607127346,SNPS,Synopsys,Information Technology,883241,Q,2026,Q1,2026-01-31,Debt / EBITDA,debt_to_ebitda,5.206093552229337,0.009263632425319293,YoY delta + Trend,2,"Debt / EBITDA rose 56,099% year over year (0.01x to 5.21x), 3.2x its usual yearly move; 1010.4 sigma above its rolling median of 0.01x.",99.48979607127346,35.049511044695336,99.21447253603027,0.0,0.0,0.09433962264150944,False,False,0.9433962264150944,False,0000883241-26-000014,10-Q,2026-02-25 00:00:00,https://www.sec.gov/Archives/edgar/data/883241/000088324126000014/0000883241-26-000014-index.htm
4,99.40193598906875,J,Jacobs Solutions,Industrials,52988,Q,2012,Q3,2012-06-29,Debt / EBITDA,debt_to_ebitda,0.804985552208313,0.004468315909024724,YoY delta + Trend,2,"Debt / EBITDA rose 17,915% year over year (0.00x to 0.80x); 310.3 sigma above its rolling median of 0.00x.",99.40193598906875,76.2039582895465,97.48670800711983,0.0,0.0,0.08,False,False,0.14,False,0000052988-12-000065,10-Q,2012-08-02 00:00:00,https://www.sec.gov/Archives/edgar/data/52988/000005298812000065/0000052988-12-000065-index.htm
5,99.3495607914599,KHC,Kraft Heinz,Consumer Staples,1637459,Q,2018,Q4,2018-12-29,Operating margin,operating_margin,-2.0513713539399214,0.21942707575977896,YoY delta + Trend,2,"Operating margin fell 22,708 bps year over year (21.9% to -205.1%), 36.4x its usual yearly move; 166.0 sigma below its rolling median of 22.8%. An input changed XBRL tag versus the comparison period.",99.3495607914599,85.8493080463601,95.40348125257016,0.0,0.0,0.07692307692307693,False,False,0.038461538461538464,True,0001637459-19-000049,10-K,2019-06-07 00:00:00,https://www.sec.gov/Archives/edgar/data/1637459/000163745919000049/0001637459-19-000049-index.htm
6,99.1297507170662,SNPS,Synopsys,Information Technology,883241,Q,2026,Q2,2026-04-30,Debt / EBITDA,debt_to_ebitda,4.822887948164811,6.412732127646678,Trend,1,Debt / EBITDA of 4.82x is 911.3 sigma above its rolling median of 0.01x.,99.1297507170662,0.0,99.1297507170662,0.0,0.0,0.09090909090909091,False,False,1.0,False,0000883241-26-000018,10-Q,2026-05-27 00:00:00,https://www.sec.gov/Archives/edgar/data/883241/000088324126000018/0000883241-26-000018-index.htm
7,99.09567346537698,WELL,Welltower,Real Estate,766704,Q,2025,Q4,2025-12-31,SG&A % of revenue,sga_pct,0.4895858580809686,0.02163957295753122,YoY delta + Trend,2,"SG&A % of revenue rose 4,679 bps year over year (2.2% to 49.0%), 46.9x its usual yearly move; 92.5 sigma above its rolling median of 2.7%.",99.09567346537698,88.63520746509816,92.04273609178705,0.0,0.0,0.06896551724137931,False,False,1.0,False,0000766704-26-000010,10-K,2026-02-12 00:00:00,https://www.sec.gov/Archives/edgar/data/766704/000076670426000010/0000766704-26-000010-index.htm
8,99.08840721350522,KHC,Kraft Heinz,Consumer Staples,1637459,Q,2018,Q4,2018-12-29,EBITDA margin,ebitda_margin,-2.015527499637208,0.2551984877126654,YoY delta + Trend,2,"EBITDA margin fell 22,707 bps year over year (25.5% to -201.6%), 34.4x its usual yearly move; 122.4 sigma below its rolling median of 27.3%. An input changed XBRL tag versus the comparison period.",99.08840721350522,85.13879063847301,93.865958251993,0.0,0.0,0.03571428571428571,False,False,0.03571428571428571,True,0001637459-19-000049,10-K,2019-06-07 00:00:00,https://www.sec.gov/Archives/edgar/data/1637459/000163745919000049/0001637459-19-000049-index.htm
9,99.06649897806007,REGN,Regeneron Pharmaceuticals,Health Care,872589,Q,2012,Q2,2012-06-30,Days sales outstanding,dso,104.81343976162866,2.472323995918746,YoY delta + Trend,2,"Days sales outstanding rose 4,139% year over year (2 days to 105 days); 156.9 sigma above its rolling median of 3 days.",99.06649897806007,80.7618185973808,95.1476649356636,0.0,0.0,0.08888888888888889,False,False,0.9777777777777777,False,0001206774-12-003062,10-Q,2012-07-25 00:00:00,https://www.sec.gov/Archives/edgar/data/872589/000120677412003062/0001206774-12-003062-index.htm
10,98.98412157085433,MMM,3M,Industrials,66740,Q,2023,Q2,2023-06-30,SG&A % of revenue,sga_pct,1.848639185102658,0.34739140427487936,YoY delta + Trend,2,"SG&A % of revenue rose 15,012 bps year over year (34.7% to 184.9%), 49.2x its usual yearly move; 77.5 sigma above its rolling median of 21.7%.",98.98412157085433,89.13766455101806,90.6476978738408,0.0,0.0,0.03076923076923077,False,False,1.0,False,0000066740-24-000080,10-Q,2024-07-26 00:00:00,https://www.sec.gov/Archives/edgar/data/66740/000006674024000080/0000066740-24-000080-index.htm
11,98.9391239734458,FIS,Fidelity National Information Services,Financials,1136893,Q,2022,Q4,2022-12-31,Return on assets,roa,-0.9811080899749285,0.014141573675290516,YoY delta + Trend,2,"Return on assets fell 9,952 bps year over year (1.4% to -98.1%), 31.7x its usual yearly move; 111.9 sigma below its rolling median of 0.5%.",98.9391239734458,84.0978440193513,93.32872833189933,0.0,0.0,0.05333333333333334,False,False,0.013333333333333334,False,0001136893-24-000015,10-K,2024-02-26 00:00:00,https://www.sec.gov/Archives/edgar/data/1136893/000113689324000015/0001136893-24-000015-index.htm
12,98.93758680997786,FIS,Fidelity National Information Services,Financials,1136893,Q,2022,Q4,2022-12-31,Return on equity,roe,-1.9149229454415129,0.02464743996950832,YoY delta + Trend,2,"Return on equity fell 19,396 bps year over year (2.5% to -191.5%), 27.5x its usual yearly move; 126.8 sigma below its rolling median of 0.9%.",98.93758680997786,82.10083519002347,94.06445383736578,0.0,0.0,0.08955223880597014,False,False,0.014925373134328358,False,0001136893-24-000015,10-K,2024-02-26 00:00:00,https://www.sec.gov/Archives/edgar/data/1136893/000113689324000015/0001136893-24-000015-index.htm
13,98.75949842834578,BALL,Ball Corporation,Materials,9389,Q,2024,Q1,2024-03-31,Net margin,net_margin,1.2825330549756437,0.060382422006038244,YoY delta + Trend,2,"Net margin rose 12,222 bps year over year (6.0% to 128.3%), 27.5x its usual yearly move; 107.5 sigma above its rolling median of 5.9%.",98.75949842834578,82.09401996941818,93.07213808160431,0.0,0.0,0.08,False,False,1.0,False,0001558370-25-006439,10-Q,2025-05-06 00:00:00,https://www.sec.gov/Archives/edgar/data/9389/000155837025006439/0001558370-25-006439-index.htm
14,98.74172793981164,REGN,Regeneron Pharmaceuticals,Health Care,872589,Q,2012,Q3,2012-09-30,Days sales outstanding,dso,108.10413339661949,3.2468541227038012,YoY delta + Trend,2,"Days sales outstanding rose 3,230% year over year (3 days to 108 days); 121.0 sigma above its rolling median of 3 days.",98.74172793981164,79.70491731533471,93.8001136544317,0.0,0.0,0.061224489795918366,False,False,0.9795918367346939,False,0001532176-12-000004,10-Q,2012-10-24 00:00:00,https://www.sec.gov/Archives/edgar/data/872589/000153217612000004/0001532176-12-000004-index.htm
15,98.63947898403941,MRNA,Moderna,Health Care,1682852,Q,2023,Q2,2023-06-30,Net margin,net_margin,-4.011627906976744,0.4626237102547905,YoY delta + Trend,2,"Net margin fell 44,743 bps year over year (46.3% to -401.2%); 17.2 sigma below its rolling median of 46.3%.",98.63947898403941,95.72124018179287,68.20291220434356,0.0,0.0,0.05,False,False,0.016666666666666666,False,0001682852-24-000046,10-Q,2024-08-01 00:00:00,https://www.sec.gov/Archives/edgar/data/1682852/000168285224000046/0001682852-24-000046-index.htm
16,98.54330714074307,REGN,Regeneron Pharmaceuticals,Health Care,872589,Q,2012,Q1,2012-03-31,Days sales outstanding,dso,62.77652304466562,3.0618895048304875,YoY delta + Trend,2,"Days sales outstanding rose 1,950% year over year (3 days to 63 days); 117.3 sigma above its rolling median of 3 days.",98.54330714074307,77.1902347956434,93.61373146016115,0.0,0.0,0.06818181818181818,False,False,0.6363636363636364,False,0001206774-12-001689,10-Q,2012-04-26 00:00:00,https://www.sec.gov/Archives/edgar/data/872589/000120677412001689/0001206774-12-001689-index.htm
17,98.5204968200723,LYV,Live Nation Entertainment,Communication Services,1335258,Q,2020,Q3,2020-09-30,Operating margin,operating_margin,-2.7412590072710277,0.06890905544820393,YoY delta + Trend,2,"Operating margin fell 28,102 bps year over year (6.9% to -274.1%), 75.9x its usual yearly move; 31.6 sigma below its rolling median of -0.4%.",98.5204968200723,92.67588002454582,79.79957749345918,0.0,0.0,0.07142857142857142,False,False,0.07142857142857142,False,0001335258-21-000136,10-Q,2021-11-04 00:00:00,https://www.sec.gov/Archives/edgar/data/1335258/000133525821000136/0001335258-21-000136-index.htm
18,98.4499852425838,PM,Philip Morris International,Consumer Staples,1413329,Q,2023,Q2,2023-06-30,Gross margin,gross_margin,0.6400133824021412,0.25400558577098337,YoY delta + Trend,2,"Gross margin rose 3,860 bps year over year (25.4% to 64.0%), 38.2x its usual yearly move; 62.0 sigma above its rolling median of 25.4%. An input changed XBRL tag versus the comparison period.",98.4499852425838,86.4335538653997,88.57464407378585,0.0,0.0,0.1,False,False,0.9666666666666667,True,0001413329-24-000145,10-Q,2024-07-25 00:00:00,https://www.sec.gov/Archives/edgar/data/1413329/000141332924000145/0001413329-24-000145-index.htm
19,98.42497327039621,ATO,Atmos Energy,Utilities,731802,Q,2012,Q3,2012-06-30,Days payables outstanding,dpo,832.4238507218183,49.84412069858421,YoY delta + Trend,2,"Days payables outstanding rose 1,570% year over year (50 days to 832 days); 114.3 sigma above its rolling median of 45 days.",98.42497327039621,75.92851948235202,93.45687637098575,0.0,0.0,,False,False,,False,0001193125-12-346532,10-Q,2012-08-09 00:00:00,https://www.sec.gov/Archives/edgar/data/731802/000119312512346532/0001193125-12-346532-index.htm
20,97.9905200382253,ECL,Ecolab,Materials,31462,Q,2020,Q2,2020-06-30,Net margin,net_margin,-0.7558178500949473,0.11744659367012716,YoY delta + Trend,2,"Net margin fell 8,733 bps year over year (11.7% to -75.6%), 38.9x its usual yearly move; 45.3 sigma below its rolling median of 10.9%.",97.9905200382253,86.62362617349673,84.97739381510695,0.0,0.0,0.09090909090909091,False,False,0.045454545454545456,False,0001558370-21-010420,10-Q,2021-08-05 00:00:00,https://www.sec.gov/Archives/edgar/data/31462/000155837021010420/0001558370-21-010420-index.htm
21,97.98598040892486,BALL,Ball Corporation,Materials,9389,Q,2024,Q1,2024-03-31,Return on assets,roa,0.7522257085278437,0.03598380728672097,YoY delta + Trend,2,"Return on assets rose 7,162 bps year over year (3.6% to 75.2%), 22.6x its usual yearly move; 75.4 sigma above its rolling median of 3.9%.",97.98598040892486,78.99290571220912,90.41266934168205,0.0,0.0,0.08333333333333333,False,False,1.0,False,0001558370-25-006439,10-Q,2025-05-06 00:00:00,https://www.sec.gov/Archives/edgar/data/9389/000155837025006439/0001558370-25-006439-index.htm
22,97.9056904630707,REGN,Regeneron Pharmaceuticals,Health Care,872589,Q,2012,Q4,2012-12-31,Days sales outstanding,dso,130.55928034597036,20.964712913796888,YoY delta + Trend,2,Days sales outstanding rose 523% year over year (21 days to 131 days); 117.3 sigma above its rolling median of 3 days.,97.9056904630707,67.20359239112882,93.61421055041768,0.0,0.0,0.041666666666666664,False,False,1.0,False,0001532176-14-000008,10-K,2014-02-13 00:00:00,https://www.sec.gov/Archives/edgar/data/872589/000153217614000008/0001532176-14-000008-index.htm
23,97.80902353990967,MDLZ,Mondelez International,Consumer Staples,1103982,Q,2015,Q3,2015-09-30,Operating margin,operating_margin,1.1391444006424296,0.1023149814081804,YoY delta + Trend,2,"Operating margin rose 10,368 bps year over year (10.2% to 113.9%), 10.3x its usual yearly move; 126.4 sigma above its rolling median of 10.1%.",97.80902353990967,63.180007558728015,94.04949236862298,0.0,0.0,0.07692307692307693,False,False,1.0,False,0001193125-16-747755,10-Q,2016-10-26 00:00:00,https://www.sec.gov/Archives/edgar/data/1103982/000119312516747755/0001193125-16-747755-index.htm
24,97.75263683009268,FIS,Fidelity National Information Services,Financials,1136893,Q,2022,Q4,2022-12-31,Accruals / assets,accruals,-1.0455736431371163,-0.039946300897212385,YoY delta + Trend,2,"Accruals / assets fell 10,056 bps year over year (-4.0% to -104.6%), 29.9x its usual yearly move; 51.5 sigma below its rolling median of -4.0%.",97.75263683009268,83.28597438431976,86.55402820611361,0.0,0.0,0.06666666666666667,False,False,0.013333333333333334,False,0001136893-24-000015,10-K,2024-02-26 00:00:00,https://www.sec.gov/Archives/edgar/data/1136893/000113689324000015/0001136893-24-000015-index.htm
25,97.73486040534057,DLTR,Dollar Tree,Consumer Staples,935703,Q,2018,Q4,2019-02-02,EBITDA margin,ebitda_margin,-0.31920002578482565,0.1449863220450901,YoY delta + Trend,2,"EBITDA margin fell 4,642 bps year over year (14.5% to -31.9%), 26.6x its usual yearly move; 57.0 sigma below its rolling median of 10.8%. An input changed XBRL tag versus the comparison period.",97.73486040534057,81.6040814431931,87.6867274245391,0.0,0.0,0.06666666666666667,False,False,0.03333333333333333,True,0000935703-20-000006,10-K,2020-03-20 00:00:00,https://www.sec.gov/Archives/edgar/data/935703/000093570320000006/0000935703-20-000006-index.htm
26,97.72974713837804,MMM,3M,Industrials,66740,A,2023,FY,2023-12-31,Net margin,net_margin,-0.2842340511986997,0.22082489201483124,YoY delta + Trend,2,"Net margin fell 5,051 bps year over year (22.1% to -28.4%), 25.1x its usual yearly move; 59.9 sigma below its rolling median of 16.5%. Reverses the prior year's flagged move.",97.72974713837804,80.71809258224631,88.22599438719615,0.0,0.0,0.07407407407407407,False,True,0.012345679012345678,False,0000066740-26-000014,10-K,2026-02-03 00:00:00,https://www.sec.gov/Archives/edgar/data/66740/000006674026000014/0000066740-26-000014-index.htm
27,97.72096720946176,ECHO,EchoStar,Communication Services,1415404,Q,2025,Q3,2025-09-30,EBITDA margin,ebitda_margin,-4.496243488981694,0.08138481165689708,YoY delta + Trend,2,"EBITDA margin fell 45,776 bps year over year (8.1% to -449.6%), 60.7x its usual yearly move; 202.8 sigma below its rolling median of 10.4%.",99.65877675752473,91.00679068695119,96.2057678121629,0.0,0.0,0.1111111111111111,False,False,0.05555555555555555,False,0001104659-25-107277,10-Q,2025-11-06 00:00:00,https://www.sec.gov/Archives/edgar/data/1415404/000110465925107277/0001104659-25-107277-index.htm
28,97.64948379473373,TTWO,Take-Two Interactive,Communication Services,946581,Q,2014,Q2,2013-09-30,Trade working capital % of revenue,nwc_pct,1.3568913616083427,0.08279503742438224,YoY delta + Trend,2,"Trade working capital % of revenue rose 12,741 bps year over year (8.3% to 135.7%); 38.2 sigma above its rolling median of 4.9%.",97.64948379473373,86.43236559790506,82.67556350941078,0.0,0.0,0.08333333333333333,False,False,1.0,False,0001047469-13-010066,10-Q,2013-10-30 00:00:00,https://www.sec.gov/Archives/edgar/data/946581/000104746913010066/0001047469-13-010066-index.htm
29,97.64611233755696,MMM,3M,Industrials,66740,A,2023,FY,2023-12-31,SG&A % of revenue,sga_pct,0.7800893945550589,0.2764420320324147,YoY delta + Trend,2,"SG&A % of revenue rose 5,036 bps year over year (27.6% to 78.0%), 24.4x its usual yearly move; 59.0 sigma above its rolling median of 21.2%.",97.64611233755696,80.27812267583136,88.0645862269997,0.0,0.0,0.07462686567164178,False,False,1.0,False,0000066740-26-000014,10-K,2026-02-03 00:00:00,https://www.sec.gov/Archives/edgar/data/66740/000006674026000014/0000066740-26-000014-index.htm
30,97.64290440050632,EXE,Expand Energy,Energy,895126,Q,2010,Q1,2010-03-31,Gross margin,gross_margin,0.43316654753395284,-4.537844611528822,YoY delta,1,"Gross margin rose 49,710 bps year over year (-453.8% to 43.3%).",97.64290440050632,97.64290440050632,0.0,0.0,0.0,,False,False,,False,0001193125-12-089591,10-K,2012-02-29 00:00:00,https://www.sec.gov/Archives/edgar/data/895126/000119312512089591/0001193125-12-089591-index.htm
31,97.63995604634766,MMM,3M,Industrials,66740,Q,2023,Q2,2023-06-30,Operating margin,operating_margin,-1.4894158841317842,0.012640772236267524,YoY delta + Trend,2,"Operating margin fell 15,021 bps year over year (1.3% to -148.9%), 25.8x its usual yearly move; 56.0 sigma below its rolling median of 21.0%.",97.63995604634766,81.13411042002149,87.49041785892283,0.0,0.0,0.04225352112676056,False,False,0.014084507042253521,False,0000066740-24-000080,10-Q,2024-07-26 00:00:00,https://www.sec.gov/Archives/edgar/data/66740/000006674024000080/0000066740-24-000080-index.htm
32,97.5803749733032,MMM,3M,Industrials,66740,Q,2023,Q2,2023-06-30,Net margin,net_margin,-1.0888110775107434,0.008963456676626062,YoY delta + Trend,2,"Net margin fell 10,978 bps year over year (0.9% to -108.9%), 19.5x its usual yearly move; 69.9 sigma below its rolling median of 16.2%.",97.5803749733032,76.43809932880582,89.73077316442922,0.0,0.0,0.05,False,False,0.0125,False,0000066740-25-000006,10-K,2025-02-05 00:00:00,https://www.sec.gov/Archives/edgar/data/66740/000006674025000006/0000066740-25-000006-index.htm
33,97.49147252228589,J,Jacobs Solutions,Industrials,52988,Q,2012,Q4,2012-09-28,Debt / EBITDA,debt_to_ebitda,0.8065493775984293,0.003541830720611651,Trend,1,Debt / EBITDA of 0.81x is 310.9 sigma above its rolling median of 0.00x.,97.49147252228589,0.0,97.49147252228589,0.0,0.0,0.09615384615384616,False,False,0.15384615384615385,False,0000052988-13-000140,10-K,2013-11-22 00:00:00,https://www.sec.gov/Archives/edgar/data/52988/000005298813000140/0000052988-13-000140-index.htm
34,97.47142264446548,MPWR,Monolithic Power Systems,Information Technology,1280452,Q,2024,Q4,2024-12-31,Return on equity,roe,2.1865563856178274,0.19406213522919655,YoY delta + Trend,2,"Return on equity rose 19,925 bps year over year (19.4% to 218.7%), 39.6x its usual yearly move; 33.6 sigma above its rolling median of 25.1%.",97.47142264446548,86.83684336417748,80.79049406239538,0.0,0.0,0.07352941176470588,False,False,0.9852941176470589,False,0001437749-26-006113,10-K,2026-02-27 00:00:00,https://www.sec.gov/Archives/edgar/data/1280452/000143774926006113/0001437749-26-006113-index.htm
35,97.39299148375842,LDOS,Leidos,Industrials,1336920,Q,2013,Q1,2012-04-30,Gross margin,gross_margin,-0.5225281602002503,0.11490799849793466,YoY delta + Trend,2,"Gross margin fell 6,374 bps year over year (11.5% to -52.3%); 40.6 sigma below its rolling median of 12.3%.",97.39299148375842,84.15708061703239,83.54464569803774,0.0,0.0,0.03636363636363636,False,False,0.01818181818181818,False,0001336920-14-000007,10-K,2014-03-27 00:00:00,https://www.sec.gov/Archives/edgar/data/1336920/000133692014000007/0001336920-14-000007-index.htm
36,97.38965465456704,SBUX,Starbucks,Consumer Discretionary,829224,Q,2013,Q4,2013-09-29,Debt / EBITDA,debt_to_ebitda,3.9339993944898577,0.21318024902059657,YoY delta + Trend,2,"Debt / EBITDA rose 1,745% year over year (0.21x to 3.93x), 16.8x its usual yearly move; 115.5 sigma above its rolling median of 0.23x.",98.29500336981533,73.67984958692264,93.52208629728223,0.0,0.0,0.10526315789473684,False,False,0.7368421052631579,False,0000829224-14-000041,10-K,2014-11-14 00:00:00,https://www.sec.gov/Archives/edgar/data/829224/000082922414000041/0000829224-14-000041-index.htm
37,97.36731622778629,MCO,Moody's Corporation,Financials,1059556,Q,2016,Q4,2016-12-31,Net margin,net_margin,-0.45494108905636343,0.25164568656888786,YoY delta + Trend,2,"Net margin fell 7,066 bps year over year (25.2% to -45.5%), 19.4x its usual yearly move; 63.8 sigma below its rolling median of 27.2%.",97.36731622778629,76.37849157970444,88.85471780476259,0.0,0.0,0.08196721311475409,False,False,0.01639344262295082,False,0001193125-18-058986,10-K,2018-02-27 00:00:00,https://www.sec.gov/Archives/edgar/data/1059556/000119312518058986/0001193125-18-058986-index.htm
38,97.34957667967046,ALGN,Align Technology,Health Care,1097149,Q,2020,Q1,2020-03-31,Net margin,net_margin,2.7554137029165298,0.1308775873406792,YoY delta + Trend,2,"Net margin rose 26,245 bps year over year (13.1% to 275.5%), 14.1x its usual yearly move; 81.9 sigma above its rolling median of 19.7%.",97.34957667967046,70.2175587546558,91.10071837800113,0.0,0.0,0.09090909090909091,False,False,1.0,False,0001097149-21-000027,10-Q,2021-05-05 00:00:00,https://www.sec.gov/Archives/edgar/data/1097149/000109714921000027/0001097149-21-000027-index.htm
39,97.31144357912368,TSLA,"Tesla, Inc.",Consumer Discretionary,1318605,Q,2012,Q2,2012-06-30,Operating margin,operating_margin,-3.9836040970997635,-1.009764315552423,YoY delta + Trend,2,"Operating margin fell 29,738 bps year over year (-101.0% to -398.4%); 10.8 sigma below its rolling median of -116.5%.",97.31144357912368,93.69848468209399,57.33476338244086,0.0,0.0,0.037037037037037035,False,False,0.037037037037037035,False,0001193125-13-327916,10-Q,2013-08-09 00:00:00,https://www.sec.gov/Archives/edgar/data/1318605/000119312513327916/0001193125-13-327916-index.htm
40,97.27426294463694,MMM,3M,Industrials,66740,Q,2023,Q2,2023-06-30,EBITDA margin,ebitda_margin,-1.4179532070666878,0.06573201562859113,YoY delta + Trend,2,"EBITDA margin fell 14,837 bps year over year (6.6% to -141.8%), 25.0x its usual yearly move; 48.8 sigma below its rolling median of 27.3%.",97.27426294463694,80.63158105706738,85.92689953994591,0.0,0.0,0.0410958904109589,False,False,0.0136986301369863,False,0000066740-24-000080,10-Q,2024-07-26 00:00:00,https://www.sec.gov/Archives/edgar/data/66740/000006674024000080/0000066740-24-000080-index.htm
41,97.13529863341125,PPG,PPG Industries,Materials,79879,Q,2013,Q1,2013-03-31,Net margin,net_margin,0.7754182754182755,0.0039003900390039005,YoY delta + Trend,2,"Net margin rose 7,715 bps year over year (0.4% to 77.5%), 28.8x its usual yearly move; 40.1 sigma above its rolling median of 7.3%. Reverses the prior year's flagged move.",97.13529863341125,82.77614520140274,83.36782677230848,0.0,0.0,0.05555555555555555,False,True,1.0,False,0000079879-15-000009,10-K,2015-02-19 00:00:00,https://www.sec.gov/Archives/edgar/data/79879/000007987915000009/0000079879-15-000009-index.htm
42,97.11747185678857,SNPS,Synopsys,Information Technology,883241,Q,2025,Q3,2025-07-31,Debt / EBITDA,debt_to_ebitda,10.02414650496764,0.009055150563138763,YoY delta + Trend,2,"Debt / EBITDA rose 110,601% year over year (0.01x to 10.02x), 5.4x its usual yearly move; 2145.5 sigma above its rolling median of 0.01x.",99.8045165326681,47.378053561083206,99.62851342346521,0.0,0.0,0.11538461538461539,False,False,0.9807692307692307,False,0000883241-25-000024,10-Q,2025-09-09 00:00:00,https://www.sec.gov/Archives/edgar/data/883241/000088324125000024/0000883241-25-000024-index.htm
43,97.10020460787861,IFF,International Flavors & Fragrances,Materials,51253,Q,2018,Q4,2018-12-31,Days sales outstanding,dso,4.750206513776745,70.8606099166301,YoY delta + Trend,2,"Days sales outstanding fell 93% year over year (71 days to 5 days), 47.7x its usual yearly move; 31.1 sigma below its rolling median of 71 days. An input changed XBRL tag versus the comparison period.",97.10020460787861,85.8268178773278,79.54026578489587,0.0,0.0,0.09090909090909091,False,False,0.045454545454545456,True,0000051253-20-000007,10-K,2020-03-03 00:00:00,https://www.sec.gov/Archives/edgar/data/51253/000005125320000007/0000051253-20-000007-index.htm
44,97.06485107393632,KKR,KKR & Co.,Financials,1404912,Q,2017,Q1,2017-03-31,Asset turnover,asset_turnover,0.07616748448624654,0.001028605780084107,YoY delta + Trend,2,"Asset turnover rose 7,305% year over year (0.00x to 0.08x), 5.5x its usual yearly move; 134.6 sigma above its rolling median of 0.00x. An input changed XBRL tag versus the comparison period.",97.06485107393632,47.66572030592362,94.39153659280055,0.0,0.0,0.06060606060606061,False,False,0.3484848484848485,True,0001404912-19-000006,10-K,2019-02-15 00:00:00,https://www.sec.gov/Archives/edgar/data/1404912/000140491219000006/0001404912-19-000006-index.htm
45,97.04956477544174,FIX,Comfort Systems USA,Industrials,1035983,A,2025,FY,2025-12-31,Net margin,net_margin,0.5583824700237975,0.07434148476636562,YoY delta + Trend,2,"Net margin rose 4,840 bps year over year (7.4% to 55.8%), 25.6x its usual yearly move; 43.5 sigma above its rolling median of 5.2%.",97.04956477544174,80.99555197761076,84.47502805089451,0.0,0.0,0.06329113924050633,False,False,1.0,False,0001104659-26-017530,10-K,2026-02-19 00:00:00,https://www.sec.gov/Archives/edgar/data/1035983/000110465926017530/0001104659-26-017530-index.htm
46,96.92205326192503,SLB,Schlumberger,Energy,87347,Q,2019,Q3,2019-09-30,Return on equity,roe,-1.523701162887978,0.07055891093854856,YoY delta + Trend,2,"Return on equity fell 15,943 bps year over year (7.1% to -152.4%), 15.0x its usual yearly move; 66.2 sigma below its rolling median of 4.7%.",96.92205326192503,71.44422847553442,89.22127971419752,0.0,0.0,0.05555555555555555,False,False,0.05555555555555555,False,0001564590-20-047045,10-Q,2020-10-21 00:00:00,https://www.sec.gov/Archives/edgar/data/87347/000156459020047045/0001564590-20-047045-index.htm
47,96.91338388040876,EW,Edwards Lifesciences,Health Care,1099800,Q,2024,Q3,2024-09-30,Net margin,net_margin,2.267277023036031,0.3095544474827087,YoY delta + Trend,2,"Net margin rose 19,577 bps year over year (31.0% to 226.7%), 11.1x its usual yearly move; 82.8 sigma above its rolling median of 27.3%.",96.91338388040876,64.98522066785873,91.1848191578979,0.0,0.0,0.05,False,False,1.0,False,0001099800-25-000062,10-Q,2025-11-05 00:00:00,https://www.sec.gov/Archives/edgar/data/1099800/000109980025000062/0001099800-25-000062-index.htm
48,96.89008823447051,ES,Eversource Energy,Utilities,72741,Q,2023,Q4,2023-12-31,Net margin,net_margin,-0.47753130940919103,0.10629228910731614,YoY delta + Trend,2,"Net margin fell 5,838 bps year over year (10.6% to -47.8%), 17.6x its usual yearly move; 57.3 sigma below its rolling median of 12.2%.",96.89008823447051,74.62254433081726,87.74537602953619,0.0,0.0,0.06666666666666667,False,False,0.03333333333333333,False,0000072741-24-000005,10-K,2024-02-14 00:00:00,https://www.sec.gov/Archives/edgar/data/72741/000007274124000005/0000072741-24-000005-index.htm
49,96.83890707951221,MDLZ,Mondelez International,Consumer Staples,1103982,Q,2015,Q3,2015-09-30,Return on equity,roe,1.0663144571019756,0.1139561414627963,YoY delta + Trend,2,"Return on equity rose 9,524 bps year over year (11.4% to 106.6%), 14.4x its usual yearly move; 66.4 sigma above its rolling median of 7.0%.",96.83890707951221,70.60118369866375,89.24755035003189,0.0,0.0,0.08,False,False,0.96,False,0001193125-17-055858,10-K,2017-02-24 00:00:00,https://www.sec.gov/Archives/edgar/data/1103982/000119312517055858/0001193125-17-055858-index.htm
50,96.83886682958219,SBUX,Starbucks,Consumer Discretionary,829224,Q,2019,Q4,2019-09-29,Days payables outstanding,dpo,305.1155845980888,41.37616310366041,YoY delta + Trend,2,"Days payables outstanding rose 637% year over year (41 days to 305 days), 12.1x its usual yearly move; 75.7 sigma above its rolling median of 31 days.",96.83886682958219,66.91002976931254,90.44685399116439,0.0,0.0,0.06896551724137931,False,False,1.0,False,0000829224-20-000078,10-K,2020-11-12 00:00:00,https://www.sec.gov/Archives/edgar/data/829224/000082922420000078/0000829224-20-000078-index.htm
51,96.82476460787458,BA,Boeing,Industrials,12927,Q,2019,Q4,2019-12-31,Debt / EBITDA,debt_to_ebitda,92.23648648648648,0.9819870931139636,YoY delta + Trend,2,"Debt / EBITDA rose 2,446% year over year (0.98x to 92.24x), 6.7x its usual yearly move; 233.3 sigma above its rolling median of 0.97x.",98.43979245280339,52.933076253467554,96.68512954957767,0.0,0.0,0.109375,False,False,0.984375,False,0000012927-21-000011,10-K,2021-02-01 00:00:00,https://www.sec.gov/Archives/edgar/data/12927/000001292721000011/0000012927-21-000011-index.htm
52,96.74793238070471,MMM,3M,Industrials,66740,A,2023,FY,2023-12-31,Operating margin,operating_margin,-0.43433563592035757,0.1670043194067505,YoY delta + Trend,2,"Operating margin fell 6,013 bps year over year (16.7% to -43.4%), 28.0x its usual yearly move; 35.4 sigma below its rolling median of 22.1%.",96.74793238070471,82.34312221243205,81.58186482105549,0.0,0.0,0.09722222222222222,False,False,0.013888888888888888,False,0000066740-26-000014,10-K,2026-02-03 00:00:00,https://www.sec.gov/Archives/edgar/data/66740/000006674026000014/0000066740-26-000014-index.htm
53,96.73422558268032,SBUX,Starbucks,Consumer Discretionary,829224,Q,2013,Q4,2013-09-29,EBITDA margin,ebitda_margin,-0.511745143581081,0.1998751523438661,YoY delta + Trend,2,"EBITDA margin fell 7,116 bps year over year (20.0% to -51.2%), 19.0x its usual yearly move; 50.7 sigma below its rolling median of 19.7%.",96.73422558268032,76.04690901893123,86.36595828112219,0.0,0.0,0.030303030303030304,False,False,0.030303030303030304,False,0000829224-14-000041,10-K,2014-11-14 00:00:00,https://www.sec.gov/Archives/edgar/data/829224/000082922414000041/0000829224-14-000041-index.htm
54,96.68165734321377,IFF,International Flavors & Fragrances,Materials,51253,A,2018,FY,2018-12-31,Days sales outstanding,dso,5.823424987159146,71.2730281614926,YoY delta + Trend,2,"Days sales outstanding fell 92% year over year (71 days to 6 days), 31.7x its usual yearly move; 30.3 sigma below its rolling median of 65 days.",96.68165734321377,84.10141145568412,79.12806757947952,0.0,0.0,0.08695652173913043,False,False,0.043478260869565216,False,0000051253-20-000007,10-K,2020-03-03 00:00:00,https://www.sec.gov/Archives/edgar/data/51253/000005125320000007/0000051253-20-000007-index.htm
55,96.66882162378023,PAYX,Paychex,Industrials,723531,Q,2025,Q4,2025-05-31,Debt / EBITDA,debt_to_ebitda,2.0470792652655967,0.34769845996766785,YoY delta + Trend,2,"Debt / EBITDA rose 489% year over year (0.35x to 2.05x), 29.9x its usual yearly move; 80.7 sigma above its rolling median of 0.36x. An input changed XBRL tag versus the comparison period.",97.16895595590621,68.6143841613845,90.97980406485893,0.0,0.0,0.10294117647058823,False,False,0.4852941176470588,True,0001193125-26-307785,10-K,2026-07-17 00:00:00,https://www.sec.gov/Archives/edgar/data/723531/000119312526307785/0001193125-26-307785-index.htm
56,96.66035612746985,OMC,Omnicom Group,Communication Services,29989,Q,2025,Q4,2025-12-31,Debt / EBITDA,debt_to_ebitda,12.854033823121707,2.413464213329094,YoY delta + Trend,2,"Debt / EBITDA rose 433% year over year (2.41x to 12.85x), 9.3x its usual yearly move; 86.0 sigma above its rolling median of 2.43x.",96.66035612746985,60.778256029857324,91.48522341313425,0.0,0.0,0.06666666666666667,False,False,1.0,False,0000029989-26-000006,10-K,2026-02-20 00:00:00,https://www.sec.gov/Archives/edgar/data/29989/000002998926000006/0000029989-26-000006-index.htm
57,96.64793748835116,SNPS,Synopsys,Information Technology,883241,A,2025,FY,2025-10-31,Debt / EBITDA,debt_to_ebitda,8.559656636559206,0.009450706819095989,YoY delta + Trend + Benford,3,"Debt / EBITDA rose 90,472% year over year (0.01x to 8.56x), 8.1x its usual yearly move; 48.7 sigma above its rolling median of 0.13x; the filing's leading digits also depart from Benford's Law.",96.64793748835116,57.53553106205488,85.87883078373939,44.09949199398369,0.0,0.06666666666666667,False,False,0.9833333333333333,False,0000883241-25-000028,10-K,2025-12-22 00:00:00,https://www.sec.gov/Archives/edgar/data/883241/000088324125000028/0000883241-25-000028-index.htm
58,96.60147176694177,EMR,Emerson Electric,Industrials,32604,Q,2023,Q3,2023-06-30,Net margin,net_margin,2.36999493157628,0.2658008658008658,YoY delta + Trend,2,"Net margin rose 21,042 bps year over year (26.6% to 237.0%), 28.1x its usual yearly move; 33.4 sigma above its rolling median of 17.4%.",96.60147176694177,82.40946552408354,80.67978981701084,0.0,0.0,0.05,False,False,1.0,False,0000032604-24-000041,10-K,2024-11-12 00:00:00,https://www.sec.gov/Archives/edgar/data/32604/000003260424000041/0000032604-24-000041-index.htm
59,96.48518170732197,TPR,"Tapestry, Inc.",Consumer Discretionary,1116132,Q,2015,Q3,2015-03-28,Debt / EBITDA,debt_to_ebitda,0.9893851391948728,,Trend,1,Debt / EBITDA of 0.99x is 938.4 sigma above its rolling median of 0.01x.,99.15473218934274,0.0,99.15473218934274,0.0,0.0,0.11538461538461539,False,False,0.34615384615384615,False,0001116132-15-000007,10-Q,2015-05-06 00:00:00,https://www.sec.gov/Archives/edgar/data/1116132/000111613215000007/0001116132-15-000007-index.htm
60,96.47477151309405,FIX,Comfort Systems USA,Industrials,1035983,A,2025,FY,2025-12-31,Days payables outstanding,dpo,178.00431411823206,43.06456418723254,YoY delta + Trend,2,"Days payables outstanding rose 313% year over year (43 days to 178 days), 13.8x its usual yearly move; 60.7 sigma above its rolling median of 36 days.",96.47477151309405,69.74363618806912,88.34880321766934,0.0,0.0,0.037037037037037035,False,False,1.0,False,0001104659-26-086258,10-Q,2026-07-23 00:00:00,https://www.sec.gov/Archives/edgar/data/1035983/000110465926086258/0001104659-26-086258-index.htm
61,96.474592754451,LHX,L3Harris,Industrials,202058,Q,2024,Q4,2025-01-03,Asset turnover,asset_turnover,2.0336154488020024,0.5086925458442486,YoY delta + Trend,2,"Asset turnover rose 300% year over year (0.51x to 2.03x), 6.5x its usual yearly move; 100.5 sigma above its rolling median of 0.51x.",96.474592754451,52.190856693627865,92.62608153641789,0.0,0.0,0.04938271604938271,False,False,0.9753086419753086,False,0000202058-26-000015,10-K,2026-02-12 00:00:00,https://www.sec.gov/Archives/edgar/data/202058/000020205826000015/0000202058-26-000015-index.htm
62,96.42951060619987,CAH,Cardinal Health,Health Care,721371,Q,2020,Q1,2019-09-30,Return on equity,roe,-5.44770337576093,0.39625793518209157,YoY delta + Trend,2,"Return on equity fell 58,440 bps year over year (39.6% to -544.8%), 22.5x its usual yearly move; 75.8 sigma below its rolling median of 18.8%. An input changed XBRL tag versus the comparison period.",97.98841724417538,78.91779379315079,90.4583859199181,0.0,0.0,0.10909090909090909,False,False,0.01818181818181818,True,0000721371-20-000131,10-Q,2020-11-05 00:00:00,https://www.sec.gov/Archives/edgar/data/721371/000072137120000131/0000721371-20-000131-index.htm
63,96.39389902656606,MRNA,Moderna,Health Care,1682852,Q,2021,Q3,2021-09-30,Return on equity,roe,1.5845020204421203,-0.3266164359558437,YoY delta + Trend,2,"Return on equity rose 19,111 bps year over year (-32.7% to 158.5%); 30.4 sigma above its rolling median of -35.5%.",96.39389902656606,82.6923627002907,79.16468371165543,0.0,0.0,0.07407407407407407,False,False,0.9629629629629629,False,0001682852-22-000051,10-Q,2022-11-03 00:00:00,https://www.sec.gov/Archives/edgar/data/1682852/000168285222000051/0001682852-22-000051-index.htm
64,96.367773762271,EBAY,eBay Inc.,Consumer Discretionary,1065088,Q,2014,Q1,2014-03-31,Net margin,net_margin,-1.0823638901814798,0.18062966915688367,YoY delta + Trend,2,"Net margin fell 12,630 bps year over year (18.1% to -108.2%), 7.0x its usual yearly move; 94.0 sigma below its rolling median of 17.9%.",96.367773762271,53.70214066820335,92.15465619760428,0.0,0.0,0.1,False,False,0.025,False,0001065088-16-000265,10-K,2016-02-01 00:00:00,https://www.sec.gov/Archives/edgar/data/1065088/000106508816000265/0001065088-16-000265-index.htm
65,96.33236307275011,MTB,M&T Bank,Financials,36270,A,2024,FY,2024-12-31,Net margin,net_margin,1.6794289422452953,0.2842476407756922,YoY delta + Trend,2,"Net margin rose 13,952 bps year over year (28.4% to 167.9%), 28.4x its usual yearly move; 30.0 sigma above its rolling median of 26.7%. An input changed XBRL tag versus the comparison period.",96.33236307275011,82.57865762065713,78.94744935614874,0.0,0.0,0.041666666666666664,False,False,1.0,True,0000036270-26-000010,10-K,2026-02-18 00:00:00,https://www.sec.gov/Archives/edgar/data/36270/000003627026000010/0000036270-26-000010-index.htm
66,96.31632069463456,PNR,Pentair,Industrials,77360,Q,2012,Q3,2012-09-29,Days inventory outstanding,dio,214.37241019748043,67.85516682727443,YoY delta + Trend,2,"Days inventory outstanding rose 216% year over year (68 days to 214 days), 19.5x its usual yearly move; 52.7 sigma above its rolling median of 69 days.",96.31632069463456,72.0481178939989,86.8213550293467,0.0,0.0,0.06976744186046512,False,False,1.0,False,0001193125-12-445897,10-Q,2012-11-01 00:00:00,https://www.sec.gov/Archives/edgar/data/77360/000119312512445897/0001193125-12-445897-index.htm
67,96.30243288726773,SLB,Schlumberger,Energy,87347,Q,2019,Q3,2019-09-30,Return on assets,roa,-0.7082228323002621,0.03674697935835437,YoY delta + Trend,2,"Return on assets fell 7,450 bps year over year (3.7% to -70.8%), 12.8x its usual yearly move; 61.0 sigma below its rolling median of 2.4%.",96.30243288726773,68.11313584395647,88.40410554440967,0.0,0.0,0.05555555555555555,False,False,0.05555555555555555,False,0001564590-20-047045,10-Q,2020-10-21 00:00:00,https://www.sec.gov/Archives/edgar/data/87347/000156459020047045/0001564590-20-047045-index.htm
68,96.28505419817962,SBUX,Starbucks,Consumer Discretionary,829224,Q,2019,Q4,2019-09-29,Days inventory outstanding,dio,392.2365092748735,49.13704437096278,YoY delta + Trend,2,"Days inventory outstanding rose 698% year over year (49 days to 392 days), 10.3x its usual yearly move; 71.1 sigma above its rolling median of 51 days.",96.28505419817962,63.287401466506466,89.88100556698221,0.0,0.0,0.038461538461538464,False,False,1.0,False,0000829224-20-000078,10-K,2020-11-12 00:00:00,https://www.sec.gov/Archives/edgar/data/829224/000082922420000078/0000829224-20-000078-index.htm
69,96.25765245492767,BBY,Best Buy,Consumer Discretionary,764478,Q,2012,Q4,2012-03-04,Return on equity,roe,-1.436700158646219,0.41323494406093786,YoY delta + Trend,2,"Return on equity fell 18,499 bps year over year (41.3% to -143.7%), 28.9x its usual yearly move; 33.6 sigma below its rolling median of 13.6%.",96.69152468106063,82.80467604148085,80.75944758632916,0.0,0.0,0.10256410256410256,False,False,0.05128205128205128,False,0000764478-13-000014,10-KT,2013-03-27 00:00:00,https://www.sec.gov/Archives/edgar/data/764478/000076447813000014/0000764478-13-000014-index.htm
70,96.24798617902907,PANW,Palo Alto Networks,Information Technology,1327567,Q,2014,Q3,2014-04-30,EBITDA margin,ebitda_margin,-0.9368015925680159,-0.03649952117209174,YoY delta + Trend,2,"EBITDA margin fell 9,003 bps year over year (-3.6% to -93.7%); 30.8 sigma below its rolling median of -2.1%.",96.24798617902907,81.82317336308698,79.35825710439775,0.0,0.0,0.08620689655172414,False,False,0.017241379310344827,False,0001327567-15-000027,10-K,2015-09-17 00:00:00,https://www.sec.gov/Archives/edgar/data/1327567/000132756715000027/0001327567-15-000027-index.htm
71,96.22045132462762,MPWR,Monolithic Power Systems,Information Technology,1280452,Q,2024,Q4,2024-12-31,Return on assets,roa,1.820075528658225,0.1627820349308191,YoY delta + Trend,2,"Return on assets rose 16,573 bps year over year (16.3% to 182.0%), 41.8x its usual yearly move; 39.0 sigma above its rolling median of 19.9%.",97.86266731728061,87.44714943922615,82.97332807100959,0.0,0.0,0.1095890410958904,False,False,1.0,False,0001437749-26-006113,10-K,2026-02-27 00:00:00,https://www.sec.gov/Archives/edgar/data/1280452/000143774926006113/0001437749-26-006113-index.htm
72,96.19689490632598,GE,GE Aerospace,Industrials,40545,Q,2015,Q1,2015-03-31,Net margin,net_margin,-0.5693611309199211,0.08939430070346965,YoY delta + Trend,2,"Net margin fell 6,588 bps year over year (8.9% to -56.9%), 13.4x its usual yearly move; 57.2 sigma below its rolling median of 9.3%. An input changed XBRL tag versus the comparison period.",96.19689490632598,69.01928739993899,87.72428141737926,0.0,0.0,0.057971014492753624,False,False,0.014492753623188406,True,0000040545-17-000010,10-K,2017-02-24 00:00:00,https://www.sec.gov/Archives/edgar/data/40545/000004054517000010/0000040545-17-000010-index.htm
73,96.1917561251275,PANW,Palo Alto Networks,Information Technology,1327567,Q,2014,Q3,2014-04-30,Operating margin,operating_margin,-0.9670338420703384,-0.06367917542872376,YoY delta + Trend,2,"Operating margin fell 9,034 bps year over year (-6.4% to -96.7%); 30.1 sigma below its rolling median of -4.6%.",96.1917561251275,81.87346226497061,78.99078174475041,0.0,0.0,0.06666666666666667,False,False,0.016666666666666666,False,0001327567-15-000027,10-K,2015-09-17 00:00:00,https://www.sec.gov/Archives/edgar/data/1327567/000132756715000027/0001327567-15-000027-index.htm
74,96.18692763673477,ZBRA,Zebra Technologies,Information Technology,877212,A,2014,FY,2014-12-31,Days payables outstanding,dpo,133.6562150055991,23.665644859813085,YoY delta + Trend,2,"Days payables outstanding rose 465% year over year (24 days to 134 days), 5.6x its usual yearly move; 100.3 sigma above its rolling median of 24 days.",96.18692763673477,48.38285336914692,92.61277964368134,0.0,0.0,0.06557377049180328,False,False,1.0,False,0000877212-16-000023,10-K/A,2016-11-14 00:00:00,https://www.sec.gov/Archives/edgar/data/877212/000087721216000023/0000877212-16-000023-index.htm
75,96.15398051783129,DLTR,Dollar Tree,Consumer Staples,935703,Q,2018,Q4,2019-02-02,Operating margin,operating_margin,-0.34606459098820347,0.1203660032072446,YoY delta + Trend,2,"Operating margin fell 4,664 bps year over year (12.0% to -34.6%), 26.2x its usual yearly move; 48.7 sigma below its rolling median of 7.9%.",97.37111951172788,81.37358131529001,85.88628048809989,0.0,0.0,0.10714285714285714,False,False,0.03571428571428571,False,0000935703-20-000006,10-K,2020-03-20 00:00:00,https://www.sec.gov/Archives/edgar/data/935703/000093570320000006/0000935703-20-000006-index.htm
76,96.14423576025229,ECHO,EchoStar,Communication Services,1415404,Q,2025,Q3,2025-09-30,Operating margin,operating_margin,-4.60450665115772,-0.041317826030639035,YoY delta + Trend,2,"Operating margin fell 45,632 bps year over year (-4.1% to -460.5%), 61.0x its usual yearly move; 82.4 sigma below its rolling median of -1.2%.",99.20801262059416,91.04916455570886,91.15180494228645,0.0,0.0,0.11764705882352941,False,False,0.058823529411764705,False,0001104659-25-107277,10-Q,2025-11-06 00:00:00,https://www.sec.gov/Archives/edgar/data/1415404/000110465925107277/0001104659-25-107277-index.htm
77,96.13831859915763,MCO,Moody's Corporation,Financials,1059556,Q,2016,Q4,2016-12-31,Operating margin,operating_margin,-0.5021759898099989,0.3846864534010856,YoY delta + Trend,2,"Operating margin fell 8,869 bps year over year (38.5% to -50.2%), 26.1x its usual yearly move; 30.7 sigma below its rolling median of 42.9%.",96.13831859915763,81.29904355640394,79.35035348331206,0.0,0.0,0.04,False,False,0.04,False,0001193125-18-058986,10-K,2018-02-27 00:00:00,https://www.sec.gov/Archives/edgar/data/1059556/000119312518058986/0001193125-18-058986-index.htm
78,96.13228450204603,EXE,Expand Energy,Energy,895126,Q,2010,Q1,2010-03-31,Operating margin,operating_margin,0.43316654753395284,-4.537844611528822,YoY delta,1,"Operating margin rose 49,710 bps year over year (-453.8% to 43.3%).",96.13228450204603,96.13228450204603,0.0,0.0,0.0,,False,False,,False,0001193125-11-134388,10-Q,2011-05-10 00:00:00,https://www.sec.gov/Archives/edgar/data/895126/000119312511134388/0001193125-11-134388-index.htm
79,96.10340136425869,SLB,Schlumberger,Energy,87347,Q,2019,Q3,2019-09-30,Net margin,net_margin,-1.3327479217890177,0.07572906867356538,YoY delta + Trend,2,"Net margin fell 14,085 bps year over year (7.6% to -133.3%), 11.9x its usual yearly move; 60.7 sigma below its rolling median of 5.3%.",96.10340136425869,66.53078197037061,88.35766454928299,0.0,0.0,0.05263157894736842,False,False,0.05263157894736842,False,0001564590-20-047045,10-Q,2020-10-21 00:00:00,https://www.sec.gov/Archives/edgar/data/87347/000156459020047045/0001564590-20-047045-index.htm
80,96.09258419306875,MDLZ,Mondelez International,Consumer Staples,1103982,Q,2015,Q3,2015-09-30,Net margin,net_margin,1.0608848007008322,0.10783255367638239,YoY delta + Trend,2,"Net margin rose 9,531 bps year over year (10.8% to 106.1%), 18.1x its usual yearly move; 51.8 sigma above its rolling median of 6.6%.",96.67597368947072,75.14852956500293,86.6244280425024,0.0,0.0,0.10344827586206896,False,False,1.0,False,0001193125-17-055858,10-K,2017-02-24 00:00:00,https://www.sec.gov/Archives/edgar/data/1103982/000119312517055858/0001193125-17-055858-index.htm
81,96.09012159122516,ECL,Ecolab,Materials,31462,Q,2011,Q4,2011-12-31,Debt / EBITDA,debt_to_ebitda,6.643062200956938,0.7323114228804019,YoY delta + Trend,2,Debt / EBITDA rose 807% year over year (0.73x to 6.64x); 78.7 sigma above its rolling median of 0.92x.,96.09012159122516,57.62038964446723,90.77415206045093,0.0,0.0,0.09523809523809523,False,False,1.0,False,0001104659-12-014104,10-K,2012-02-28 00:00:00,https://www.sec.gov/Archives/edgar/data/31462/000110465912014104/0001104659-12-014104-index.htm
82,96.05392866788169,DD,DuPont,Industrials,1666700,Q,2018,Q4,2018-12-31,Gross margin,gross_margin,0.830492944841488,0.1702382138941493,YoY delta + Trend,2,"Gross margin rose 6,603 bps year over year (17.0% to 83.0%); 23.2 sigma above its rolling median of 22.4%.",96.05392866788169,84.6204072541408,74.34215978715854,0.0,0.0,0.03571428571428571,False,False,1.0,False,0001666700-19-000006,10-K,2019-02-11 00:00:00,https://www.sec.gov/Archives/edgar/data/1666700/000166670019000006/0001666700-19-000006-index.htm
83,96.04874074016946,MMM,3M,Industrials,66740,A,2023,FY,2023-12-31,EBITDA margin,ebitda_margin,-0.3535960991466883,0.23699399870035548,YoY delta + Trend,2,"EBITDA margin fell 5,906 bps year over year (23.7% to -35.4%), 27.9x its usual yearly move; 38.3 sigma below its rolling median of 27.1%.",96.94162412022416,82.30247453943902,82.71862421335994,0.0,0.0,0.10526315789473684,False,False,0.013157894736842105,False,0000066740-26-000014,10-K,2026-02-03 00:00:00,https://www.sec.gov/Archives/edgar/data/66740/000006674026000014/0000066740-26-000014-index.htm
84,96.03110683254074,MGM,MGM Resorts,Consumer Discretionary,789570,Q,2011,Q2,2011-06-30,EBITDA margin,ebitda_margin,2.1380172039081167,-0.5713400317579519,YoY delta + Trend,2,"EBITDA margin rose 27,094 bps year over year (-57.1% to 213.8%); 8.2 sigma above its rolling median of 3.7%. Reverses the prior year's flagged move.",96.61412309258219,93.1256293469849,50.74637260164664,0.0,0.0,0.10344827586206896,False,True,1.0,False,0001047469-13-001980,10-K,2013-03-01 00:00:00,https://www.sec.gov/Archives/edgar/data/789570/000104746913001980/0001047469-13-001980-index.htm
85,95.92104489931357,MDLZ,Mondelez International,Consumer Staples,1103982,Q,2015,Q3,2015-09-30,Return on assets,roa,0.4420111324025915,0.05041816512089283,YoY delta + Trend,2,"Return on assets rose 3,916 bps year over year (5.0% to 44.2%), 14.1x its usual yearly move; 60.4 sigma above its rolling median of 2.9%.",96.50339296028079,70.1009584748139,88.30528718864196,0.0,0.0,0.10344827586206896,False,False,1.0,False,0001193125-17-055858,10-K,2017-02-24 00:00:00,https://www.sec.gov/Archives/edgar/data/1103982/000119312517055858/0001193125-17-055858-index.htm
86,95.89771797358965,EMR,Emerson Electric,Industrials,32604,Q,2023,Q3,2023-06-30,Return on assets,roa,0.9314741035856574,0.11073205187934895,YoY delta + Trend,2,"Return on assets rose 8,207 bps year over year (11.1% to 93.1%), 20.1x its usual yearly move; 36.8 sigma above its rolling median of 10.0%.",95.89771797358965,77.0021962837051,82.16228785575854,0.0,0.0,0.038461538461538464,False,False,1.0,False,0000032604-24-000041,10-K,2024-11-12 00:00:00,https://www.sec.gov/Archives/edgar/data/32604/000003260424000041/0000032604-24-000041-index.htm
87,95.89120492213523,HSIC,Henry Schein,Health Care,1000228,Q,2019,Q3,2019-09-28,Asset turnover,asset_turnover,5.6220753290475844,1.6195844765364353,YoY delta + Trend,2,"Asset turnover rose 247% year over year (1.62x to 5.62x), 16.9x its usual yearly move; 43.1 sigma above its rolling median of 1.70x. An input changed XBRL tag versus the comparison period.",95.89120492213523,73.76540110335007,84.33825844240579,0.0,0.0,0.05263157894736842,False,False,1.0,True,0001000228-22-000016,10-K,2022-02-15 00:00:00,https://www.sec.gov/Archives/edgar/data/1000228/000100022822000016/0001000228-22-000016-index.htm
88,95.88287978004503,PSA,Public Storage,Real Estate,1393311,Q,2022,Q3,2022-09-30,Net margin,net_margin,2.544724853900863,0.5476299290112869,YoY delta + Trend,2,"Net margin rose 19,971 bps year over year (54.8% to 254.5%), 18.8x its usual yearly move; 39.1 sigma above its rolling median of 53.3%.",95.88287978004503,75.785632728958,82.99720090196762,0.0,0.0,0.1,False,False,1.0,False,0001393311-23-000096,10-Q,2023-10-30 00:00:00,https://www.sec.gov/Archives/edgar/data/1393311/000139331123000096/0001393311-23-000096-index.htm
89,95.87355342662667,SBUX,Starbucks,Consumer Discretionary,829224,Q,2013,Q4,2013-09-29,Operating margin,operating_margin,-0.558277027027027,0.1544246603846497,YoY delta + Trend,2,"Operating margin fell 7,127 bps year over year (15.4% to -55.8%), 18.7x its usual yearly move; 39.2 sigma below its rolling median of 15.1%.",95.87355342662667,75.66861449678687,83.04064282394273,0.0,0.0,0.03333333333333333,False,False,0.03333333333333333,False,0000829224-14-000041,10-K,2014-11-14 00:00:00,https://www.sec.gov/Archives/edgar/data/829224/000082922414000041/0000829224-14-000041-index.htm
90,95.87131311317758,INCY,Incyte,Health Care,879169,A,2010,FY,2010-12-31,SG&A % of revenue,sga_pct,0.1903012750326705,2.9767943874797624,YoY delta,1,"SG&A % of revenue fell 27,865 bps year over year (297.7% to 19.0%).",95.87131311317758,95.87131311317758,0.0,0.0,0.0,0.06382978723404255,False,False,0.3617021276595745,False,0001047469-13-001393,10-K,2013-02-21 00:00:00,https://www.sec.gov/Archives/edgar/data/879169/000104746913001393/0001047469-13-001393-index.htm
91,95.86080271467767,ILMN,"Illumina, Inc.",Health Care,1110803,Q,2022,Q3,2022-10-02,Net margin,net_margin,-3.4224215246636773,0.286101083032491,YoY delta + Trend,2,"Net margin fell 37,085 bps year over year (28.6% to -342.2%), 24.5x its usual yearly move; 30.0 sigma below its rolling median of 18.3%.",95.86080271467767,80.3252052582953,78.96192900783632,0.0,0.0,0.06557377049180328,False,False,0.01639344262295082,False,0001110803-23-000086,10-Q,2023-11-13 00:00:00,https://www.sec.gov/Archives/edgar/data/1110803/000111080323000086/0001110803-23-000086-index.htm
92,95.81490927068471,WTW,Willis Towers Watson,Financials,1140536,Q,2012,Q4,2012-12-31,Return on equity,roe,-1.4726732220443632,0.038654812524159254,YoY delta + Trend,2,"Return on equity fell 15,113 bps year over year (3.9% to -147.3%); 32.0 sigma below its rolling median of 12.7%.",95.81490927068471,79.07214288884225,80.00229690461714,0.0,0.0,0.07936507936507936,False,False,0.015873015873015872,False,0001140536-14-000004,10-K,2014-02-27 00:00:00,https://www.sec.gov/Archives/edgar/data/1140536/000114053614000004/0001140536-14-000004-index.htm
93,95.80996499291714,ILMN,"Illumina, Inc.",Health Care,1110803,Q,2022,Q3,2022-10-02,Operating margin,operating_margin,-3.2798206278026907,-0.4918772563176895,YoY delta + Trend,2,"Operating margin fell 27,879 bps year over year (-49.2% to -328.0%), 16.2x its usual yearly move; 43.6 sigma below its rolling median of 15.9%.",95.80996499291714,72.9586706327946,84.50507018281301,0.0,0.0,0.057692307692307696,False,False,0.019230769230769232,False,0001110803-23-000086,10-Q,2023-11-13 00:00:00,https://www.sec.gov/Archives/edgar/data/1110803/000111080323000086/0001110803-23-000086-index.htm
94,95.7878104630673,TMUS,T-Mobile US,Communication Services,1283699,Q,2012,Q4,2012-12-31,Days sales outstanding,dso,49.77948665716032,5.75012579109068,YoY delta + Trend,2,Days sales outstanding rose 766% year over year (6 days to 50 days); 47.6 sigma above its rolling median of 4 days. An input changed XBRL tag versus the comparison period.,95.7878104630673,70.74443670648297,85.6020904650771,0.0,0.0,0.09090909090909091,False,False,0.8181818181818182,True,0001283699-14-000012,10-K,2014-02-25 00:00:00,https://www.sec.gov/Archives/edgar/data/1283699/000128369914000012/0001283699-14-000012-index.htm
95,95.77329011006687,MCO,Moody's Corporation,Financials,1059556,Q,2016,Q4,2016-12-31,Return on assets,roa,-0.3313938878472155,0.1765104952460029,YoY delta + Trend,2,"Return on assets fell 5,079 bps year over year (17.7% to -33.1%), 14.6x its usual yearly move; 47.1 sigma below its rolling median of 19.5%.",95.77329011006687,70.90173210080897,85.47435914544369,0.0,0.0,0.08333333333333333,False,False,0.013888888888888888,False,0001193125-18-058986,10-K,2018-02-27 00:00:00,https://www.sec.gov/Archives/edgar/data/1059556/000119312518058986/0001193125-18-058986-index.htm
96,95.73662017661061,SBUX,Starbucks,Consumer Discretionary,829224,Q,2014,Q1,2013-12-29,Debt / EBITDA,debt_to_ebitda,3.817148182665424,0.20615927079035223,YoY delta + Trend,2,"Debt / EBITDA rose 1,752% year over year (0.21x to 3.82x), 3.4x its usual yearly move; 111.9 sigma above its rolling median of 0.23x.",95.73662017661061,36.128576819286714,93.32505898400466,0.0,0.0,0.08,False,False,0.76,False,0000829224-14-000008,10-Q,2014-01-28 00:00:00,https://www.sec.gov/Archives/edgar/data/829224/000082922414000008/0000829224-14-000008-index.htm
97,95.73613919575627,DD,DuPont,Industrials,1666700,Q,2018,Q3,2018-09-30,Gross margin,gross_margin,0.817525954601443,0.2063305978898007,YoY delta + Trend,2,"Gross margin rose 6,112 bps year over year (20.6% to 81.8%); 22.8 sigma above its rolling median of 22.3%.",95.73613919575627,83.58851722750698,74.01903981893513,0.0,0.0,0.05,False,False,1.0,False,0001666700-19-000006,10-K,2019-02-11 00:00:00,https://www.sec.gov/Archives/edgar/data/1666700/000166670019000006/0001666700-19-000006-index.htm
98,95.72613171868402,DRI,Darden Restaurants,Consumer Discretionary,940944,Q,2013,Q1,2012-08-26,Gross margin,gross_margin,-0.12852253695478047,0.2243048403707518,YoY delta + Trend,2,"Gross margin fell 3,528 bps year over year (22.4% to -12.9%), 26.9x its usual yearly move; 26.1 sigma below its rolling median of 23.6%.",95.72613171868402,81.78552736565133,76.53586591765293,0.0,0.0,0.1,False,False,0.06666666666666667,False,0000940944-14-000064,10-K,2014-07-18 00:00:00,https://www.sec.gov/Archives/edgar/data/940944/000094094414000064/0000940944-14-000064-index.htm
99,95.69299154824093,NRG,NRG Energy,Utilities,1013871,Q,2015,Q4,2015-12-31,Return on equity,roe,-2.924332773693047,0.04074295985620132,YoY delta + Trend,2,"Return on equity fell 29,651 bps year over year (4.1% to -292.4%), 30.4x its usual yearly move; 46.7 sigma below its rolling median of 0.9%.",97.59058628149215,83.52237335238593,85.37766530317204,0.0,0.0,0.1111111111111111,False,False,0.037037037037037035,False,0001013871-17-000007,10-K,2017-02-28 00:00:00,https://www.sec.gov/Archives/edgar/data/1013871/000101387117000007/0001013871-17-000007-index.htm
100,95.67894487545068,ILMN,"Illumina, Inc.",Health Care,1110803,Q,2022,Q3,2022-10-02,EBITDA margin,ebitda_margin,-3.2295964125560537,-0.4332129963898917,YoY delta + Trend,2,"EBITDA margin fell 27,964 bps year over year (-43.3% to -323.0%), 16.3x its usual yearly move; 41.8 sigma below its rolling median of 20.7%. An input changed XBRL tag versus the comparison period.",95.67894487545068,73.09626852841718,83.93882599849226,0.0,0.0,0.06557377049180328,False,False,0.01639344262295082,True,0001110803-23-000086,10-Q,2023-11-13 00:00:00,https://www.sec.gov/Archives/edgar/data/1110803/000111080323000086/0001110803-23-000086-index.htm
101,95.67321905957722,JCI,Johnson Controls,Industrials,833444,Q,2014,Q3,2014-06-27,Return on assets,roa,0.46942657116264014,0.04532482793352358,YoY delta + Trend,2,"Return on assets rose 4,241 bps year over year (4.5% to 46.9%), 15.3x its usual yearly move; 44.1 sigma above its rolling median of 5.3%.",95.67321905957722,71.82972283861176,84.6406163644236,0.0,0.0,0.08571428571428572,False,False,1.0,False,0000833444-15-000062,10-Q,2015-07-31 00:00:00,https://www.sec.gov/Archives/edgar/data/833444/000083344415000062/0000833444-15-000062-index.htm
102,95.58025864524268,TRMB,Trimble Inc.,Information Technology,864749,Q,2024,Q2,2024-06-28,Net margin,net_margin,1.5117133670188332,0.044887278582930755,YoY delta + Trend,2,"Net margin rose 14,668 bps year over year (4.5% to 151.2%), 24.0x its usual yearly move; 28.2 sigma above its rolling median of 10.5%.",95.58025864524268,80.01386917543236,77.88595804984712,0.0,0.0,0.0547945205479452,False,False,1.0,False,0000864749-25-000245,10-Q,2025-08-06 00:00:00,https://www.sec.gov/Archives/edgar/data/864749/000086474925000245/0000864749-25-000245-index.htm
103,95.57759805326653,ALGN,Align Technology,Health Care,1097149,Q,2020,Q1,2020-03-31,Return on assets,roa,1.8784268975439338,0.13407954674813058,YoY delta + Trend,2,"Return on assets rose 17,443 bps year over year (13.4% to 187.8%), 14.7x its usual yearly move; 72.7 sigma above its rolling median of 19.8%.",97.12273243288053,70.97814255750849,90.08586003559233,0.0,0.0,0.10909090909090909,False,False,1.0,False,0001097149-21-000027,10-Q,2021-05-05 00:00:00,https://www.sec.gov/Archives/edgar/data/1097149/000109714921000027/0001097149-21-000027-index.htm
104,95.56866750131293,CNC,Centene Corporation,Health Care,1071739,Q,2022,Q1,2022-03-31,Gross margin,gross_margin,0.11848863789162296,0.9650468598872695,YoY delta + Trend,2,"Gross margin fell 8,466 bps year over year (96.5% to 11.8%), 45.6x its usual yearly move; 169.7 sigma below its rolling median of 96.7%.",99.47667992701717,88.37641657257355,95.4977733308299,0.0,0.0,0.12244897959183673,False,False,0.08163265306122448,False,0001071739-23-000116,10-Q,2023-04-25 00:00:00,https://www.sec.gov/Archives/edgar/data/1071739/000107173923000116/0001071739-23-000116-index.htm
105,95.49761274329,COO,Cooper Companies (The),Health Care,711404,Q,2021,Q1,2021-01-31,Accruals / assets,accruals,0.9979437270904377,-0.024456055525228105,YoY delta + Trend,2,"Accruals / assets rose 10,224 bps year over year (-2.4% to 99.8%), 26.1x its usual yearly move; 25.2 sigma above its rolling median of -5.5%.",95.49761274329,81.31143438813501,75.90833159581,0.0,0.0,0.07407407407407407,False,False,1.0,False,0000711404-22-000042,10-Q,2022-09-01 00:00:00,https://www.sec.gov/Archives/edgar/data/711404/000071140422000042/0000711404-22-000042-index.htm
106,95.49444470546467,ALGN,Align Technology,Health Care,1097149,Q,2020,Q1,2020-03-31,Return on equity,roe,2.8922579240885913,0.22912586527518392,YoY delta + Trend,2,"Return on equity rose 26,631 bps year over year (22.9% to 289.2%), 16.8x its usual yearly move; 38.6 sigma above its rolling median of 31.2%.",95.49444470546467,73.73564428698984,82.84536143293444,0.0,0.0,0.09803921568627451,False,False,0.9803921568627451,False,0001097149-21-000027,10-Q,2021-05-05 00:00:00,https://www.sec.gov/Archives/edgar/data/1097149/000109714921000027/0001097149-21-000027-index.htm
107,95.45775816914747,EW,Edwards Lifesciences,Health Care,1099800,Q,2014,Q2,2014-06-30,Net margin,net_margin,0.9511389323595897,0.18039443155452436,YoY delta + Trend,2,"Net margin rose 7,707 bps year over year (18.0% to 95.1%), 11.7x its usual yearly move; 51.8 sigma above its rolling median of 14.4%.",95.45775816914747,66.05286497660454,86.61966075274941,0.0,0.0,0.09259259259259259,False,False,1.0,False,0001099800-16-000044,10-K,2016-02-19 00:00:00,https://www.sec.gov/Archives/edgar/data/1099800/000109980016000044/0001099800-16-000044-index.htm
108,95.34559002383038,ILMN,"Illumina, Inc.",Health Care,1110803,A,2022,FY,2023-01-01,Net margin,net_margin,-0.9607329842931938,0.16836058329650905,YoY delta + Trend,2,"Net margin fell 11,291 bps year over year (16.8% to -96.1%), 21.1x its usual yearly move; 30.0 sigma below its rolling median of 20.5%.",95.34559002383038,77.89532087102086,78.94377950925467,0.0,0.0,0.09523809523809523,False,False,0.015873015873015872,False,0001110803-25-000019,10-K,2025-02-12 00:00:00,https://www.sec.gov/Archives/edgar/data/1110803/000111080325000019/0001110803-25-000019-index.htm
109,95.32728419107724,BAX,Baxter International,Health Care,10456,Q,2022,Q3,2022-09-30,Operating margin,operating_margin,-0.7980049875311721,0.15902045877247364,YoY delta + Trend,2,"Operating margin fell 9,570 bps year over year (15.9% to -79.8%), 24.0x its usual yearly move; 26.3 sigma below its rolling median of 13.5%.",95.32728419107724,79.99180473986137,76.64599056451635,0.0,0.0,0.0784313725490196,False,False,0.0196078431372549,False,0001628280-23-036195,10-Q,2023-11-02 00:00:00,https://www.sec.gov/Archives/edgar/data/10456/000162828023036195/0001628280-23-036195-index.htm
110,95.316014430663,CNC,Centene Corporation,Health Care,1071739,Q,2022,Q4,2022-12-31,Gross margin,gross_margin,0.1099800343072467,0.9575042986981086,YoY delta + Trend,2,"Gross margin fell 8,475 bps year over year (95.8% to 11.0%), 4.2x its usual yearly move; 92.6 sigma below its rolling median of 96.4%.",95.316014430663,41.081608585639906,92.05004505911312,0.0,0.0,0.09259259259259259,False,False,0.07407407407407407,False,0001071739-25-000027,10-K,2025-02-18 00:00:00,https://www.sec.gov/Archives/edgar/data/1071739/000107173925000027/0001071739-25-000027-index.htm
111,95.2613053639927,PPG,PPG Industries,Materials,79879,Q,2013,Q1,2013-03-31,Return on assets,roa,0.6168810392269789,0.0035596933187294635,YoY delta + Trend,2,"Return on assets rose 6,133 bps year over year (0.4% to 61.7%), 22.7x its usual yearly move; 27.3 sigma above its rolling median of 6.8%. Reverses the prior year's flagged move.",95.2613053639927,79.08757341951024,77.34029277870475,0.0,0.0,0.05263157894736842,False,True,1.0,False,0000079879-15-000009,10-K,2015-02-19 00:00:00,https://www.sec.gov/Archives/edgar/data/79879/000007987915000009/0000079879-15-000009-index.htm
112,95.25000266740754,ECL,Ecolab,Materials,31462,Q,2020,Q2,2020-06-30,Return on equity,roe,-1.1064160301962895,0.18105204273353562,YoY delta + Trend,2,"Return on equity fell 12,875 bps year over year (18.1% to -110.6%), 21.8x its usual yearly move; 28.4 sigma below its rolling median of 19.2%.",95.25000266740754,78.40926936328944,77.9998305174718,0.0,0.0,0.045454545454545456,False,False,0.045454545454545456,False,0001558370-21-010420,10-Q,2021-08-05 00:00:00,https://www.sec.gov/Archives/edgar/data/31462/000155837021010420/0001558370-21-010420-index.htm
113,95.23980292330121,HST,Host Hotels & Resorts,Real Estate,1070750,Q,2020,Q2,2020-06-30,SG&A % of revenue,sga_pct,0.24271844660194175,0.016857720836142953,YoY delta + Trend,2,"SG&A % of revenue rose 2,259 bps year over year (1.7% to 24.3%), 15.8x its usual yearly move; 44.7 sigma above its rolling median of 1.9%.",95.81801508328657,72.47546691699851,84.8063365721683,0.0,0.0,0.10344827586206896,False,False,0.9655172413793104,False,0001564590-21-041518,10-Q,2021-08-05 00:00:00,https://www.sec.gov/Archives/edgar/data/1070750/000156459021041518/0001564590-21-041518-index.htm
114,95.23142491411537,TSCO,Tractor Supply,Consumer Discretionary,916365,Q,2020,Q4,2020-12-26,Gross margin,gross_margin,0.09373794766877783,0.33844606108719605,YoY delta + Trend,2,"Gross margin fell 2,447 bps year over year (33.8% to 9.4%), 42.0x its usual yearly move; 25.0 sigma below its rolling median of 34.5%.",95.23142491411537,80.30902448678505,75.78294136476701,0.0,0.0,0.06666666666666667,False,False,0.06666666666666667,False,0000916365-23-000045,10-K,2023-02-23 00:00:00,https://www.sec.gov/Archives/edgar/data/916365/000091636523000045/0000916365-23-000045-index.htm
115,95.2309839058532,CNC,Centene Corporation,Health Care,1071739,Q,2022,Q2,2022-06-30,Gross margin,gross_margin,0.1268087711487088,0.9643190975020145,YoY delta + Trend,2,"Gross margin fell 8,375 bps year over year (96.4% to 12.7%), 6.8x its usual yearly move; 167.8 sigma below its rolling median of 96.6%.",97.86583326293214,53.103679098989,95.44918088228569,0.0,0.0,0.11538461538461539,False,False,0.07692307692307693,False,0001071739-23-000183,10-Q,2023-07-28 00:00:00,https://www.sec.gov/Archives/edgar/data/1071739/000107173923000183/0001071739-23-000183-index.htm
116,95.21724906788353,ECHO,EchoStar,Communication Services,1415404,Q,2022,Q1,2022-03-31,Asset turnover,asset_turnover,3.1573304760712624,0.2752664300965957,YoY delta + Trend,2,"Asset turnover rose 1,047% year over year (0.28x to 3.16x), 10.9x its usual yearly move; 154.5 sigma above its rolling median of 0.27x.",98.25148613984946,64.4839216765876,95.0768385962312,0.0,0.0,0.11764705882352941,False,False,1.0,False,0001558370-24-002209,10-K,2024-02-29 00:00:00,https://www.sec.gov/Archives/edgar/data/1415404/000155837024002209/0001558370-24-002209-index.htm
117,95.12541385589704,CCI,Crown Castle,Real Estate,1051470,Q,2024,Q4,2024-12-31,Accruals / assets,accruals,-0.6380423571963435,-0.052313987517157434,YoY delta + Trend,2,"Accruals / assets fell 5,857 bps year over year (-5.2% to -63.8%), 13.6x its usual yearly move; 42.2 sigma below its rolling median of -3.8%.",95.12541385589704,69.42377505691017,84.05759326674296,0.0,0.0,0.034482758620689655,False,False,0.034482758620689655,False,0001051470-26-000016,10-K,2026-02-23 00:00:00,https://www.sec.gov/Archives/edgar/data/1051470/000105147026000016/0001051470-26-000016-index.htm
118,95.12146473841594,DHI,D. R. Horton,Consumer Discretionary,882184,Q,2012,Q3,2012-06-30,Net margin,net_margin,0.6850434782608695,0.028722978382706165,YoY delta + Trend,2,"Net margin rose 6,563 bps year over year (2.9% to 68.5%); 54.4 sigma above its rolling median of 3.2%.",97.00772607883778,76.64425877595413,87.18827250028983,0.0,0.0,0.1111111111111111,False,False,1.0,False,0000882184-13-000084,10-K,2013-11-26 00:00:00,https://www.sec.gov/Archives/edgar/data/882184/000088218413000084/0000882184-13-000084-index.htm
119,95.11361844321625,DHI,D. R. Horton,Consumer Discretionary,882184,Q,2012,Q3,2012-06-30,Return on assets,roa,0.5190620907765671,0.020636161817707912,YoY delta + Trend,2,"Return on assets rose 4,984 bps year over year (2.1% to 51.9%); 36.1 sigma above its rolling median of 2.1%.",96.48262871553122,80.59589768462263,81.87305329924313,0.0,0.0,0.10810810810810811,False,False,1.0,False,0000882184-13-000084,10-K,2013-11-26 00:00:00,https://www.sec.gov/Archives/edgar/data/882184/000088218413000084/0000882184-13-000084-index.htm
120,95.09729059505752,PSA,Public Storage,Real Estate,1393311,Q,2022,Q3,2022-09-30,Return on assets,roa,0.6272893370690997,0.13167829670552034,YoY delta + Trend,2,"Return on assets rose 4,956 bps year over year (13.2% to 62.7%), 21.3x its usual yearly move; 27.9 sigma above its rolling median of 12.9%.",95.09729059505752,78.01412286587939,77.70064221211442,0.0,0.0,0.1,False,False,1.0,False,0001393311-23-000096,10-Q,2023-10-30 00:00:00,https://www.sec.gov/Archives/edgar/data/1393311/000139331123000096/0001393311-23-000096-index.htm
121,95.08021657414459,MRNA,Moderna,Health Care,1682852,Q,2018,Q4,2019-01-01,Operating margin,operating_margin,-4.320346686993592,-0.45512708913649025,YoY delta,1,"Operating margin fell 38,652 bps year over year (-45.5% to -432.0%).",95.08021657414459,95.08021657414459,0.0,0.0,0.0,0.037037037037037035,False,False,0.018518518518518517,False,0001682852-20-000006,10-K,2020-02-27 00:00:00,https://www.sec.gov/Archives/edgar/data/1682852/000168285220000006/0001682852-20-000006-index.htm
122,95.05859043504373,MLM,Martin Marietta Materials,Materials,916076,Q,2024,Q1,2024-03-31,EBITDA margin,ebitda_margin,1.46875,0.2363367799113737,YoY delta + Trend,2,"EBITDA margin rose 12,324 bps year over year (23.6% to 146.9%), 31.3x its usual yearly move; 18.1 sigma above its rolling median of 29.7%.",95.05859043504373,83.90163061922306,69.30490630400857,0.0,0.0,0.041666666666666664,False,False,1.0,False,0000950170-25-060940,10-Q,2025-04-30 00:00:00,https://www.sec.gov/Archives/edgar/data/916076/000095017025060940/0000950170-25-060940-index.htm
123,95.01501265961188,FDS,FactSet,Financials,1013237,Q,2016,Q4,2016-08-31,Net margin,net_margin,0.5022990626229155,0.23754388243518387,YoY delta + Trend,2,"Net margin rose 2,648 bps year over year (23.8% to 50.2%), 17.6x its usual yearly move; 36.0 sigma above its rolling median of 23.2%.",95.01501265961188,72.58435097521243,81.81700044423174,0.0,0.0,0.0847457627118644,False,False,0.9661016949152542,False,0001437749-17-017840,10-K,2017-10-30 00:00:00,https://www.sec.gov/Archives/edgar/data/1013237/000143774917017840/0001437749-17-017840-index.htm
124,95.01276758270268,TSLA,"Tesla, Inc.",Consumer Discretionary,1318605,Q,2012,Q1,2012-03-31,Net margin,net_margin,-2.9791825504690554,-0.998184784825617,YoY delta + Trend,2,"Net margin fell 19,810 bps year over year (-99.8% to -297.9%); 6.7 sigma below its rolling median of -124.2%. Reverses the prior year's flagged move.",95.01276758270268,90.82988514933228,45.61428620565006,0.0,0.0,0.05,False,True,0.025,False,0001193125-14-069681,10-K,2014-02-26 00:00:00,https://www.sec.gov/Archives/edgar/data/1318605/000119312514069681/0001193125-14-069681-index.htm
125,95.00712386485469,MMM,3M,Industrials,66740,Q,2023,Q2,2023-06-30,Return on assets,roa,-0.5714763068312345,0.006820492081015204,YoY delta + Trend,2,"Return on assets fell 5,783 bps year over year (0.7% to -57.1%), 12.4x its usual yearly move; 44.4 sigma below its rolling median of 11.7%.",95.00712386485469,67.30359359084349,84.72958748840647,0.0,0.0,0.038461538461538464,False,False,0.01282051282051282,False,0000066740-25-000006,10-K,2025-02-05 00:00:00,https://www.sec.gov/Archives/edgar/data/66740/000006674025000006/0000066740-25-000006-index.htm
126,94.97103464516302,SBUX,Starbucks,Consumer Discretionary,829224,Q,2013,Q4,2013-09-29,Net margin,net_margin,-0.3251689189189189,0.10662584346481971,YoY delta + Trend,2,"Net margin fell 4,318 bps year over year (10.7% to -32.5%), 16.1x its usual yearly move; 35.2 sigma below its rolling median of 10.8%.",94.97103464516302,72.86767628560224,81.46503997308434,0.0,0.0,0.07692307692307693,False,False,0.02564102564102564,False,0000829224-14-000041,10-K,2014-11-14 00:00:00,https://www.sec.gov/Archives/edgar/data/829224/000082922414000041/0000829224-14-000041-index.htm
127,94.96951189888907,APD,Air Products,Materials,2969,Q,2017,Q2,2017-03-31,Return on assets,roa,0.5037291923482826,-0.11113230861345832,YoY delta + Trend,2,"Return on assets rose 6,149 bps year over year (-11.1% to 50.4%), 15.0x its usual yearly move; 37.5 sigma above its rolling median of 7.2%. Reverses the prior year's flagged move.",94.96951189888907,71.40278701505477,82.40916657242371,0.0,0.0,0.058823529411764705,False,True,1.0,False,0000002969-18-000044,10-K,2018-11-20 00:00:00,https://www.sec.gov/Archives/edgar/data/2969/000000296918000044/0000002969-18-000044-index.htm
128,94.95933823028699,MPWR,Monolithic Power Systems,Information Technology,1280452,Q,2024,Q4,2024-12-31,Net margin,net_margin,2.331421263863978,0.21344149493845976,YoY delta + Trend,2,"Net margin rose 21,180 bps year over year (21.3% to 233.1%), 51.9x its usual yearly move; 74.4 sigma above its rolling median of 22.9%.",98.99366927255907,89.63285095169185,90.29308132108747,0.0,0.0,0.1232876712328767,False,False,1.0,False,0001437749-26-006113,10-K,2026-02-27 00:00:00,https://www.sec.gov/Archives/edgar/data/1280452/000143774926006113/0001437749-26-006113-index.htm
129,94.94253696924008,EFX,Equifax,Industrials,33185,Q,2019,Q4,2019-12-31,Debt / EBITDA,debt_to_ebitda,1890.611111111111,3.4754549024741457,YoY delta + Trend,2,"Debt / EBITDA rose 619% year over year (3.48x to 1890.61x), 4.0x its usual yearly move; 129.8 sigma above its rolling median of 2.49x.",96.52616943655862,40.180973332245394,94.19276648759993,0.0,0.0,0.109375,False,False,1.0,False,0000033185-20-000011,10-K,2020-02-20 00:00:00,https://www.sec.gov/Archives/edgar/data/33185/000003318520000011/0000033185-20-000011-index.htm
130,94.91311447627777,BALL,Ball Corporation,Materials,9389,Q,2024,Q1,2024-03-31,Return on equity,roe,2.6620926243567755,0.2028169014084507,YoY delta + Trend,2,"Return on equity rose 24,593 bps year over year (20.3% to 266.2%), 12.4x its usual yearly move; 43.3 sigma above its rolling median of 20.6%.",94.91311447627777,67.40934179171097,84.39158395877857,0.0,0.0,0.08333333333333333,False,False,1.0,False,0001558370-25-006439,10-Q,2025-05-06 00:00:00,https://www.sec.gov/Archives/edgar/data/9389/000155837025006439/0001558370-25-006439-index.htm
131,94.89395537678529,GEN,Gen Digital,Information Technology,849399,A,2014,FY,2014-03-28,Gross margin,gross_margin,0.5080886758538047,0.8298580944106574,YoY delta + Trend,2,"Gross margin fell 3,218 bps year over year (83.0% to 50.8%), 31.8x its usual yearly move; 16.9 sigma below its rolling median of 82.3%.",94.89395537678529,84.13780388674047,67.8099767096785,0.0,0.0,0.07936507936507936,False,False,0.47619047619047616,False,0000849399-16-000022,10-K,2016-05-20 00:00:00,https://www.sec.gov/Archives/edgar/data/849399/000084939916000022/0000849399-16-000022-index.htm
132,94.87347262759745,MSI,Motorola Solutions,Information Technology,68505,Q,2014,Q4,2014-12-31,Operating margin,operating_margin,-0.7993421052631579,0.17831590533847,YoY delta + Trend,2,"Operating margin fell 9,777 bps year over year (17.8% to -79.9%), 13.7x its usual yearly move; 39.4 sigma below its rolling median of 13.3%.",94.87347262759745,69.60418306053195,83.13410235819026,0.0,0.0,0.08333333333333333,False,False,0.03333333333333333,False,0000068505-16-000017,10-K,2016-02-23 00:00:00,https://www.sec.gov/Archives/edgar/data/68505/000006850516000017/0000068505-16-000017-index.htm
133,94.8626979232098,MO,Altria,Consumer Staples,764180,Q,2016,Q4,2016-12-31,Net margin,net_margin,1.6436340371081255,0.19737258626147516,YoY delta + Trend,2,"Net margin rose 14,463 bps year over year (19.7% to 164.4%), 26.8x its usual yearly move; 61.1 sigma above its rolling median of 20.1%.",97.88563670376732,81.72906409302024,88.42772309531794,0.0,0.0,0.11764705882352941,False,False,1.0,False,0000764180-18-000028,10-K,2018-02-27 00:00:00,https://www.sec.gov/Archives/edgar/data/764180/000076418018000028/0000764180-18-000028-index.htm
134,94.81958813998544,TSLA,"Tesla, Inc.",Consumer Discretionary,1318605,Q,2012,Q2,2012-06-30,Net margin,net_margin,-3.962143098337898,-1.0125835897612212,YoY delta + Trend,2,"Net margin fell 29,496 bps year over year (-101.3% to -396.2%); 7.4 sigma below its rolling median of -135.6%. Reverses the prior year's flagged move.",96.69986325890866,93.64990566282768,48.030114737462625,0.0,0.0,0.1111111111111111,False,True,0.027777777777777776,False,0001193125-14-069681,10-K,2014-02-26 00:00:00,https://www.sec.gov/Archives/edgar/data/1318605/000119312514069681/0001193125-14-069681-index.htm
135,94.77493347118615,MGM,MGM Resorts,Consumer Discretionary,789570,Q,2011,Q2,2011-06-30,Operating margin,operating_margin,2.0397511607239265,-0.677824173139649,YoY delta + Trend,2,"Operating margin rose 27,176 bps year over year (-67.8% to 204.0%); 8.4 sigma above its rolling median of -7.0%. Reverses the prior year's flagged move.",96.65432308676206,93.1449927726407,51.193677814300955,0.0,0.0,0.1111111111111111,False,True,1.0,False,0001047469-13-001980,10-K,2013-03-01 00:00:00,https://www.sec.gov/Archives/edgar/data/789570/000104746913001980/0001047469-13-001980-index.htm
136,94.72038050262117,ORCL,Oracle Corporation,Information Technology,1341439,Q,2016,Q2,2015-11-30,Gross margin,gross_margin,0.5974646947625931,0.9204000833506981,YoY delta + Trend,2,"Gross margin fell 3,229 bps year over year (92.0% to 59.7%), 7.5x its usual yearly move; 59.2 sigma below its rolling median of 92.0%.",94.72038050262117,55.631202668488704,88.1006026421429,0.0,0.0,0.03076923076923077,False,False,0.6461538461538462,False,0001193125-16-797253,10-Q,2016-12-19 00:00:00,https://www.sec.gov/Archives/edgar/data/1341439/000119312516797253/0001193125-16-797253-index.htm
137,94.71125848562322,C,Citigroup,Financials,831001,Q,2020,Q1,2020-03-31,Gross margin,gross_margin,0.667875548768849,0.8934108527131783,YoY delta + Trend,2,"Gross margin fell 2,255 bps year over year (89.3% to 66.8%); 44.5 sigma below its rolling median of 89.1%.",94.71125848562322,65.2712765873169,84.77127577789022,0.0,0.0,0.07692307692307693,False,False,0.6923076923076923,False,0000831001-22-000036,10-K,2022-02-28 00:00:00,https://www.sec.gov/Archives/edgar/data/831001/000083100122000036/0000831001-22-000036-index.htm
138,94.70817950953608,ROP,Roper Technologies,Information Technology,882835,Q,2022,Q1,2022-03-31,Net margin,net_margin,1.578762306610408,0.25015147580714964,YoY delta + Trend,2,"Net margin rose 13,286 bps year over year (25.0% to 157.9%), 13.6x its usual yearly move; 38.3 sigma above its rolling median of 21.7%.",94.70817950953608,69.37952732338502,82.71803134343739,0.0,0.0,0.06557377049180328,False,False,1.0,False,0000882835-24-000008,10-K,2024-02-22 00:00:00,https://www.sec.gov/Archives/edgar/data/882835/000088283524000008/0000882835-24-000008-index.htm
139,94.693081168183,HOOD,Robinhood Markets,Financials,1783879,Q,2021,Q3,2021-09-30,Net margin,net_margin,-3.6082191780821917,-0.03955403851148295,YoY delta,1,"Net margin fell 35,687 bps year over year (-4.0% to -360.8%).",94.693081168183,94.693081168183,0.0,0.0,0.0,0.07246376811594203,False,False,0.014492753623188406,False,0001783879-22-000230,10-Q,2022-11-03 00:00:00,https://www.sec.gov/Archives/edgar/data/1783879/000178387922000230/0001783879-22-000230-index.htm
140,94.6423239508358,APD,Air Products,Materials,2969,Q,2017,Q2,2017-03-31,Return on equity,roe,1.0340496028254313,-0.2650853770381624,YoY delta + Trend,2,"Return on equity rose 12,991 bps year over year (-26.5% to 103.4%), 13.5x its usual yearly move; 37.9 sigma above its rolling median of 17.0%. Reverses the prior year's flagged move.",94.6423239508358,69.29276971216142,82.5523956444679,0.0,0.0,0.058823529411764705,False,True,1.0,False,0000002969-18-000044,10-K,2018-11-20 00:00:00,https://www.sec.gov/Archives/edgar/data/2969/000000296918000044/0000002969-18-000044-index.htm
141,94.63547764033586,OMC,Omnicom Group,Communication Services,29989,A,2025,FY,2025-12-31,Debt / EBITDA,debt_to_ebitda,12.854033823121707,2.413464213329094,YoY delta + Trend,2,"Debt / EBITDA rose 433% year over year (2.41x to 12.85x), 8.9x its usual yearly move; 51.9 sigma above its rolling median of 2.39x.",94.63547764033586,59.84672726099366,86.63988762626354,0.0,0.0,0.06666666666666667,False,False,1.0,False,0000029989-26-000006,10-K,2026-02-20 00:00:00,https://www.sec.gov/Archives/edgar/data/29989/000002998926000006/0000029989-26-000006-index.htm
142,94.63020070842555,IBKR,Interactive Brokers,Financials,1381197,Q,2014,Q1,2014-03-31,Net margin,net_margin,0.5447154471544715,0.028640066391491407,YoY delta + Trend,2,"Net margin rose 5,161 bps year over year (2.9% to 54.5%), 8.1x its usual yearly move; 55.4 sigma above its rolling median of 3.5%. An input changed XBRL tag versus the comparison period.",94.63020070842555,57.43636105361257,87.38406906811191,0.0,0.0,0.05084745762711865,False,False,1.0,True,0001381197-15-000020,10-Q,2015-05-11 00:00:00,https://www.sec.gov/Archives/edgar/data/1381197/000138119715000020/0001381197-15-000020-index.htm
143,94.63004515743343,PAYX,Paychex,Industrials,723531,Q,2026,Q1,2025-08-31,Debt / EBITDA,debt_to_ebitda,1.9938776332218955,0.34661692385958964,YoY delta + Trend,2,"Debt / EBITDA rose 475% year over year (0.35x to 1.99x), 4.4x its usual yearly move; 78.1 sigma above its rolling median of 0.36x. An input changed XBRL tag versus the comparison period.",94.63004515743343,42.173957351343354,90.71360481090899,0.0,0.0,0.058823529411764705,False,False,0.39705882352941174,True,0001193125-25-224997,10-Q,2025-09-30 00:00:00,https://www.sec.gov/Archives/edgar/data/723531/000119312525224997/0001193125-25-224997-index.htm
144,94.62965588703723,IFF,International Flavors & Fragrances,Materials,51253,Q,2023,Q4,2023-12-31,EBITDA margin,ebitda_margin,-0.8320384757676655,0.1360759493670886,YoY delta + Trend,2,"EBITDA margin fell 9,681 bps year over year (13.6% to -83.2%), 6.6x its usual yearly move; 62.9 sigma below its rolling median of 14.6%.",94.62965588703723,52.41657166885843,88.71383525459834,0.0,0.0,0.08333333333333333,False,False,0.041666666666666664,False,0000051253-26-000006,10-K,2026-02-27 00:00:00,https://www.sec.gov/Archives/edgar/data/51253/000005125326000006/0000051253-26-000006-index.htm
145,94.62130087892781,JCI,Johnson Controls,Industrials,833444,Q,2014,Q3,2014-06-27,Return on equity,roe,1.0513912807033445,0.11463751194140749,YoY delta + Trend,2,"Return on equity rose 9,368 bps year over year (11.5% to 105.1%), 17.9x its usual yearly move; 29.4 sigma above its rolling median of 10.2%.",94.62130087892781,74.8632197255867,78.60227498369329,0.0,0.0,0.08823529411764706,False,False,0.9852941176470589,False,0000833444-15-000062,10-Q,2015-07-31 00:00:00,https://www.sec.gov/Archives/edgar/data/833444/000083344415000062/0000833444-15-000062-index.htm
146,94.60873827215055,NCLH,Norwegian Cruise Line Holdings,Consumer Discretionary,1513761,Q,2022,Q3,2022-09-30,Gross margin,gross_margin,0.23312266714535967,-1.8727013803149966,YoY delta,1,"Gross margin rose 21,058 bps year over year (-187.3% to 23.3%).",94.60873827215055,94.60873827215055,0.0,0.0,0.0,0.08823529411764706,False,False,0.20588235294117646,False,0001558370-23-018153,10-Q,2023-11-08 00:00:00,https://www.sec.gov/Archives/edgar/data/1513761/000155837023018153/0001558370-23-018153-index.htm
147,94.60565696934087,VRSK,Verisk Analytics,Industrials,1442145,Q,2019,Q3,2019-09-30,SG&A % of revenue,sga_pct,0.39068484755630456,0.15984633372306664,YoY delta + Trend,2,"SG&A % of revenue rose 2,308 bps year over year (16.0% to 39.1%), 12.9x its usual yearly move; 39.0 sigma above its rolling median of 15.5%. An input changed XBRL tag versus the comparison period.",94.60565696934087,68.29011429936311,82.98845009538844,0.0,0.0,0.08064516129032258,False,False,0.9838709677419355,True,0001437749-20-022527,10-Q,2020-11-04 00:00:00,https://www.sec.gov/Archives/edgar/data/1442145/000143774920022527/0001437749-20-022527-index.htm
148,94.57883675569698,PCG,PG&E Corporation,Utilities,1004980,A,2018,FY,2018-12-31,Operating margin,operating_margin,-0.5787934840980965,0.16953603735045228,YoY delta + Trend,2,"Operating margin fell 7,483 bps year over year (17.0% to -57.9%), 23.3x its usual yearly move; 30.8 sigma below its rolling median of 12.4%.",95.77603722095897,79.52445166091897,79.37069762874732,0.0,0.0,0.10714285714285714,False,False,0.03571428571428571,False,0001004980-21-000007,10-K,2021-02-25 00:00:00,https://www.sec.gov/Archives/edgar/data/1004980/000100498021000007/0001004980-21-000007-index.htm
149,94.54879825432236,PSA,Public Storage,Real Estate,1393311,Q,2022,Q3,2022-09-30,Accruals / assets,accruals,0.4172824250346982,-0.05217092659219962,YoY delta + Trend,2,"Accruals / assets rose 4,695 bps year over year (-5.2% to 41.7%), 22.6x its usual yearly move; 22.8 sigma above its rolling median of -4.6%.",94.54879825432236,79.01710842667661,74.02073147721916,0.0,0.0,0.06666666666666667,False,False,1.0,False,0001393311-23-000096,10-Q,2023-10-30 00:00:00,https://www.sec.gov/Archives/edgar/data/1393311/000139331123000096/0001393311-23-000096-index.htm
150,94.52991837003918,NRG,NRG Energy,Utilities,1013871,Q,2015,Q4,2015-12-31,Return on assets,roa,-0.6931796349663785,0.011820947414167754,YoY delta + Trend,2,"Return on assets fell 7,050 bps year over year (1.2% to -69.3%), 23.2x its usual yearly move; 37.7 sigma below its rolling median of 0.3%.",96.40444932921842,79.45586249140005,82.49841021908827,0.0,0.0,0.1111111111111111,False,False,0.037037037037037035,False,0001013871-17-000007,10-K,2017-02-28 00:00:00,https://www.sec.gov/Archives/edgar/data/1013871/000101387117000007/0001013871-17-000007-index.htm
151,94.50657863612822,PPG,PPG Industries,Materials,79879,Q,2013,Q1,2013-03-31,Return on equity,roe,2.1785310734463277,0.01589727911953531,YoY delta + Trend,2,"Return on equity rose 21,626 bps year over year (1.6% to 217.9%), 20.7x its usual yearly move; 24.7 sigma above its rolling median of 26.8%. Reverses the prior year's flagged move.",94.50657863612822,77.51184419665645,75.5719347913135,0.0,0.0,0.05263157894736842,False,True,1.0,False,0000079879-15-000009,10-K,2015-02-19 00:00:00,https://www.sec.gov/Archives/edgar/data/79879/000007987915000009/0000079879-15-000009-index.htm
152,94.42713610572417,EMR,Emerson Electric,Industrials,32604,A,2023,FY,2023-09-30,Net margin,net_margin,0.8716782063963073,0.23406259055346276,YoY delta + Trend,2,"Net margin rose 6,376 bps year over year (23.4% to 87.2%), 20.0x its usual yearly move; 25.1 sigma above its rolling median of 12.6%.",94.42713610572417,76.92327886110456,75.85071180288759,0.0,0.0,0.07407407407407407,False,False,1.0,False,0000032604-25-000087,10-K,2025-11-10 00:00:00,https://www.sec.gov/Archives/edgar/data/32604/000003260425000087/0000032604-25-000087-index.htm
153,94.39947407090521,LYV,Live Nation Entertainment,Communication Services,1335258,Q,2020,Q3,2020-09-30,Net margin,net_margin,-2.8741862209131717,0.04741387991151352,YoY delta + Trend,2,"Net margin fell 29,216 bps year over year (4.7% to -287.4%), 82.0x its usual yearly move; 34.6 sigma below its rolling median of -2.3%.",98.71840425715577,93.17824463794493,81.21310901922837,0.0,0.0,0.125,False,False,0.0625,False,0001335258-21-000136,10-Q,2021-11-04 00:00:00,https://www.sec.gov/Archives/edgar/data/1335258/000133525821000136/0001335258-21-000136-index.htm
154,94.35056478233447,IFF,International Flavors & Fragrances,Materials,51253,Q,2022,Q3,2022-09-30,EBITDA margin,ebitda_margin,-0.5523996082272282,0.1937479648323022,YoY delta + Trend,2,"EBITDA margin fell 7,461 bps year over year (19.4% to -55.2%), 22.5x its usual yearly move; 21.9 sigma below its rolling median of 16.3%.",94.35056478233447,78.91992128591365,73.20012275907484,0.0,0.0,0.09523809523809523,False,False,0.047619047619047616,False,0000051253-23-000036,10-Q,2023-11-08 00:00:00,https://www.sec.gov/Archives/edgar/data/51253/000005125323000036/0000051253-23-000036-index.htm
155,94.30277522788754,DLTR,Dollar Tree,Consumer Staples,935703,Q,2018,Q4,2019-02-02,SG&A % of revenue,sga_pct,0.6542093727841165,0.20994874697355595,YoY delta + Trend,2,"SG&A % of revenue rose 4,443 bps year over year (21.0% to 65.4%), 12.0x its usual yearly move; 38.9 sigma above its rolling median of 22.4%.",94.30277522788754,66.61892408292707,82.93277069239524,0.0,0.0,0.08333333333333333,False,False,1.0,False,0000935703-21-000014,10-K,2021-03-16 00:00:00,https://www.sec.gov/Archives/edgar/data/935703/000093570321000014/0000935703-21-000014-index.htm
156,94.14360456735204,FIS,Fidelity National Information Services,Financials,1136893,Q,2023,Q2,2023-06-30,Return on equity,roe,-1.1137807993581488,0.02369242612154129,YoY delta + Trend,2,"Return on equity fell 11,375 bps year over year (2.4% to -111.4%), 4.1x its usual yearly move; 72.9 sigma below its rolling median of 1.2%.",94.14360456735204,40.81209769553058,90.10541816041734,0.0,0.0,0.015151515151515152,False,False,0.015151515151515152,False,0001136893-25-000014,10-K,2025-02-13 00:00:00,https://www.sec.gov/Archives/edgar/data/1136893/000113689325000014/0001136893-25-000014-index.htm
157,94.11478726833899,SBUX,Starbucks,Consumer Discretionary,829224,Q,2013,Q4,2013-09-29,Return on assets,roa,-0.4789325091962234,0.17361947229264102,YoY delta + Trend,2,"Return on assets fell 6,526 bps year over year (17.4% to -47.9%), 20.2x its usual yearly move; 23.1 sigma below its rolling median of 18.0%.",94.11478726833899,77.08984500244563,74.31177252057327,0.0,0.0,0.1,False,False,0.025,False,0000829224-14-000041,10-K,2014-11-14 00:00:00,https://www.sec.gov/Archives/edgar/data/829224/000082922414000041/0000829224-14-000041-index.htm
158,94.11243587968634,EMR,Emerson Electric,Industrials,32604,Q,2023,Q3,2023-06-30,Return on equity,roe,2.350930115635998,0.3527046433700335,YoY delta + Trend,2,"Return on equity rose 19,982 bps year over year (35.3% to 235.1%), 17.4x its usual yearly move; 26.9 sigma above its rolling median of 28.3%.",94.11243587968634,74.31744440257937,77.07562980646303,0.0,0.0,0.05555555555555555,False,False,1.0,False,0000032604-24-000041,10-K,2024-11-12 00:00:00,https://www.sec.gov/Archives/edgar/data/32604/000003260424000041/0000032604-24-000041-index.htm
159,94.11237523660654,MLM,Martin Marietta Materials,Materials,916076,Q,2024,Q1,2024-03-31,Operating margin,operating_margin,1.3456439393939394,0.1447562776957164,YoY delta + Trend,2,"Operating margin rose 12,009 bps year over year (14.5% to 134.6%), 30.7x its usual yearly move; 14.2 sigma above its rolling median of 22.4%.",94.11237523660654,83.67270718543321,63.939981782278856,0.0,0.0,0.05,False,False,1.0,False,0000950170-25-060940,10-Q,2025-04-30 00:00:00,https://www.sec.gov/Archives/edgar/data/916076/000095017025060940/0000950170-25-060940-index.htm
160,94.07683189844794,PSA,Public Storage,Real Estate,1393311,Q,2022,Q3,2022-09-30,Return on equity,roe,1.1086009947603577,0.220750052728071,YoY delta + Trend,2,"Return on equity rose 8,879 bps year over year (22.1% to 110.9%), 28.7x its usual yearly move; 23.1 sigma above its rolling median of 18.5%.",95.267677871846,81.61512829815022,74.2596945744372,0.0,0.0,0.10714285714285714,False,False,1.0,False,0001393311-23-000096,10-Q,2023-10-30 00:00:00,https://www.sec.gov/Archives/edgar/data/1393311/000139331123000096/0001393311-23-000096-index.htm
161,94.06649054902178,GDDY,GoDaddy,Information Technology,1609711,Q,2020,Q2,2020-06-30,Return on assets,roa,-0.43948654757921707,-0.007875307629204267,YoY delta + Trend,2,"Return on assets fell 4,316 bps year over year (-0.8% to -43.9%), 18.2x its usual yearly move; 25.4 sigma below its rolling median of 1.6%.",94.06649054902178,75.23674122046225,76.03906051379167,0.0,0.0,0.08571428571428572,False,False,0.014285714285714285,False,0001609711-21-000102,10-Q,2021-08-05 00:00:00,https://www.sec.gov/Archives/edgar/data/1609711/000160971121000102/0001609711-21-000102-index.htm
162,94.06526477409021,SBUX,Starbucks,Consumer Discretionary,829224,Q,2019,Q4,2019-09-29,Gross margin,gross_margin,0.947265451311694,0.5874103686782156,YoY delta + Trend,2,"Gross margin rose 3,599 bps year over year (58.7% to 94.7%), 14.8x its usual yearly move; 30.9 sigma above its rolling median of 59.5%.",94.06526477409021,71.17721424858061,79.40957103489716,0.0,0.0,0.03125,False,False,1.0,False,0000829224-20-000078,10-K,2020-11-12 00:00:00,https://www.sec.gov/Archives/edgar/data/829224/000082922420000078/0000829224-20-000078-index.htm
163,94.038515083157,LITE,Lumentum,Information Technology,1633978,Q,2026,Q4,2026-06-27,Accruals / assets,accruals,-4.199227088187285,0.14577053101773313,YoY delta + Trend,2,"Accruals / assets fell 43,450 bps year over year (14.6% to -419.9%), 28.4x its usual yearly move; 96.0 sigma below its rolling median of -7.1%.",98.65880415078162,82.57163840141376,92.30452133075337,0.0,0.0,0.1267605633802817,False,False,0.014084507042253521,False,0001628280-26-057358,10-K,2026-08-17 00:00:00,https://www.sec.gov/Archives/edgar/data/1633978/000162828026057358/0001628280-26-057358-index.htm
164,93.9907371705295,LUV,Southwest Airlines,Industrials,92380,Q,2012,Q2,2012-06-30,Days sales outstanding,dso,9.923635181975737,8.582265473887814e-06,YoY delta,1,"Days sales outstanding rose 115,629,453% year over year (0 days to 10 days). An input changed XBRL tag versus the comparison period.",93.9907371705295,93.9907371705295,0.0,0.0,0.0,0.04918032786885246,False,False,0.01639344262295082,True,0000092380-12-000089,10-Q,2012-07-27 00:00:00,https://www.sec.gov/Archives/edgar/data/92380/000009238012000089/0000092380-12-000089-index.htm
165,93.98924953446345,COHR,Coherent Corp.,Information Technology,820318,Q,2020,Q1,2019-09-30,Trade working capital % of revenue,nwc_pct,0.7525337167936218,0.31550282572121885,YoY delta + Trend,2,"Trade working capital % of revenue rose 4,370 bps year over year (31.6% to 75.3%), 12.7x its usual yearly move; 34.7 sigma above its rolling median of 31.1%.",93.98924953446345,67.94284540692503,81.24989400389579,0.0,0.0,0.046153846153846156,False,False,1.0,False,0001564590-19-042658,10-Q,2019-11-12 00:00:00,https://www.sec.gov/Archives/edgar/data/820318/000156459019042658/0001564590-19-042658-index.htm
166,93.96479817365399,LYV,Live Nation Entertainment,Communication Services,1335258,Q,2020,Q2,2020-06-30,Trade working capital % of revenue,nwc_pct,1.6662639706279359,0.07336691152923543,YoY delta + Trend,2,"Trade working capital % of revenue rose 15,929 bps year over year (7.3% to 166.6%), 200.4x its usual yearly move; 212.4 sigma above its rolling median of 7.3%.",99.78562637910159,94.09296628743392,96.37087527632748,0.0,0.0,0.13333333333333333,False,False,1.0,False,0001335258-20-000150,10-Q,2020-08-05 00:00:00,https://www.sec.gov/Archives/edgar/data/1335258/000133525820000150/0001335258-20-000150-index.htm
167,93.92467256234681,CAH,Cardinal Health,Health Care,721371,Q,2020,Q1,2019-09-30,Return on assets,roa,-0.49132789298994284,0.05932818088592081,YoY delta + Trend,2,"Return on assets fell 5,507 bps year over year (5.9% to -49.1%), 11.1x its usual yearly move; 38.3 sigma below its rolling median of 2.9%.",93.92467256234681,64.86522232495537,82.7085075253846,0.0,0.0,0.08771929824561403,False,False,0.017543859649122806,False,0000721371-20-000131,10-Q,2020-11-05 00:00:00,https://www.sec.gov/Archives/edgar/data/721371/000072137120000131/0000721371-20-000131-index.htm
168,93.87509956769401,IFF,International Flavors & Fragrances,Materials,51253,Q,2022,Q3,2022-09-30,Net margin,net_margin,-0.7172706496898466,0.06317160534028005,YoY delta + Trend,2,"Net margin fell 7,804 bps year over year (6.3% to -71.7%), 17.7x its usual yearly move; 25.1 sigma below its rolling median of 6.3%.",93.87509956769401,74.64909120914471,75.83952321853094,0.0,0.0,0.08695652173913043,False,False,0.043478260869565216,False,0000051253-23-000036,10-Q,2023-11-08 00:00:00,https://www.sec.gov/Archives/edgar/data/51253/000005125323000036/0000051253-23-000036-index.htm
169,93.86548054124059,CNP,CenterPoint Energy,Utilities,1130310,Q,2024,Q3,2024-09-30,Days payables outstanding,dpo,153665.0,69623.75,Trend,1,Days payables outstanding of 153665 days is 179.2 sigma above its rolling median of 2131 days. An input changed XBRL tag versus the comparison period.,95.72683567945215,0.0,95.72683567945215,0.0,0.0,0.1111111111111111,False,False,1.0,True,0001130310-24-000115,10-Q,2024-10-28 00:00:00,https://www.sec.gov/Archives/edgar/data/1130310/000113031024000115/0001130310-24-000115-index.htm
170,93.84044899433108,PLD,Prologis,Real Estate,1045609,Q,2011,Q4,2011-12-31,Operating margin,operating_margin,0.10869855531254857,-2.938291360282445,YoY delta,1,"Operating margin rose 30,470 bps year over year (-293.8% to 10.9%).",93.84044899433108,93.84044899433108,0.0,0.0,0.0,0.1,False,False,0.2,False,0001193125-13-081863,10-K,2013-02-28 00:00:00,https://www.sec.gov/Archives/edgar/data/1045609/000119312513081863/0001193125-13-081863-index.htm
171,93.81516113008122,ECL,Ecolab,Materials,31462,Q,2020,Q2,2020-06-30,Return on assets,roa,-0.4017416258473109,0.07131087864505499,YoY delta + Trend,2,"Return on assets fell 4,731 bps year over year (7.1% to -40.2%), 18.1x its usual yearly move; 24.1 sigma below its rolling median of 7.6%.",93.81516113008122,75.14848243752034,75.11283222696818,0.0,0.0,0.09090909090909091,False,False,0.045454545454545456,False,0001558370-21-010420,10-Q,2021-08-05 00:00:00,https://www.sec.gov/Archives/edgar/data/31462/000155837021010420/0001558370-21-010420-index.htm
172,93.8121690520934,AES,AES Corporation,Utilities,874761,Q,2025,Q2,2025-06-30,Days sales outstanding,dso,0.35157618213660247,46.741587355540446,YoY delta + Trend,2,"Days sales outstanding fell 99% year over year (47 days to 0 days), 32.8x its usual yearly move; 12.0 sigma below its rolling median of 50 days.",93.8121690520934,84.553779283086,59.939514905864506,0.0,0.0,0.07142857142857142,False,False,0.07142857142857142,False,0000874761-26-000063,10-K,2026-03-02 00:00:00,https://www.sec.gov/Archives/edgar/data/874761/000087476126000063/0000874761-26-000063-index.htm
173,93.80813985961733,SNPS,Synopsys,Information Technology,883241,A,2025,FY,2025-10-31,Asset turnover,asset_turnover,0.23016005312536839,0.5235627486361593,YoY delta + Trend + Benford,3,"Asset turnover fell 56% year over year (0.52x to 0.23x), 17.3x its usual yearly move; 14.2 sigma below its rolling median of 0.53x; the filing's leading digits also depart from Benford's Law.",93.80813985961733,69.26798018416878,63.957552136401624,44.09949199398369,0.0,0.04054054054054054,False,False,0.02702702702702703,False,0000883241-25-000028,10-K,2025-12-22 00:00:00,https://www.sec.gov/Archives/edgar/data/883241/000088324125000028/0000883241-25-000028-index.htm
174,93.77365396060458,FANG,Diamondback Energy,Energy,1539838,A,2016,FY,2016-12-31,Current ratio,current_ratio,8.560948113613131,0.7689452061575014,YoY delta + Trend,2,"Current ratio rose 1,013% year over year (0.77x to 8.56x), 6.0x its usual yearly move; 56.2 sigma above its rolling median of 0.73x.",93.77365396060458,49.99581310058823,87.54835059728035,0.0,0.0,0.05555555555555555,False,False,1.0,False,0001539838-18-000014,10-K,2018-02-15 00:00:00,https://www.sec.gov/Archives/edgar/data/1539838/000153983818000014/0001539838-18-000014-index.htm
175,93.76430864958151,LYV,Live Nation Entertainment,Communication Services,1335258,Q,2020,Q2,2020-06-30,SG&A % of revenue,sga_pct,4.364667134603963,0.1626530047902936,YoY delta + Trend,2,"SG&A % of revenue rose 42,020 bps year over year (16.3% to 436.5%), 168.3x its usual yearly move; 56.4 sigma above its rolling median of 19.1%.",99.57271714999807,96.55809748623186,87.58585264130122,0.0,0.0,0.13333333333333333,False,False,1.0,False,0001335258-21-000105,10-Q,2021-08-03 00:00:00,https://www.sec.gov/Archives/edgar/data/1335258/000133525821000105/0001335258-21-000105-index.htm
176,93.72894539436638,GDDY,GoDaddy,Information Technology,1609711,Q,2020,Q2,2020-06-30,Net margin,net_margin,-0.8348214285714286,-0.01709169831795985,YoY delta + Trend,2,"Net margin fell 8,177 bps year over year (-1.7% to -83.5%), 15.6x its usual yearly move; 27.4 sigma below its rolling median of 3.8%.",93.72894539436638,72.22357071054994,77.42310741137823,0.0,0.0,0.06944444444444445,False,False,0.013888888888888888,False,0001609711-21-000102,10-Q,2021-08-05 00:00:00,https://www.sec.gov/Archives/edgar/data/1609711/000160971121000102/0001609711-21-000102-index.htm
177,93.72042971215063,PANW,Palo Alto Networks,Information Technology,1327567,Q,2014,Q3,2014-04-30,Net margin,net_margin,-0.9727073656270736,-0.07189329542201028,YoY delta + Trend,2,"Net margin fell 9,008 bps year over year (-7.2% to -97.3%); 15.1 sigma below its rolling median of -5.1%.",93.72042971215063,81.83162757333368,65.43680336146876,0.0,0.0,0.04838709677419355,False,False,0.016129032258064516,False,0001327567-15-000027,10-K,2015-09-17 00:00:00,https://www.sec.gov/Archives/edgar/data/1327567/000132756715000027/0001327567-15-000027-index.htm
178,93.71400143253179,CRM,Salesforce,Information Technology,1108524,A,2013,FY,2013-01-31,Gross margin,gross_margin,0.3549631510363546,0.7843028511752942,YoY delta + Trend,2,"Gross margin fell 4,293 bps year over year (78.4% to 35.5%), 23.3x its usual yearly move; 31.8 sigma below its rolling median of 79.5%. An input changed XBRL tag versus the comparison period.",95.87901136661668,79.51368475207359,79.88418813480658,0.0,0.0,0.11290322580645161,False,False,0.22580645161290322,True,0001108524-15-000008,10-K,2015-03-06 00:00:00,https://www.sec.gov/Archives/edgar/data/1108524/000110852415000008/0001108524-15-000008-index.htm
179,93.71304457631457,SNPS,Synopsys,Information Technology,883241,Q,2025,Q2,2025-04-30,Debt / EBITDA,debt_to_ebitda,6.412732127646678,0.010159466484243542,YoY delta + Trend,2,"Debt / EBITDA rose 63,021% year over year (0.01x to 6.41x), 8.3x its usual yearly move; 1371.5 sigma above its rolling median of 0.01x.",99.75595328492032,57.91570363268905,99.42010028408306,0.0,0.0,0.1346153846153846,False,False,0.9807692307692307,False,0000883241-25-000017,10-Q,2025-05-28 00:00:00,https://www.sec.gov/Archives/edgar/data/883241/000088324125000017/0000883241-25-000017-index.htm
180,93.68891418626507,PAYX,Paychex,Industrials,723531,Q,2026,Q2,2025-11-30,Debt / EBITDA,debt_to_ebitda,1.9165215372111923,0.34224083769633507,YoY delta + Trend,2,"Debt / EBITDA rose 460% year over year (0.34x to 1.92x), 3.2x its usual yearly move; 74.5 sigma above its rolling median of 0.36x. An input changed XBRL tag versus the comparison period.",93.68891418626507,34.955644350641975,90.29725830822765,0.0,0.0,0.04411764705882353,False,False,0.4117647058823529,True,0001193125-25-328698,10-Q,2025-12-22 00:00:00,https://www.sec.gov/Archives/edgar/data/723531/000119312525328698/0001193125-25-328698-index.htm
181,93.68304517308489,CNC,Centene Corporation,Health Care,1071739,Q,2013,Q1,2013-03-31,Debt / EBITDA,debt_to_ebitda,12.403770965876229,1.4241464802471142,YoY delta + Trend,2,Debt / EBITDA rose 771% year over year (1.42x to 12.40x); 61.0 sigma above its rolling median of 1.43x.,95.03146460326637,57.16489855831127,88.40078526836857,0.0,0.0,0.10810810810810811,False,False,1.0,False,0001071739-13-000057,10-Q,2013-04-23 00:00:00,https://www.sec.gov/Archives/edgar/data/1071739/000107173913000057/0001071739-13-000057-index.htm
182,93.65146468819454,AOS,A. O. Smith,Industrials,91142,Q,2022,Q4,2022-12-31,EBITDA margin,ebitda_margin,-0.14496314496314497,0.21818181818181817,YoY delta + Trend,2,"EBITDA margin fell 3,631 bps year over year (21.8% to -14.5%), 14.8x its usual yearly move; 28.3 sigma below its rolling median of 20.9%.",93.65146468819454,71.21353914122092,77.94610687659673,0.0,0.0,0.0547945205479452,False,False,0.0136986301369863,False,0000091142-24-000041,10-K,2024-02-13 00:00:00,https://www.sec.gov/Archives/edgar/data/91142/000009114224000041/0000091142-24-000041-index.htm
183,93.63200425164038,SNPS,Synopsys,Information Technology,883241,Q,2025,Q4,2025-10-31,Debt / EBITDA,debt_to_ebitda,8.559656636559206,0.009450706819095989,YoY delta + Trend + Benford,3,"Debt / EBITDA rose 90,472% year over year (0.01x to 8.56x), 4.0x its usual yearly move; 1792.1 sigma above its rolling median of 0.01x; the filing's leading digits also depart from Benford's Law.",99.85157254128843,40.25312714604592,99.55559051665914,44.09949199398369,0.0,0.13559322033898305,False,False,0.9661016949152542,False,0000883241-25-000028,10-K,2025-12-22 00:00:00,https://www.sec.gov/Archives/edgar/data/883241/000088324125000028/0000883241-25-000028-index.htm
184,93.60679667816497,ECHO,EchoStar,Communication Services,1415404,Q,2022,Q2,2022-06-30,Asset turnover,asset_turnover,3.0588394987221967,0.30381778858884095,YoY delta + Trend,2,"Asset turnover rose 907% year over year (0.30x to 3.06x), 5.3x its usual yearly move; 116.3 sigma above its rolling median of 0.28x.",96.58971432648282,47.006750061058675,93.56467912904662,0.0,0.0,0.11764705882352941,False,False,1.0,False,0001558370-24-002209,10-K,2024-02-29 00:00:00,https://www.sec.gov/Archives/edgar/data/1415404/000155837024002209/0001558370-24-002209-index.htm
185,93.57897321982686,EBAY,eBay Inc.,Consumer Discretionary,1065088,Q,2016,Q4,2016-12-31,Return on assets,roa,1.0707794989740467,0.10572687224669604,YoY delta + Trend,2,"Return on assets rose 9,651 bps year over year (10.6% to 107.1%), 8.3x its usual yearly move; 44.4 sigma above its rolling median of 7.4%.",93.57897321982686,57.90488846605612,84.74638373390347,0.0,0.0,0.08888888888888889,False,False,1.0,False,0001065088-18-000009,10-K,2018-02-05 00:00:00,https://www.sec.gov/Archives/edgar/data/1065088/000106508818000009/0001065088-18-000009-index.htm
186,93.56693298592835,FSLR,First Solar,Information Technology,1274494,Q,2012,Q1,2012-03-31,EBITDA margin,ebitda_margin,-0.7707758698735553,0.313157398381436,YoY delta + Trend,2,"EBITDA margin fell 10,839 bps year over year (31.3% to -77.1%); 15.7 sigma below its rolling median of 31.1%.",94.75132454271224,84.42286644135154,66.30525483057382,0.0,0.0,0.10714285714285714,False,False,0.017857142857142856,False,0001274494-13-000017,10-Q,2013-05-07 00:00:00,https://www.sec.gov/Archives/edgar/data/1274494/000127449413000017/0001274494-13-000017-index.htm
187,93.51688249729114,TSLA,"Tesla, Inc.",Consumer Discretionary,1318605,Q,2012,Q2,2012-06-30,EBITDA margin,ebitda_margin,-3.8204704911267022,-0.9355348885183339,YoY delta,1,"EBITDA margin fell 28,849 bps year over year (-93.6% to -382.0%).",93.51688249729114,93.51688249729114,0.0,0.0,0.0,0.034482758620689655,False,False,0.034482758620689655,False,0001193125-13-327916,10-Q,2013-08-09 00:00:00,https://www.sec.gov/Archives/edgar/data/1318605/000119312513327916/0001193125-13-327916-index.htm
188,93.50509132899592,CPT,Camden Property Trust,Real Estate,906345,Q,2022,Q2,2022-06-30,EBITDA margin,ebitda_margin,1.897975207068529,0.5625897303298459,YoY delta + Trend,2,"EBITDA margin rose 13,354 bps year over year (56.3% to 189.8%), 4.0x its usual yearly move; 66.0 sigma above its rolling median of 57.4%.",93.50509132899592,39.95115447292398,89.18395746996413,0.0,0.0,0.07692307692307693,False,False,1.0,False,0000906345-23-000039,10-Q,2023-08-04 00:00:00,https://www.sec.gov/Archives/edgar/data/906345/000090634523000039/0000906345-23-000039-index.htm
189,93.488372940276,HPQ,HP Inc.,Information Technology,47217,Q,2012,Q3,2012-07-31,Net margin,net_margin,-0.298527082139607,0.06175254095995383,YoY delta + Trend,2,"Net margin fell 3,603 bps year over year (6.2% to -29.9%), 15.4x its usual yearly move; 26.5 sigma below its rolling median of 6.7%. An input changed XBRL tag versus the comparison period.",93.488372940276,71.9014748171858,76.82573367335773,0.0,0.0,0.06557377049180328,False,False,0.03278688524590164,True,0001047469-13-008916,10-Q,2013-09-09 00:00:00,https://www.sec.gov/Archives/edgar/data/47217/000104746913008916/0001047469-13-008916-index.htm
190,93.48127583945156,IBKR,Interactive Brokers,Financials,1381197,A,2015,FY,2015-12-31,Net margin,net_margin,0.3304140127388535,0.039939910313901344,YoY delta + Trend,2,"Net margin rose 2,905 bps year over year (4.0% to 33.0%), 9.5x its usual yearly move; 39.4 sigma above its rolling median of 3.5%. An input changed XBRL tag versus the comparison period.",93.48127583945156,61.3895048519852,83.11670405790274,0.0,0.0,0.07575757575757576,False,False,0.9393939393939394,True,0001047469-18-001166,10-K,2018-03-01 00:00:00,https://www.sec.gov/Archives/edgar/data/1381197/000104746918001166/0001047469-18-001166-index.htm
191,93.43959192043093,KKR,KKR & Co.,Financials,1404912,Q,2017,Q2,2017-06-30,Asset turnover,asset_turnover,0.0961660975383673,0.002026816985126694,Trend,1,Asset turnover of 0.10x is 113.9 sigma above its rolling median of 0.00x. An input changed XBRL tag versus the comparison period.,93.43959192043093,0.0,93.43959192043093,0.0,0.0,0.06060606060606061,False,False,0.36363636363636365,True,0001404912-19-000006,10-K,2019-02-15 00:00:00,https://www.sec.gov/Archives/edgar/data/1404912/000140491219000006/0001404912-19-000006-index.htm
192,93.43042984467284,EW,Edwards Lifesciences,Health Care,1099800,Q,2024,Q3,2024-09-30,Return on assets,roa,1.0648403805725928,0.16757733417506585,YoY delta + Trend,2,"Return on assets rose 8,973 bps year over year (16.8% to 106.5%), 6.5x its usual yearly move; 50.3 sigma above its rolling median of 16.1%.",93.43042984467284,52.09850558353971,86.28525010470307,0.0,0.0,0.06666666666666667,False,False,1.0,False,0001099800-25-000062,10-Q,2025-11-05 00:00:00,https://www.sec.gov/Archives/edgar/data/1099800/000109980025000062/0001099800-25-000062-index.htm
193,93.40254669408559,TDY,Teledyne Technologies,Information Technology,1094285,Q,2021,Q2,2021-07-04,Debt / EBITDA,debt_to_ebitda,7.012718130730553,1.4386617100371748,YoY delta + Trend,2,"Debt / EBITDA rose 387% year over year (1.44x to 7.01x), 3.9x its usual yearly move; 65.5 sigma above its rolling median of 1.42x. An input changed XBRL tag versus the comparison period.",93.40254669408559,39.388694529773815,89.11514402349367,0.0,0.0,0.07547169811320754,False,False,0.9622641509433962,True,0001094285-21-000140,10-Q,2021-08-02 00:00:00,https://www.sec.gov/Archives/edgar/data/1094285/000109428521000140/0001094285-21-000140-index.htm
194,93.38820032699857,AOS,A. O. Smith,Industrials,91142,Q,2022,Q4,2022-12-31,Operating margin,operating_margin,-0.16675568849481892,0.19819186338523356,YoY delta + Trend,2,"Operating margin fell 3,649 bps year over year (19.8% to -16.7%), 17.0x its usual yearly move; 23.5 sigma below its rolling median of 18.6%.",93.38820032699857,73.93094975906672,74.63735881478462,0.0,0.0,0.043478260869565216,False,False,0.014492753623188406,False,0000091142-24-000041,10-K,2024-02-13 00:00:00,https://www.sec.gov/Archives/edgar/data/91142/000009114224000041/0000091142-24-000041-index.htm
195,93.3516913313173,BALL,Ball Corporation,Materials,9389,Q,2024,Q1,2024-03-31,Accruals / assets,accruals,1.0067090125251907,0.09095906841921135,YoY delta + Trend,2,"Accruals / assets rose 9,157 bps year over year (9.1% to 100.7%), 10.2x its usual yearly move; 36.6 sigma above its rolling median of -9.5%.",93.3516913313173,62.95095345330198,82.05538525720783,0.0,0.0,0.08333333333333333,False,False,1.0,False,0001558370-25-006439,10-Q,2025-05-06 00:00:00,https://www.sec.gov/Archives/edgar/data/9389/000155837025006439/0001558370-25-006439-index.htm
196,93.33147531718777,LYV,Live Nation Entertainment,Communication Services,1335258,A,2020,FY,2020-12-31,SG&A % of revenue,sga_pct,0.8190199970126447,0.18578903355213372,YoY delta + Trend,2,"SG&A % of revenue rose 6,332 bps year over year (18.6% to 81.9%), 34.7x its usual yearly move; 124.8 sigma above its rolling median of 19.5%.",99.11307113329674,85.27209922577984,93.97790031111728,0.0,0.0,0.13333333333333333,False,False,1.0,False,0001335258-23-000014,10-K,2023-02-23 00:00:00,https://www.sec.gov/Archives/edgar/data/1335258/000133525823000014/0001335258-23-000014-index.htm
197,93.29244560178799,CCL,Carnival Corporation,Consumer Discretionary,815097,Q,2021,Q1,2021-02-28,Days inventory outstanding,dio,53.21495327102804,11.3965370422935,YoY delta + Trend,2,"Days inventory outstanding rose 367% year over year (11 days to 53 days), 14.4x its usual yearly move; 34.6 sigma above its rolling median of 13 days.",94.47336263472201,70.54562387507478,81.23661712664432,0.0,0.0,0.10714285714285714,False,False,0.5,False,0000815097-21-000052,10-Q,2021-04-07 00:00:00,https://www.sec.gov/Archives/edgar/data/815097/000081509721000052/0000815097-21-000052-index.htm
198,93.27085843380921,STZ,Constellation Brands,Consumer Staples,16918,Q,2013,Q2,2013-08-31,Operating margin,operating_margin,1.037624744312899,0.16372069700388617,YoY delta + Trend,2,"Operating margin rose 8,739 bps year over year (16.4% to 103.8%), 14.8x its usual yearly move; 26.3 sigma above its rolling median of 14.5%.",93.27085843380921,71.12112481130931,76.69874078466188,0.0,0.0,0.041666666666666664,False,False,1.0,False,0000016918-14-000029,10-Q,2014-10-09 00:00:00,https://www.sec.gov/Archives/edgar/data/16918/000001691814000029/0000016918-14-000029-index.htm
199,93.20392015738271,COIN,Coinbase,Financials,1679788,Q,2022,Q4,2022-12-31,Net margin,net_margin,-0.885382160137846,0.33628995106191284,YoY delta + Trend,2,"Net margin fell 12,217 bps year over year (33.6% to -88.5%); 8.6 sigma below its rolling median of 25.8%.",93.20392015738271,85.93205856509215,51.69101411132079,0.0,0.0,0.058823529411764705,False,False,0.014705882352941176,False,0001679788-25-000022,10-K,2025-02-13 00:00:00,https://www.sec.gov/Archives/edgar/data/1679788/000167978825000022/0001679788-25-000022-index.htm
200,93.20014090054433,MO,Altria,Consumer Staples,764180,Q,2016,Q4,2016-12-31,Return on assets,roa,1.042375675195902,0.1572063412020549,YoY delta + Trend,2,"Return on assets rose 8,852 bps year over year (15.7% to 104.2%), 21.5x its usual yearly move; 37.6 sigma above its rolling median of 14.8%.",96.17009986702601,78.18642310431808,82.44258540775066,0.0,0.0,0.11764705882352941,False,False,1.0,False,0000764180-18-000028,10-K,2018-02-27 00:00:00,https://www.sec.gov/Archives/edgar/data/764180/000076418018000028/0000764180-18-000028-index.htm
201,93.18800255663953,LYV,Live Nation Entertainment,Communication Services,1335258,A,2020,FY,2020-12-31,Days sales outstanding,dso,95.45455082748668,31.436799839001992,YoY delta + Trend,2,"Days sales outstanding rose 204% year over year (31 days to 95 days), 13.5x its usual yearly move; 28.1 sigma above its rolling median of 26 days.",93.18800255663953,69.24960594622112,77.84744666540833,0.0,0.0,0.0625,False,False,0.9375,False,0001335258-22-000019,10-K,2022-02-23 00:00:00,https://www.sec.gov/Archives/edgar/data/1335258/000133525822000019/0001335258-22-000019-index.htm
202,93.17500213473372,MRNA,Moderna,Health Care,1682852,Q,2021,Q3,2021-09-30,Return on assets,roa,0.7191714316539001,-0.2290804619314113,YoY delta + Trend,2,"Return on assets rose 9,483 bps year over year (-22.9% to 71.9%); 19.0 sigma above its rolling median of -27.4%.",96.67531527396343,88.7666943798011,70.40332704864402,0.0,0.0,0.1206896551724138,False,False,1.0,False,0001682852-22-000051,10-Q,2022-11-03 00:00:00,https://www.sec.gov/Archives/edgar/data/1682852/000168285222000051/0001682852-22-000051-index.htm
203,93.12897490277362,AMD,Advanced Micro Devices,Information Technology,2488,Q,2010,Q4,2010-12-25,Return on equity,roe,1.8438844499078058,7.265432098765432,YoY delta,1,"Return on equity fell 54,215 bps year over year (726.5% to 184.4%).",93.12897490277362,93.12897490277362,0.0,0.0,0.0,0.09523809523809523,False,False,0.9841269841269841,False,0001193125-12-075837,10-K,2012-02-24 00:00:00,https://www.sec.gov/Archives/edgar/data/2488/000119312512075837/0001193125-12-075837-index.htm
204,93.07718985083103,KKR,KKR & Co.,Financials,1404912,Q,2017,Q4,2017-12-31,Asset turnover,asset_turnover,0.09088696985206116,0.0018472610149575458,Trend,1,Asset turnover of 0.09x is 107.6 sigma above its rolling median of 0.00x. An input changed XBRL tag versus the comparison period.,93.07718985083103,0.0,93.07718985083103,0.0,0.0,0.05172413793103448,False,False,0.41379310344827586,True,0001404912-19-000006,10-K,2019-02-15 00:00:00,https://www.sec.gov/Archives/edgar/data/1404912/000140491219000006/0001404912-19-000006-index.htm
205,93.04927737363907,ROP,Roper Technologies,Information Technology,882835,Q,2022,Q1,2022-03-31,Return on assets,roa,0.3275399850455018,0.048271355168187674,YoY delta + Trend,2,"Return on assets rose 2,793 bps year over year (4.8% to 32.8%), 8.1x its usual yearly move; 40.8 sigma above its rolling median of 4.9%.",93.04927737363907,57.58283725635628,83.61341924642872,0.0,0.0,0.03278688524590164,False,False,0.9836065573770492,False,0000882835-24-000008,10-K,2024-02-22 00:00:00,https://www.sec.gov/Archives/edgar/data/882835/000088283524000008/0000882835-24-000008-index.htm
206,93.04582532237261,ES,Eversource Energy,Utilities,72741,Q,2023,Q4,2023-12-31,Return on equity,roe,-0.34469931563247524,0.08377589328106542,YoY delta + Trend,2,"Return on equity fell 4,285 bps year over year (8.4% to -34.5%), 18.2x its usual yearly move; 28.6 sigma below its rolling median of 8.4%.",93.04582532237261,68.17694681294675,78.14736808328438,0.0,0.0,0.03333333333333333,False,False,0.03333333333333333,False,0000072741-24-000005,10-K,2024-02-14 00:00:00,https://www.sec.gov/Archives/edgar/data/72741/000007274124000005/0000072741-24-000005-index.htm
207,93.03963481072446,PCAR,Paccar,Industrials,75362,Q,2016,Q1,2016-03-31,Net margin,net_margin,-0.13827906976744186,0.078299915161297,YoY delta + Trend,2,"Net margin fell 2,166 bps year over year (7.8% to -13.8%), 17.1x its usual yearly move; 28.3 sigma below its rolling median of 7.4%.",93.03963481072446,68.41230632459393,77.96494653645821,0.0,0.0,0.07352941176470588,False,False,0.014705882352941176,False,0001564590-18-002675,10-K,2018-02-21 00:00:00,https://www.sec.gov/Archives/edgar/data/75362/000156459018002675/0001564590-18-002675-index.htm
208,93.0375631519279,FE,FirstEnergy,Utilities,1031296,A,2016,FY,2016-12-31,Return on equity,roe,-0.6619869253027543,0.04653596876132201,YoY delta + Trend,2,"Return on equity fell 7,085 bps year over year (4.7% to -66.2%), 28.6x its usual yearly move; 17.3 sigma below its rolling median of 6.9%.",93.0375631519279,77.98624544227562,68.37233362525583,0.0,0.0,0.07142857142857142,False,False,0.03571428571428571,False,0001031296-19-000010,10-K,2019-02-19 00:00:00,https://www.sec.gov/Archives/edgar/data/1031296/000103129619000010/0001031296-19-000010-index.htm
209,92.98299134335176,DLTR,Dollar Tree,Consumer Staples,935703,Q,2015,Q1,2015-05-02,SG&A % of revenue,sga_pct,0.10147862676471744,0.23231515272709094,YoY delta + Trend,2,"SG&A % of revenue fell 1,308 bps year over year (23.2% to 10.1%), 26.2x its usual yearly move; 27.8 sigma below its rolling median of 24.1%.",92.98299134335176,68.55947796291892,77.68164075528915,0.0,0.0,0.09090909090909091,False,False,0.22727272727272727,False,0000935703-16-000143,10-Q,2016-06-09 00:00:00,https://www.sec.gov/Archives/edgar/data/935703/000093570316000143/0000935703-16-000143-index.htm
210,92.98083793858225,CNP,CenterPoint Energy,Utilities,1130310,Q,2024,Q4,2024-12-31,Days payables outstanding,dpo,120450.0,83676.25,Trend,1,Days payables outstanding of 120450 days is 146.6 sigma above its rolling median of 2227 days.,94.82465058892241,0.0,94.82465058892241,0.0,0.0,0.1111111111111111,False,False,1.0,False,0001130310-26-000008,10-K,2026-02-19 00:00:00,https://www.sec.gov/Archives/edgar/data/1130310/000113031026000008/0001130310-26-000008-index.htm
211,92.97670543085457,FTV,Fortive,Industrials,1659166,Q,2019,Q1,2019-03-29,SG&A % of revenue,sga_pct,0.49612403100775193,0.22318607456770265,YoY delta + Trend,2,"SG&A % of revenue rose 2,729 bps year over year (22.3% to 49.6%), 17.1x its usual yearly move; 43.1 sigma above its rolling median of 22.5%. An input changed XBRL tag versus the comparison period.",95.93954429890911,74.04359458424895,84.35663322384815,0.0,0.0,0.11764705882352941,False,False,0.9852941176470589,True,0001659166-20-000078,10-Q,2020-04-30 00:00:00,https://www.sec.gov/Archives/edgar/data/1659166/000165916620000078/0001659166-20-000078-index.htm
212,92.96005793007878,BAX,Baxter International,Health Care,10456,Q,2016,Q1,2016-03-31,Net margin,net_margin,1.4231578947368422,0.17894298793175198,YoY delta + Trend,2,"Net margin rose 12,442 bps year over year (17.9% to 142.3%), 12.4x its usual yearly move; 29.2 sigma above its rolling median of 16.5%.",92.96005793007878,67.30711910878803,78.46643710186582,0.0,0.0,0.041666666666666664,False,False,1.0,False,0001564590-18-002954,10-K,2018-02-23 00:00:00,https://www.sec.gov/Archives/edgar/data/10456/000156459018002954/0001564590-18-002954-index.htm
213,92.94897615017516,DHI,D. R. Horton,Consumer Discretionary,882184,Q,2012,Q3,2012-06-30,Return on equity,roe,1.018372194483494,0.04415469528260159,YoY delta + Trend,2,"Return on equity rose 9,742 bps year over year (4.4% to 101.8%); 36.7 sigma above its rolling median of 4.3%.",94.7921569803486,70.89252609338769,82.10822747325956,0.0,0.0,0.1111111111111111,False,False,1.0,False,0000882184-13-000084,10-K,2013-11-26 00:00:00,https://www.sec.gov/Archives/edgar/data/882184/000088218413000084/0000882184-13-000084-index.htm
214,92.91457108355148,DAL,Delta Air Lines,Industrials,27904,Q,2013,Q4,2013-12-31,Accruals / assets,accruals,0.5992191720777565,-0.048862792738071134,YoY delta + Trend,2,"Accruals / assets rose 6,481 bps year over year (-4.9% to 59.9%), 18.2x its usual yearly move; 20.0 sigma above its rolling median of -5.7%.",92.91457108355148,75.21687043808924,71.41027367529024,0.0,0.0,0.1,False,False,1.0,False,0000027904-15-000003,10-K,2015-02-11 00:00:00,https://www.sec.gov/Archives/edgar/data/27904/000002790415000003/0000027904-15-000003-index.htm
215,92.89641103176155,ILMN,"Illumina, Inc.",Health Care,1110803,A,2022,FY,2023-01-01,Operating margin,operating_margin,-0.9116492146596858,-0.027176314626601857,YoY delta + Trend,2,"Operating margin fell 8,845 bps year over year (-2.7% to -91.2%), 9.7x its usual yearly move; 35.1 sigma below its rolling median of 25.5%.",92.89641103176155,61.72374567496814,81.44126405913012,0.0,0.0,0.07547169811320754,False,False,0.018867924528301886,False,0001110803-25-000019,10-K,2025-02-12 00:00:00,https://www.sec.gov/Archives/edgar/data/1110803/000111080325000019/0001110803-25-000019-index.htm
216,92.89204516531582,MMM,3M,Industrials,66740,Q,2023,Q2,2023-06-30,Return on equity,roe,-2.369587807412539,0.021763392857142856,YoY delta + Trend,2,"Return on equity fell 23,914 bps year over year (2.2% to -237.0%), 15.1x its usual yearly move; 24.0 sigma below its rolling median of 41.5%.",92.89204516531582,71.54134568147852,75.02357365485766,0.0,0.0,0.05555555555555555,False,False,0.013888888888888888,False,0000066740-25-000006,10-K,2025-02-05 00:00:00,https://www.sec.gov/Archives/edgar/data/66740/000006674025000006/0000066740-25-000006-index.htm
217,92.88727354276314,TECH,Bio-Techne,Health Care,842023,Q,2015,Q4,2015-06-30,Operating margin,operating_margin,-0.9270117029142552,0.4198523610345536,YoY delta + Trend,2,"Operating margin fell 13,469 bps year over year (42.0% to -92.7%), 32.9x its usual yearly move; 20.1 sigma below its rolling median of 46.9%.",95.61107749464549,84.55829507355462,71.57747459713426,0.0,0.0,0.11627906976744186,False,False,0.046511627906976744,False,0001437749-17-015711,10-K,2017-09-07 00:00:00,https://www.sec.gov/Archives/edgar/data/842023/000143774917015711/0001437749-17-015711-index.htm
218,92.86609536489361,ORCL,Oracle Corporation,Information Technology,1341439,Q,2016,Q3,2016-02-29,Gross margin,gross_margin,0.6041944074567244,0.9223758979307387,YoY delta + Trend,2,"Gross margin fell 3,182 bps year over year (92.2% to 60.4%), 4.2x its usual yearly move; 58.0 sigma below its rolling median of 92.0%.",92.86609536489361,41.15140008137855,87.8775287008162,0.0,0.0,0.07017543859649122,False,False,0.543859649122807,False,0001193125-17-087309,10-Q,2017-03-17 00:00:00,https://www.sec.gov/Archives/edgar/data/1341439/000119312517087309/0001193125-17-087309-index.htm
219,92.85943772780874,EIX,Edison International,Utilities,827052,Q,2018,Q4,2018-12-31,EBITDA margin,ebitda_margin,-0.5782652043868395,0.12795031055900621,YoY delta + Trend,2,"EBITDA margin fell 7,062 bps year over year (12.8% to -57.8%); 25.3 sigma below its rolling median of 32.6%.",94.70084300853016,77.93019467207515,75.98910859098135,0.0,0.0,0.1111111111111111,False,False,0.037037037037037035,False,0000827052-20-000026,10-K,2020-02-27 00:00:00,https://www.sec.gov/Archives/edgar/data/827052/000082705220000026/0000827052-20-000026-index.htm
220,92.82676114287675,WELL,Welltower,Real Estate,766704,A,2025,FY,2025-12-31,SG&A % of revenue,sga_pct,0.1613240002753267,0.0294690930605705,YoY delta + Trend,2,"SG&A % of revenue rose 1,319 bps year over year (2.9% to 16.1%), 13.4x its usual yearly move; 26.9 sigma above its rolling median of 2.7%.",92.82676114287675,68.72636677839158,77.06298207728892,0.0,0.0,0.06896551724137931,False,False,0.896551724137931,False,0000766704-26-000010,10-K,2026-02-12 00:00:00,https://www.sec.gov/Archives/edgar/data/766704/000076670426000010/0000766704-26-000010-index.htm
221,92.82529855445229,CNC,Centene Corporation,Health Care,1071739,Q,2012,Q4,2012-12-31,Debt / EBITDA,debt_to_ebitda,13.907704219899342,1.4139416290302471,YoY delta + Trend,2,Debt / EBITDA rose 884% year over year (1.41x to 13.91x); 105.4 sigma above its rolling median of 1.43x.,97.07220763864291,58.498138048812166,92.9453951613048,0.0,0.0,0.125,False,False,1.0,False,0001071739-14-000033,10-K,2014-02-21 00:00:00,https://www.sec.gov/Archives/edgar/data/1071739/000107173914000033/0001071739-14-000033-index.htm
222,92.80273971314081,CNP,CenterPoint Energy,Utilities,1130310,Q,2024,Q1,2024-03-31,Days payables outstanding,dpo,68711.25,2130.6875,Trend,1,Days payables outstanding of 68711 days is 103.2 sigma above its rolling median of 1920 days.,92.80273971314081,0.0,92.80273971314081,0.0,0.0,0.1,False,False,1.0,False,0001130310-24-000066,10-Q,2024-04-30 00:00:00,https://www.sec.gov/Archives/edgar/data/1130310/000113031024000066/0001130310-24-000066-index.htm
223,92.7517421805593,KHC,Kraft Heinz,Consumer Staples,1637459,Q,2018,Q4,2018-12-29,Interest coverage,interest_coverage,-43.495384615384616,4.89935064935065,Trend,1,Interest coverage of -43.50x is 102.4 sigma below its rolling median of 4.86x.,92.7517421805593,0.0,92.7517421805593,0.0,0.0,0.045454545454545456,False,False,0.045454545454545456,False,0001637459-19-000049,10-K,2019-06-07 00:00:00,https://www.sec.gov/Archives/edgar/data/1637459/000163745919000049/0001637459-19-000049-index.htm
224,92.72030936949248,CTVA,Corteva,Materials,1755672,Q,2019,Q3,2019-09-30,EBITDA margin,ebitda_margin,-0.20198848770277342,-2.7493579866461224,YoY delta,1,"EBITDA margin rose 25,474 bps year over year (-274.9% to -20.2%).",92.72030936949248,92.72030936949248,0.0,0.0,0.0,0.043478260869565216,False,False,0.043478260869565216,False,0001755672-20-000026,10-Q,2020-11-05 00:00:00,https://www.sec.gov/Archives/edgar/data/1755672/000175567220000026/0001755672-20-000026-index.htm
225,92.6533978116166,FE,FirstEnergy,Utilities,1031296,Q,2016,Q4,2016-12-31,EBITDA margin,ebitda_margin,-2.479111111111111,0.19457780288054222,YoY delta + Trend,2,"EBITDA margin fell 26,737 bps year over year (19.5% to -247.9%), 22.4x its usual yearly move; 27.3 sigma below its rolling median of 23.7%.",95.21693055739256,78.89372856074462,77.33816009912843,0.0,0.0,0.11538461538461539,False,False,0.038461538461538464,False,0001031296-18-000015,10-K,2018-02-20 00:00:00,https://www.sec.gov/Archives/edgar/data/1031296/000103129618000015/0001031296-18-000015-index.htm
226,92.61886099797893,PM,Philip Morris International,Consumer Staples,1413329,Q,2023,Q3,2023-09-30,Gross margin,gross_margin,0.6537577945520184,0.24401570279586365,YoY delta + Trend,2,"Gross margin rose 4,097 bps year over year (24.4% to 65.4%), 7.9x its usual yearly move; 39.0 sigma above its rolling median of 25.5%. An input changed XBRL tag versus the comparison period.",92.61886099797893,56.681658688504996,82.96070722342637,0.0,0.0,0.08823529411764706,False,False,0.9705882352941176,True,0001413329-24-000172,10-Q,2024-10-24 00:00:00,https://www.sec.gov/Archives/edgar/data/1413329/000141332924000172/0001413329-24-000172-index.htm
227,92.60372980748016,HPQ,HP Inc.,Information Technology,47217,Q,2012,Q3,2012-07-31,EBITDA margin,ebitda_margin,-0.25369914725808085,0.12007438519991022,YoY delta + Trend,2,"EBITDA margin fell 3,738 bps year over year (12.0% to -25.4%), 14.7x its usual yearly move; 23.3 sigma below its rolling median of 12.7%.",92.60372980748016,71.04627071768753,74.4548616849915,0.0,0.0,0.05084745762711865,False,False,0.03389830508474576,False,0001047469-13-008916,10-Q,2013-09-09 00:00:00,https://www.sec.gov/Archives/edgar/data/47217/000104746913008916/0001047469-13-008916-index.htm
228,92.60086089810724,EFX,Equifax,Industrials,33185,Q,2019,Q1,2019-03-31,Operating margin,operating_margin,-0.7302919276681243,0.1665704054522352,YoY delta + Trend,2,"Operating margin fell 8,969 bps year over year (16.7% to -73.0%), 18.5x its usual yearly move; 18.5 sigma below its rolling median of 23.6%.",92.60086089810724,75.46432811922492,69.84334018710791,0.0,0.0,0.08571428571428572,False,False,0.014285714285714285,False,0000033185-21-000025,10-K,2021-02-25 00:00:00,https://www.sec.gov/Archives/edgar/data/33185/000003318521000025/0000033185-21-000025-index.htm
229,92.54759908476753,ORCL,Oracle Corporation,Information Technology,1341439,Q,2018,Q4,2018-05-31,Asset turnover,asset_turnover,1.1413212003535567,0.33468908066504593,YoY delta + Trend,2,"Asset turnover rose 241% year over year (0.33x to 1.14x), 13.8x its usual yearly move; 24.5 sigma above its rolling median of 0.30x.",92.54759908476753,69.71472936668074,75.3926553754039,0.0,0.0,0.029850746268656716,False,False,0.8507462686567164,False,0001564590-20-030125,10-K,2020-06-22 00:00:00,https://www.sec.gov/Archives/edgar/data/1341439/000156459020030125/0001564590-20-030125-index.htm
230,92.52698573708064,LH,Labcorp,Health Care,920148,Q,2014,Q1,2014-03-31,Asset turnover,asset_turnover,3.4454625563284926,0.8625303043907695,YoY delta + Trend,2,"Asset turnover rose 299% year over year (0.86x to 3.45x), 27.2x its usual yearly move; 76.6 sigma above its rolling median of 0.89x. An input changed XBRL tag versus the comparison period.",98.02959008626235,79.15832335938707,90.54581861279806,0.0,0.0,0.1320754716981132,False,False,0.9433962264150944,True,0000920148-17-000018,10-K,2017-02-27 00:00:00,https://www.sec.gov/Archives/edgar/data/920148/000092014817000018/0000920148-17-000018-index.htm
231,92.50496345801358,EBAY,eBay Inc.,Consumer Discretionary,1065088,Q,2016,Q4,2016-12-31,Accruals / assets,accruals,0.9589393221944125,-0.12478874019893053,YoY delta + Trend,2,"Accruals / assets rose 10,837 bps year over year (-12.5% to 95.9%), 8.9x its usual yearly move; 35.0 sigma above its rolling median of -7.2%.",92.50496345801358,59.68160229829118,81.41038094460593,0.0,0.0,0.047619047619047616,False,False,1.0,False,0001065088-18-000009,10-K,2018-02-05 00:00:00,https://www.sec.gov/Archives/edgar/data/1065088/000106508818000009/0001065088-18-000009-index.htm
232,92.49826144440688,JCI,Johnson Controls,Industrials,833444,Q,2014,Q3,2014-06-27,Accruals / assets,accruals,0.4202177168062806,-0.04364613060265234,YoY delta + Trend,2,"Accruals / assets rose 4,639 bps year over year (-4.4% to 42.0%), 16.3x its usual yearly move; 20.7 sigma above its rolling median of -5.2%. An input changed XBRL tag versus the comparison period.",92.49826144440688,73.07316808492631,72.14028527658454,0.0,0.0,0.02857142857142857,False,False,1.0,True,0000833444-15-000062,10-Q,2015-07-31 00:00:00,https://www.sec.gov/Archives/edgar/data/833444/000083344415000062/0000833444-15-000062-index.htm
233,92.48356790277464,LUV,Southwest Airlines,Industrials,92380,Q,2012,Q2,2012-06-30,Quick ratio,quick_ratio,0.739763779527559,299925.3794659646,YoY delta,1,Quick ratio fell 100% year over year (299925.38x to 0.74x). An input changed XBRL tag versus the comparison period.,92.48356790277464,92.48356790277464,0.0,0.0,0.0,0.05172413793103448,False,False,0.29310344827586204,True,0000092380-12-000089,10-Q,2012-07-27 00:00:00,https://www.sec.gov/Archives/edgar/data/92380/000009238012000089/0000092380-12-000089-index.htm
234,92.4289523131723,INCY,Incyte,Health Care,879169,Q,2011,Q2,2011-06-30,EBITDA margin,ebitda_margin,-2.0502647076319076,0.3913776155034405,YoY delta,1,"EBITDA margin fell 24,416 bps year over year (39.1% to -205.0%).",92.4289523131723,92.4289523131723,0.0,0.0,0.0,0.08695652173913043,False,False,0.021739130434782608,False,0001104659-12-054163,10-Q,2012-08-03 00:00:00,https://www.sec.gov/Archives/edgar/data/879169/000110465912054163/0001104659-12-054163-index.htm
235,92.40926299046055,EXE,Expand Energy,Energy,895126,A,2010,FY,2010-12-31,Gross margin,gross_margin,0.29948750800768736,-1.16138665281745,YoY delta,1,"Gross margin rose 14,609 bps year over year (-116.1% to 29.9%).",92.40926299046055,92.40926299046055,0.0,0.0,0.0,,False,False,,False,0001193125-12-089591,10-K,2012-02-29 00:00:00,https://www.sec.gov/Archives/edgar/data/895126/000119312512089591/0001193125-12-089591-index.htm
236,92.40002316482311,TT,Trane Technologies,Industrials,1466258,Q,2011,Q4,2011-12-31,Gross margin,gross_margin,0.6388325901905147,0.2567355587968187,YoY delta + Trend,2,"Gross margin rose 3,821 bps year over year (25.7% to 63.9%), 23.5x its usual yearly move; 15.1 sigma above its rolling median of 27.5%. An input changed XBRL tag versus the comparison period.",92.96099468447078,79.67100677440914,65.37455034089801,0.0,0.0,0.10344827586206896,False,False,0.9655172413793104,True,0001445305-12-000370,10-K,2012-02-21 00:00:00,https://www.sec.gov/Archives/edgar/data/1466258/000144530512000370/0001445305-12-000370-index.htm
237,92.3810208969397,ZBH,Zimmer Biomet,Health Care,1136869,Q,2015,Q2,2015-06-30,Trade working capital % of revenue,nwc_pct,0.7894184652278178,0.40696593118606816,YoY delta + Trend,2,"Trade working capital % of revenue rose 3,825 bps year over year (40.7% to 78.9%), 27.8x its usual yearly move; 13.8 sigma above its rolling median of 40.4%.",92.3810208969397,79.272572337376,63.24204224917427,0.0,0.0,0.0625,False,False,1.0,False,0001193125-15-285070,10-Q,2015-08-10 00:00:00,https://www.sec.gov/Archives/edgar/data/1136869/000119312515285070/0001193125-15-285070-index.htm
238,92.3661797393501,IBKR,Interactive Brokers,Financials,1381197,Q,2015,Q1,2015-03-31,Net margin,net_margin,-0.5828877005347594,0.5447154471544715,YoY delta + Trend,2,"Net margin fell 11,276 bps year over year (54.5% to -58.3%), 6.6x its usual yearly move; 41.9 sigma below its rolling median of 3.6%. Reverses the prior year's flagged move.",92.3661797393501,52.42545883550169,83.9539802722333,0.0,0.0,0.09836065573770492,False,True,0.01639344262295082,False,0001381197-16-000066,10-Q,2016-05-10 00:00:00,https://www.sec.gov/Archives/edgar/data/1381197/000138119716000066/0001381197-16-000066-index.htm
239,92.34068657129518,CCI,Crown Castle,Real Estate,1051470,Q,2024,Q4,2024-12-31,Return on equity,roe,-7.387952740654658,0.22252873563218392,YoY delta + Trend,2,"Return on equity fell 76,105 bps year over year (22.3% to -738.8%), 53.7x its usual yearly move; 458.8 sigma below its rolling median of 21.4%.",99.82776926626505,89.9506962318293,98.2861426253184,0.0,0.0,0.14285714285714285,False,False,0.03571428571428571,False,0001051470-26-000016,10-K,2026-02-23 00:00:00,https://www.sec.gov/Archives/edgar/data/1051470/000105147026000016/0001051470-26-000016-index.htm
240,92.33467582714172,SHW,Sherwin-Williams,Materials,89800,Q,2017,Q2,2017-06-30,Debt / EBITDA,debt_to_ebitda,4.780535625731541,0.8617584351564449,YoY delta + Trend,2,"Debt / EBITDA rose 455% year over year (0.86x to 4.78x), 8.1x its usual yearly move; 50.3 sigma above its rolling median of 0.92x. An input changed XBRL tag versus the comparison period.",94.16567506450713,57.455603691865214,86.28650200313852,0.0,0.0,0.1111111111111111,False,False,0.8888888888888888,True,0000089800-18-000014,10-Q,2018-07-25 00:00:00,https://www.sec.gov/Archives/edgar/data/89800/000008980018000014/0000089800-18-000014-index.htm
241,92.3289011650681,EQIX,Equinix,Real Estate,1101239,Q,2014,Q4,2014-12-31,Return on equity,roe,-0.5835937344321709,0.07359356359653588,YoY delta + Trend,2,"Return on equity fell 6,572 bps year over year (7.4% to -58.4%), 15.7x its usual yearly move; 43.2 sigma below its rolling median of 6.5%.",95.67761778763534,72.329925276003,84.3788560187152,0.0,0.0,0.12,False,False,0.04,False,0001628280-16-011802,10-K,2016-02-26 00:00:00,https://www.sec.gov/Archives/edgar/data/1101239/000162828016011802/0001628280-16-011802-index.htm
242,92.31415844241533,MRNA,Moderna,Health Care,1682852,Q,2023,Q2,2023-06-30,Gross margin,gross_margin,-1.125,0.7092019372499474,YoY delta + Trend,2,"Gross margin fell 18,342 bps year over year (70.9% to -112.5%), 27.4x its usual yearly move; 10.7 sigma below its rolling median of 83.2%.",92.31415844241533,82.01415254952765,57.26728151815377,0.0,0.0,0.05555555555555555,False,False,0.018518518518518517,False,0001682852-23-000027,10-Q,2023-08-03 00:00:00,https://www.sec.gov/Archives/edgar/data/1682852/000168285223000027/0001682852-23-000027-index.htm
243,92.28954400047351,HPQ,HP Inc.,Information Technology,47217,Q,2015,Q1,2015-01-31,Gross margin,gross_margin,0.21698657814980515,0.4840875186474391,YoY delta + Trend,2,"Gross margin fell 2,671 bps year over year (48.4% to 21.7%), 8.9x its usual yearly move; 33.8 sigma below its rolling median of 50.5%.",92.28954400047351,59.685114645456345,80.87441913398003,0.0,0.0,0.05263157894736842,False,False,0.10526315789473684,False,0001047469-16-010678,10-Q,2016-03-03 00:00:00,https://www.sec.gov/Archives/edgar/data/47217/000104746916010678/0001047469-16-010678-index.htm
244,92.28848435946038,MRNA,Moderna,Health Care,1682852,Q,2019,Q2,2019-06-30,SG&A % of revenue,sga_pct,2.177405793778185,0.7412914630342102,YoY delta,1,"SG&A % of revenue rose 14,361 bps year over year (74.1% to 217.7%).",92.28848435946038,92.28848435946038,0.0,0.0,0.0,0.037037037037037035,False,False,1.0,False,0001682852-20-000017,10-Q,2020-08-06 00:00:00,https://www.sec.gov/Archives/edgar/data/1682852/000168285220000017/0001682852-20-000017-index.htm
245,92.27959115838675,IVZ,Invesco,Financials,914208,Q,2025,Q4,2025-12-31,Operating margin,operating_margin,-0.8617612293144208,0.19566854990583804,YoY delta + Trend,2,"Operating margin fell 10,574 bps year over year (19.6% to -86.2%), 6.0x its usual yearly move; 44.0 sigma below its rolling median of 14.6%. Reverses the prior year's flagged move.",92.27959115838675,49.79187945699062,84.6231869304891,0.0,0.0,0.07407407407407407,False,True,0.037037037037037035,False,0000914208-26-000079,10-K,2026-02-24 00:00:00,https://www.sec.gov/Archives/edgar/data/914208/000091420826000079/0000914208-26-000079-index.htm
246,92.25596243063065,ROP,Roper Technologies,Information Technology,882835,Q,2022,Q1,2022-03-31,Return on equity,roe,0.643581504795805,0.10882304488009226,YoY delta + Trend,2,"Return on equity rose 5,348 bps year over year (10.9% to 64.4%), 8.1x its usual yearly move; 36.0 sigma above its rolling median of 10.4%.",92.25596243063065,57.43634795894646,81.80598421888217,0.0,0.0,0.09433962264150944,False,False,0.8490566037735849,False,0000882835-24-000008,10-K,2024-02-22 00:00:00,https://www.sec.gov/Archives/edgar/data/882835/000088283524000008/0000882835-24-000008-index.htm
247,92.25326534162481,HPQ,HP Inc.,Information Technology,47217,Q,2012,Q3,2012-07-31,Operating margin,operating_margin,-0.2977181569988877,0.08079771714386483,YoY delta + Trend,2,"Operating margin fell 3,785 bps year over year (8.1% to -29.8%), 14.6x its usual yearly move; 22.1 sigma below its rolling median of 8.7%.",92.25326534162481,70.80893890826914,73.46196277678426,0.0,0.0,0.06896551724137931,False,False,0.034482758620689655,False,0001047469-13-008916,10-Q,2013-09-09 00:00:00,https://www.sec.gov/Archives/edgar/data/47217/000104746913008916/0001047469-13-008916-index.htm
248,92.2528504239054,ECHO,EchoStar,Communication Services,1415404,Q,2022,Q3,2022-09-30,Asset turnover,asset_turnover,2.9937787430532348,0.32579823504974675,YoY delta + Trend,2,"Asset turnover rose 819% year over year (0.33x to 2.99x), 4.0x its usual yearly move; 91.4 sigma above its rolling median of 0.28x.",95.19262259219374,40.26216823798061,91.952541185362,0.0,0.0,0.11764705882352941,False,False,1.0,False,0001558370-24-002209,10-K,2024-02-29 00:00:00,https://www.sec.gov/Archives/edgar/data/1415404/000155837024002209/0001558370-24-002209-index.htm
249,92.25194843822756,ILMN,"Illumina, Inc.",Health Care,1110803,Q,2022,Q3,2022-10-02,Accruals / assets,accruals,-1.127621330137807,0.19850029488583706,YoY delta + Trend,2,"Accruals / assets fell 13,261 bps year over year (19.9% to -112.8%), 13.9x its usual yearly move; 23.2 sigma below its rolling median of -5.2%.",92.25194843822756,69.79633288409737,74.34731507256949,0.0,0.0,0.05,False,False,0.016666666666666666,False,0001110803-23-000086,10-Q,2023-11-13 00:00:00,https://www.sec.gov/Archives/edgar/data/1110803/000111080323000086/0001110803-23-000086-index.htm
250,92.25002934424293,EFX,Equifax,Industrials,33185,Q,2019,Q1,2019-03-31,EBITDA margin,ebitda_margin,-0.6366859709254226,0.2578260367332794,YoY delta + Trend,2,"EBITDA margin fell 8,945 bps year over year (25.8% to -63.7%), 18.8x its usual yearly move; 17.0 sigma below its rolling median of 31.9%.",92.25002934424293,75.78253046613364,67.99842921276603,0.0,0.0,0.09090909090909091,False,False,0.012987012987012988,False,0000033185-21-000025,10-K,2021-02-25 00:00:00,https://www.sec.gov/Archives/edgar/data/33185/000003318521000025/0000033185-21-000025-index.htm
251,92.23779536184693,J,Jacobs Solutions,Industrials,52988,A,2013,FY,2013-09-27,Debt / EBITDA,debt_to_ebitda,0.5617864083977111,0.8065493775984293,Trend,1,Debt / EBITDA of 0.56x is 152.3 sigma above its rolling median of 0.00x.,95.00888792636594,0.0,95.00888792636594,0.0,0.0,0.11666666666666667,False,False,0.11666666666666667,False,0000052988-14-000173,10-K,2014-11-24 00:00:00,https://www.sec.gov/Archives/edgar/data/52988/000005298814000173/0000052988-14-000173-index.htm
252,92.23581434986905,IP,International Paper,Materials,51434,Q,2026,Q2,2026-06-30,Debt / EBITDA,debt_to_ebitda,196.10638297872342,4.16764705882353,YoY delta + Trend,2,"Debt / EBITDA rose 500% year over year (4.17x to 196.11x), 5.3x its usual yearly move; 53.3 sigma above its rolling median of 2.66x.",93.09325219907102,47.04250884195389,86.9579399441025,0.0,0.0,0.10526315789473684,False,False,1.0,False,0000051434-26-000123,10-Q,2026-08-05 00:00:00,https://www.sec.gov/Archives/edgar/data/51434/000005143426000123/0000051434-26-000123-index.htm
253,92.23272306674318,ILMN,"Illumina, Inc.",Health Care,1110803,Q,2022,Q3,2022-10-02,Return on assets,roa,-1.1431995206710606,0.10683292611003455,YoY delta + Trend,2,"Return on assets fell 12,500 bps year over year (10.7% to -114.3%), 16.6x its usual yearly move; 19.3 sigma below its rolling median of 9.0%.",92.23272306674318,73.45305865946669,70.74134894253397,0.0,0.0,0.03278688524590164,False,False,0.01639344262295082,False,0001110803-23-000086,10-Q,2023-11-13 00:00:00,https://www.sec.gov/Archives/edgar/data/1110803/000111080323000086/0001110803-23-000086-index.htm
254,92.23047714196277,TRMB,Trimble Inc.,Information Technology,864749,Q,2024,Q2,2024-06-28,Accruals / assets,accruals,0.5196046302658703,-0.044532477289802606,YoY delta + Trend,2,"Accruals / assets rose 5,641 bps year over year (-4.5% to 52.0%), 10.3x its usual yearly move; 30.0 sigma above its rolling median of -2.4%.",92.23047714196277,63.1393476615958,78.92190624650893,0.0,0.0,0.0410958904109589,False,False,1.0,False,0000864749-25-000245,10-Q,2025-08-06 00:00:00,https://www.sec.gov/Archives/edgar/data/864749/000086474925000245/0000864749-25-000245-index.htm
255,92.2230337692319,CTVA,Corteva,Materials,1755672,Q,2019,Q3,2019-09-30,Net margin,net_margin,-0.2585034013605442,-2.63020030816641,YoY delta,1,"Net margin rose 23,717 bps year over year (-263.0% to -25.9%).",92.2230337692319,92.2230337692319,0.0,0.0,0.0,0.08333333333333333,False,False,0.041666666666666664,False,0001755672-21-000008,10-K,2021-02-11 00:00:00,https://www.sec.gov/Archives/edgar/data/1755672/000175567221000008/0001755672-21-000008-index.htm
256,92.19660841934643,TRMB,Trimble Inc.,Information Technology,864749,Q,2024,Q2,2024-06-28,Return on equity,roe,1.0549661908339594,0.041602052119162826,YoY delta + Trend,2,"Return on equity rose 10,134 bps year over year (4.2% to 105.5%), 14.7x its usual yearly move; 21.7 sigma above its rolling median of 10.0%.",92.19660841934643,71.04606738453339,73.0489405902494,0.0,0.0,0.07692307692307693,False,False,0.9230769230769231,False,0000864749-25-000245,10-Q,2025-08-06 00:00:00,https://www.sec.gov/Archives/edgar/data/864749/000086474925000245/0000864749-25-000245-index.htm
257,92.1937752937345,CVS,CVS Health,Health Care,64803,Q,2018,Q4,2019-01-01,Debt / EBITDA,debt_to_ebitda,10.896127021813326,2.2609636348506283,YoY delta + Trend,2,"Debt / EBITDA rose 382% year over year (2.26x to 10.90x), 3.5x its usual yearly move; 56.6 sigma above its rolling median of 2.26x. An input changed XBRL tag versus the comparison period.",92.1937752937345,36.97997242631273,87.61310490202828,0.0,0.0,0.1,False,False,0.98,True,0000064803-19-000049,10-Q,2019-11-06 00:00:00,https://www.sec.gov/Archives/edgar/data/64803/000006480319000049/0000064803-19-000049-index.htm
258,92.19363471342123,WMB,Williams Companies,Energy,107263,Q,2012,Q1,2012-03-31,Return on equity,roe,1.045735475896168,0.1790794979079498,YoY delta + Trend,2,"Return on equity rose 8,667 bps year over year (17.9% to 104.6%); 24.4 sigma above its rolling median of 9.0%.",92.19363471342123,68.42078615258227,75.28005185848825,0.0,0.0,0.06666666666666667,False,False,1.0,False,0001193125-13-205852,10-Q,2013-05-08 00:00:00,https://www.sec.gov/Archives/edgar/data/107263/000119312513205852/0001193125-13-205852-index.htm
259,92.14086899081403,BA,Boeing,Industrials,12927,A,2019,FY,2019-12-31,Debt / EBITDA,debt_to_ebitda,92.23648648648648,0.9819870931139636,YoY delta + Trend,2,"Debt / EBITDA rose 2,446% year over year (0.98x to 92.24x), 8.2x its usual yearly move; 118.8 sigma above its rolling median of 1.11x.",97.32445404311011,57.601896366032506,93.68946785925027,0.0,0.0,0.13043478260869565,False,False,0.9855072463768116,False,0000012927-21-000011,10-K,2021-02-01 00:00:00,https://www.sec.gov/Archives/edgar/data/12927/000001292721000011/0000012927-21-000011-index.htm
260,92.0572205073724,BDX,Becton Dickinson,Health Care,10795,Q,2017,Q3,2017-06-30,Quick ratio,quick_ratio,4.766575007638252,0.7831239630244133,YoY delta + Trend,2,"Quick ratio rose 509% year over year (0.78x to 4.77x), 3.6x its usual yearly move; 54.7 sigma above its rolling median of 0.73x.",92.0572205073724,37.76887301137713,87.23664526583346,0.0,0.0,0.1,False,False,0.92,False,0000010795-17-000012,10-Q,2017-08-03 00:00:00,https://www.sec.gov/Archives/edgar/data/10795/000001079517000012/0000010795-17-000012-index.htm
261,92.03010760898304,STZ,Constellation Brands,Consumer Staples,16918,Q,2013,Q2,2013-08-31,EBITDA margin,ebitda_margin,1.0637823095518502,0.19869625172370564,YoY delta + Trend,2,"EBITDA margin rose 8,651 bps year over year (19.9% to 106.4%), 14.1x its usual yearly move; 21.9 sigma above its rolling median of 18.3%.",92.03010760898304,70.18324766694357,73.27042092984382,0.0,0.0,0.037037037037037035,False,False,1.0,False,0000016918-14-000029,10-Q,2014-10-09 00:00:00,https://www.sec.gov/Archives/edgar/data/16918/000001691814000029/0000016918-14-000029-index.htm
262,92.01955612283541,HWM,Howmet Aerospace,Industrials,4281,Q,2015,Q1,2015-03-31,Gross margin,gross_margin,-0.437398900032352,0.17583425009167583,YoY delta + Trend,2,"Gross margin fell 6,132 bps year over year (17.6% to -43.7%), 8.7x its usual yearly move; 32.8 sigma below its rolling median of 16.3%.",92.01955612283541,59.26150106106131,80.41055982664909,0.0,0.0,0.05454545454545454,False,False,0.01818181818181818,False,0001193125-17-062657,10-K,2017-02-28 00:00:00,https://www.sec.gov/Archives/edgar/data/4281/000119312517062657/0001193125-17-062657-index.htm
263,91.9890965827776,LH,Labcorp,Health Care,920148,Q,2014,Q1,2014-03-31,Days sales outstanding,dso,12.477127553396766,50.27014366021237,YoY delta + Trend,2,"Days sales outstanding fell 75% year over year (50 days to 12 days), 23.4x its usual yearly move; 17.3 sigma below its rolling median of 48 days. An input changed XBRL tag versus the comparison period.",92.3188066063718,75.74264617800308,68.33457824792585,0.0,0.0,0.10204081632653061,False,False,0.061224489795918366,True,0000920148-14-000046,10-Q,2014-04-29 00:00:00,https://www.sec.gov/Archives/edgar/data/920148/000092014814000046/0000920148-14-000046-index.htm
264,91.98589034650185,BF.B,Brown–Forman,Consumer Staples,14693,Q,2016,Q4,2016-04-30,EBITDA margin,ebitda_margin,0.7952840300107181,0.2587117212249208,YoY delta + Trend,2,"EBITDA margin rose 5,366 bps year over year (25.9% to 79.5%), 14.7x its usual yearly move; 34.4 sigma above its rolling median of 26.0%.",94.53095450628649,71.03160695008798,81.12064592505894,0.0,0.0,0.11538461538461539,False,False,1.0,False,0000014693-18-000084,10-K,2018-06-13 00:00:00,https://www.sec.gov/Archives/edgar/data/14693/000001469318000084/0000014693-18-000084-index.htm
265,91.98169854455936,WMB,Williams Companies,Energy,107263,Q,2014,Q3,2014-09-30,Net margin,net_margin,0.8110198163363944,0.08687615526802218,YoY delta + Trend,2,"Net margin rose 7,241 bps year over year (8.7% to 81.1%), 3.2x its usual yearly move; 57.4 sigma above its rolling median of 8.0%.",91.98169854455936,34.46602470899471,87.76466493931558,0.0,0.0,0.06666666666666667,False,False,1.0,False,0000107263-15-000018,10-Q,2015-10-29 00:00:00,https://www.sec.gov/Archives/edgar/data/107263/000010726315000018/0000107263-15-000018-index.htm
266,91.93196773192605,BAX,Baxter International,Health Care,10456,Q,2022,Q3,2022-09-30,EBITDA margin,ebitda_margin,-0.7054585757827653,0.22287662740235586,YoY delta + Trend,2,"EBITDA margin fell 9,283 bps year over year (22.3% to -70.5%), 9.4x its usual yearly move; 33.5 sigma below its rolling median of 20.7%.",92.49009763142604,61.06312642304529,80.71262102302228,0.0,0.0,0.10344827586206896,False,False,0.017241379310344827,False,0001628280-23-036195,10-Q,2023-11-02 00:00:00,https://www.sec.gov/Archives/edgar/data/10456/000162828023036195/0001628280-23-036195-index.htm
267,91.92538500523317,EFX,Equifax,Industrials,33185,Q,2019,Q1,2019-03-31,SG&A % of revenue,sga_pct,1.1805933104833943,0.34711793923992146,YoY delta + Trend,2,"SG&A % of revenue rose 8,335 bps year over year (34.7% to 118.1%), 22.7x its usual yearly move; 24.5 sigma above its rolling median of 30.2%.",94.85472200843483,79.07965709938084,75.4053840512677,0.0,0.0,0.11764705882352941,False,False,1.0,False,0000033185-20-000027,10-Q,2020-04-21 00:00:00,https://www.sec.gov/Archives/edgar/data/33185/000003318520000027/0000033185-20-000027-index.htm
268,91.90334641249748,CNC,Centene Corporation,Health Care,1071739,Q,2012,Q3,2012-09-30,Debt / EBITDA,debt_to_ebitda,5.463705218929677,1.4345462935360969,YoY delta + Trend,2,Debt / EBITDA rose 281% year over year (1.43x to 5.46x); 56.7 sigma above its rolling median of 1.42x.,93.226149890676,45.19147476565366,87.6408823620762,0.0,0.0,0.10810810810810811,False,False,1.0,False,0001071739-12-000061,10-Q,2012-10-23 00:00:00,https://www.sec.gov/Archives/edgar/data/1071739/000107173912000061/0001071739-12-000061-index.htm
269,91.89807315121958,RTX,RTX Corporation,Industrials,101829,Q,2015,Q4,2015-12-31,Cash conversion (CFO / EBITDA),cash_conversion,3.107728337236534,0.6436744033998039,YoY delta + Trend,2,"Cash conversion (CFO / EBITDA) rose 383% year over year (0.64x to 3.11x), 6.3x its usual yearly move; 40.0 sigma above its rolling median of 0.62x.",91.89807315121958,51.36325897513919,83.34196190357592,0.0,0.0,0.078125,False,False,0.96875,False,0000101829-18-000005,10-K,2018-02-09 00:00:00,https://www.sec.gov/Archives/edgar/data/101829/000010182918000005/0000101829-18-000005-index.htm
270,91.87009686254875,LEN,Lennar,Consumer Discretionary,920760,Q,2012,Q2,2012-05-31,Return on assets,roa,0.19878604969848843,0.0063820504426201985,YoY delta + Trend,2,"Return on assets rose 1,924 bps year over year (0.6% to 19.9%); 37.1 sigma above its rolling median of 1.3%.",93.19242176598503,61.58819980351263,82.27737778705435,0.0,0.0,0.10810810810810811,False,False,0.7837837837837838,False,0001445305-14-000129,10-K,2014-01-28 00:00:00,https://www.sec.gov/Archives/edgar/data/920760/000144530514000129/0001445305-14-000129-index.htm
271,91.83151878659024,ICE,Intercontinental Exchange,Financials,1571949,Q,2014,Q3,2014-09-30,Current ratio,current_ratio,1.0008310193161318,7.524454477050414e-06,YoY delta,1,"Current ratio rose 13,300,944% year over year (0.00x to 1.00x).",91.83151878659024,91.83151878659024,0.0,0.0,0.0,0.05,False,False,0.15,False,0001571949-14-000018,10-Q,2014-11-04 00:00:00,https://www.sec.gov/Archives/edgar/data/1571949/000157194914000018/0001571949-14-000018-index.htm
272,91.81671375296561,MMM,3M,Industrials,66740,A,2023,FY,2023-12-31,Return on assets,roa,-0.14417478229504818,0.12353651886620975,YoY delta + Trend,2,"Return on assets fell 2,677 bps year over year (12.4% to -14.4%), 19.8x its usual yearly move; 14.8 sigma below its rolling median of 13.1%.",91.81671375296561,76.71768804323303,64.8519173601403,0.0,0.0,0.09876543209876543,False,False,0.012345679012345678,False,0000066740-26-000014,10-K,2026-02-03 00:00:00,https://www.sec.gov/Archives/edgar/data/66740/000006674026000014/0000066740-26-000014-index.htm
273,91.80968292335238,SBUX,Starbucks,Consumer Discretionary,829224,Q,2014,Q2,2014-03-30,Debt / EBITDA,debt_to_ebitda,3.1063248900348857,0.19652435099763998,Trend,1,Debt / EBITDA of 3.11x is 89.7 sigma above its rolling median of 0.23x.,91.80968292335238,0.0,91.80968292335238,0.0,0.0,0.08695652173913043,False,False,0.6956521739130435,False,0000829224-14-000021,10-Q,2014-04-29 00:00:00,https://www.sec.gov/Archives/edgar/data/829224/000082922414000021/0000829224-14-000021-index.htm
274,91.79588101437152,APD,Air Products,Materials,2969,Q,2017,Q2,2017-03-31,Net margin,net_margin,1.075703247310742,-0.2662878361651851,YoY delta + Trend,2,"Net margin rose 13,420 bps year over year (-26.6% to 107.6%), 16.2x its usual yearly move; 25.9 sigma above its rolling median of 12.8%. Reverses the prior year's flagged move. An input changed XBRL tag versus the comparison period.",93.61619593533638,72.98551422246432,76.36895953810021,0.0,0.0,0.1111111111111111,False,True,1.0,True,0000002969-18-000044,10-K,2018-11-20 00:00:00,https://www.sec.gov/Archives/edgar/data/2969/000000296918000044/0000002969-18-000044-index.htm
275,91.79471322685664,TDY,Teledyne Technologies,Information Technology,1094285,Q,2021,Q1,2021-04-04,Quick ratio,quick_ratio,5.624923359901901,0.8973143759873617,YoY delta + Trend,2,"Quick ratio rose 527% year over year (0.90x to 5.62x), 8.7x its usual yearly move; 31.7 sigma above its rolling median of 0.87x.",91.79471322685664,59.27758380585241,79.85068780294382,0.0,0.0,0.05714285714285714,False,False,1.0,False,0001094285-21-000111,10-Q,2021-04-30 00:00:00,https://www.sec.gov/Archives/edgar/data/1094285/000109428521000111/0001094285-21-000111-index.htm
276,91.77963368501365,GE,GE Aerospace,Industrials,40545,Q,2015,Q1,2015-03-31,Return on equity,roe,-0.4587042020285655,0.09143222993727182,YoY delta + Trend,2,"Return on equity fell 5,501 bps year over year (9.1% to -45.9%), 20.3x its usual yearly move; 37.6 sigma below its rolling median of 10.5%.",95.3179515847506,73.33818336540833,82.43912453746758,0.0,0.0,0.12121212121212122,False,False,0.015151515151515152,False,0000040545-17-000010,10-K,2017-02-24 00:00:00,https://www.sec.gov/Archives/edgar/data/40545/000004054517000010/0000040545-17-000010-index.htm
277,91.77000441522536,IFF,International Flavors & Fragrances,Materials,51253,Q,2023,Q4,2023-12-31,Operating margin,operating_margin,-0.9382167961524233,0.03691983122362869,YoY delta + Trend,2,"Operating margin fell 9,751 bps year over year (3.7% to -93.8%), 6.5x its usual yearly move; 44.3 sigma below its rolling median of 5.1%.",92.62311202599106,51.81839649404993,84.68940957289239,0.0,0.0,0.10526315789473684,False,False,0.05263157894736842,False,0000051253-26-000006,10-K,2026-02-27 00:00:00,https://www.sec.gov/Archives/edgar/data/51253/000005125326000006/0000051253-26-000006-index.htm
278,91.7565006907468,COHR,Coherent Corp.,Information Technology,820318,Q,2020,Q1,2019-09-30,Days inventory outstanding,dio,312.6558494308898,126.9667460084188,YoY delta + Trend,2,"Days inventory outstanding rose 146% year over year (127 days to 313 days), 7.7x its usual yearly move; 34.6 sigma above its rolling median of 125 days.",91.7565006907468,56.12942406652873,81.20950287556228,0.0,0.0,0.0851063829787234,False,False,1.0,False,0001564590-19-042658,10-Q,2019-11-12 00:00:00,https://www.sec.gov/Archives/edgar/data/820318/000156459019042658/0001564590-19-042658-index.htm
279,91.73352479479819,FIS,Fidelity National Information Services,Financials,1136893,Q,2023,Q2,2023-06-30,Return on assets,roa,-0.4601053623137843,0.013779552040194506,YoY delta + Trend,2,"Return on assets fell 4,739 bps year over year (1.4% to -46.0%), 3.4x its usual yearly move; 53.9 sigma below its rolling median of 0.7%.",91.73352479479819,36.07208550762577,87.06906791682074,0.0,0.0,0.05333333333333334,False,False,0.013333333333333334,False,0001136893-25-000014,10-K,2025-02-13 00:00:00,https://www.sec.gov/Archives/edgar/data/1136893/000113689325000014/0001136893-25-000014-index.htm
280,91.73020413797973,ABT,Abbott Laboratories,Health Care,1800,Q,2012,Q1,2012-03-31,Days sales outstanding,dso,132.2793778387585,72.26824583282638,YoY delta + Trend,2,"Days sales outstanding rose 83% year over year (72 days to 132 days), 13.8x its usual yearly move; 33.1 sigma above its rolling median of 66 days.",91.73020413797973,57.52957129750028,80.52810834581115,0.0,0.0,0.06818181818181818,False,False,1.0,False,0001104659-12-034444,10-Q,2012-05-08 00:00:00,https://www.sec.gov/Archives/edgar/data/1800/000110465912034444/0001104659-12-034444-index.htm
281,91.71988819899049,WTW,Willis Towers Watson,Financials,1140536,Q,2012,Q4,2012-12-31,Net margin,net_margin,-0.9242250287026407,0.030525030525030524,YoY delta + Trend,2,"Net margin fell 9,548 bps year over year (3.1% to -92.4%), 10.3x its usual yearly move; 27.5 sigma below its rolling median of 9.8%.",91.71988819899049,63.25730182459047,77.46460599741403,0.0,0.0,0.08928571428571429,False,False,0.017857142857142856,False,0001140536-14-000004,10-K,2014-02-27 00:00:00,https://www.sec.gov/Archives/edgar/data/1140536/000114053614000004/0001140536-14-000004-index.htm
282,91.71865264757062,MAS,Masco,Industrials,62996,Q,2010,Q4,2010-12-31,Net margin,net_margin,-0.6025641025641025,-0.09747102212855638,YoY delta + Trend,2,"Net margin fell 5,051 bps year over year (-9.7% to -60.3%); 19.4 sigma below its rolling median of -0.1%. Reverses the prior year's flagged move.",91.71865264757062,71.63495068247484,70.80439642559406,0.0,0.0,0.06944444444444445,False,True,0.013888888888888888,False,0001193125-12-070524,10-K,2012-02-21 00:00:00,https://www.sec.gov/Archives/edgar/data/62996/000119312512070524/0001193125-12-070524-index.htm
283,91.71812136435676,PLTR,Palantir Technologies,Information Technology,1321655,Q,2020,Q3,2020-09-30,Net margin,net_margin,-2.9489262733009407,-0.7340152513107415,YoY delta,1,"Net margin fell 22,149 bps year over year (-73.4% to -294.9%). An input changed XBRL tag versus the comparison period.",91.71812136435676,91.71812136435676,0.0,0.0,0.0,0.08450704225352113,False,False,0.014084507042253521,True,0001193125-21-323920,10-Q,2021-11-09 00:00:00,https://www.sec.gov/Archives/edgar/data/1321655/000119312521323920/0001193125-21-323920-index.htm
284,91.71106335514227,MRNA,Moderna,Health Care,1682852,Q,2021,Q3,2021-09-30,Operating margin,operating_margin,0.7160394445562488,-1.4968152866242037,YoY delta,1,"Operating margin rose 22,129 bps year over year (-149.7% to 71.6%).",91.71106335514227,91.71106335514227,0.0,0.0,0.0,0.08,False,False,1.0,False,0001682852-22-000051,10-Q,2022-11-03 00:00:00,https://www.sec.gov/Archives/edgar/data/1682852/000168285222000051/0001682852-22-000051-index.htm
285,91.70814488530718,APD,Air Products,Materials,2969,Q,2026,Q3,2026-06-30,Operating margin,operating_margin,-0.6634292945270484,0.2615542395871241,YoY delta + Trend,2,"Operating margin fell 9,250 bps year over year (26.2% to -66.3%), 4.3x its usual yearly move; 48.1 sigma below its rolling median of 22.7%.",91.70814488530718,41.862544502747255,85.73749909800463,0.0,0.0,0.06666666666666667,False,False,0.06666666666666667,False,0000002969-26-000036,10-Q,2026-07-30 00:00:00,https://www.sec.gov/Archives/edgar/data/2969/000000296926000036/0000002969-26-000036-index.htm
286,91.68316118137162,ERIE,Erie Indemnity,Financials,922621,Q,2016,Q1,2016-03-31,Return on assets,roa,0.13361378788319894,0.016086413364237464,YoY delta + Trend,2,"Return on assets rose 1,175 bps year over year (1.6% to 13.4%), 23.5x its usual yearly move; 24.5 sigma above its rolling median of 1.1%.",91.68316118137162,66.20239545445908,75.3922240038587,0.0,0.0,0.06944444444444445,False,False,0.9166666666666666,False,0000922621-18-000016,10-K,2018-02-22 00:00:00,https://www.sec.gov/Archives/edgar/data/922621/000092262118000016/0000922621-18-000016-index.htm
287,91.67363898871159,WTW,Willis Towers Watson,Financials,1140536,Q,2012,Q4,2012-12-31,Operating margin,operating_margin,-0.8897818599311137,0.0989010989010989,YoY delta + Trend,2,"Operating margin fell 9,887 bps year over year (9.9% to -89.0%), 18.2x its usual yearly move; 15.9 sigma below its rolling median of 21.0%.",91.67363898871159,75.15641406128368,66.48486642859154,0.0,0.0,0.041666666666666664,False,False,0.041666666666666664,False,0001140536-15-000003,10-K,2015-02-24 00:00:00,https://www.sec.gov/Archives/edgar/data/1140536/000114053615000003/0001140536-15-000003-index.htm
288,91.66384425108542,A,Agilent Technologies,Health Care,1090872,A,2013,FY,2013-10-31,Trade working capital % of revenue,nwc_pct,0.39368258859784283,0.2152230971128609,YoY delta + Trend,2,"Trade working capital % of revenue rose 1,785 bps year over year (21.5% to 39.4%), 14.0x its usual yearly move; 26.5 sigma above its rolling median of 19.4%.",91.66384425108542,64.08813380118046,76.78718309217638,0.0,0.0,0.04081632653061224,False,False,0.9387755102040817,False,0001090872-14-000045,10-K,2014-12-22 00:00:00,https://www.sec.gov/Archives/edgar/data/1090872/000109087214000045/0001090872-14-000045-index.htm
289,91.65130874415439,GDDY,GoDaddy,Information Technology,1609711,Q,2023,Q4,2023-12-31,Return on assets,roa,0.6336132422266623,0.05330903291946691,YoY delta + Trend,2,"Return on assets rose 5,803 bps year over year (5.3% to 63.4%), 4.9x its usual yearly move; 52.4 sigma above its rolling median of 4.8%.",92.73319603118489,45.15381100327651,86.75057629027016,0.0,0.0,0.10666666666666667,False,False,0.9866666666666667,False,0001609711-26-000010,10-K,2026-02-25 00:00:00,https://www.sec.gov/Archives/edgar/data/1609711/000160971126000010/0001609711-26-000010-index.htm
290,91.64021257343869,VTRS,Viatris,Health Care,1792044,A,2025,FY,2025-12-31,Cash conversion (CFO / EBITDA),cash_conversion,17.129437869822485,0.793200840422967,YoY delta + Trend,2,"Cash conversion (CFO / EBITDA) rose 530% year over year (0.79x to 17.13x), 12.7x its usual yearly move; 48.4 sigma above its rolling median of 0.67x.",95.4498331052719,67.918469294436,85.81686473601167,0.0,0.0,0.12280701754385964,False,False,1.0,False,0001792044-26-000013,10-K,2026-02-26 00:00:00,https://www.sec.gov/Archives/edgar/data/1792044/000179204426000013/0001792044-26-000013-index.htm
291,91.63430630837277,MRNA,Moderna,Health Care,1682852,Q,2021,Q1,2021-03-31,Accruals / assets,accruals,-0.6989166791473217,-0.03937693654543401,YoY delta + Trend,2,"Accruals / assets fell 6,595 bps year over year (-3.9% to -69.9%); 14.3 sigma below its rolling median of -6.0%.",91.63430630837277,76.73173326522566,64.0467689880625,0.0,0.0,0.07407407407407407,False,False,0.018518518518518517,False,0001682852-22-000025,10-Q,2022-05-04 00:00:00,https://www.sec.gov/Archives/edgar/data/1682852/000168285222000025/0001682852-22-000025-index.htm
292,91.63265389008775,ECHO,EchoStar,Communication Services,1415404,Q,2026,Q2,2026-06-30,Net margin,net_margin,2.3663266002342174,-0.08218399182380262,YoY delta + Trend,2,"Net margin rose 24,485 bps year over year (-8.2% to 236.6%), 5.0x its usual yearly move; 58.7 sigma above its rolling median of -4.6%.",93.44973201255408,45.3879795773056,88.00581275560369,0.0,0.0,0.1111111111111111,False,False,1.0,False,0001104659-26-089370,10-Q,2026-08-03 00:00:00,https://www.sec.gov/Archives/edgar/data/1415404/000110465926089370/0001104659-26-089370-index.htm
293,91.63043340742665,BDX,Becton Dickinson,Health Care,10795,Q,2017,Q4,2017-09-30,Quick ratio,quick_ratio,4.764512268102933,0.7179545454545454,YoY delta + Trend,2,"Quick ratio rose 564% year over year (0.72x to 4.76x), 3.2x its usual yearly move; 54.7 sigma above its rolling median of 0.73x.",91.63043340742665,34.454274733960865,87.23094975514775,0.0,0.0,0.09090909090909091,False,False,0.9272727272727272,False,0000010795-18-000036,10-K,2018-11-21 00:00:00,https://www.sec.gov/Archives/edgar/data/10795/000001079518000036/0000010795-18-000036-index.htm
294,91.6206035573773,WTW,Willis Towers Watson,Financials,1140536,Q,2012,Q4,2012-12-31,Return on assets,roa,-0.20052934765685818,0.006183718269795628,YoY delta + Trend,2,"Return on assets fell 2,067 bps year over year (0.6% to -20.1%); 27.1 sigma below its rolling median of 1.9%.",91.6206035573773,63.27052312412272,77.18618081346533,0.0,0.0,0.05970149253731343,False,False,0.014925373134328358,False,0001140536-14-000004,10-K,2014-02-27 00:00:00,https://www.sec.gov/Archives/edgar/data/1140536/000114053614000004/0001140536-14-000004-index.htm
295,91.58244431765115,MRNA,Moderna,Health Care,1682852,Q,2021,Q3,2021-09-30,EBITDA margin,ebitda_margin,0.7301267860736567,-1.4458598726114649,YoY delta,1,"EBITDA margin rose 21,760 bps year over year (-144.6% to 73.0%).",91.58244431765115,91.58244431765115,0.0,0.0,0.0,0.08771929824561403,False,False,1.0,False,0001682852-22-000051,10-Q,2022-11-03 00:00:00,https://www.sec.gov/Archives/edgar/data/1682852/000168285222000051/0001682852-22-000051-index.htm
296,91.54539459221806,MRNA,Moderna,Health Care,1682852,Q,2020,Q1,2020-03-31,SG&A % of revenue,sga_pct,3.0,1.7006552262090484,YoY delta,1,"SG&A % of revenue rose 12,993 bps year over year (170.1% to 300.0%).",91.54539459221806,91.54539459221806,0.0,0.0,0.0,0.09615384615384616,False,False,1.0,False,0001682852-21-000017,10-Q,2021-05-06 00:00:00,https://www.sec.gov/Archives/edgar/data/1682852/000168285221000017/0001682852-21-000017-index.htm
297,91.54316312570347,DOV,Dover Corporation,Industrials,29905,Q,2024,Q4,2024-12-31,Net margin,net_margin,0.7440843042988476,0.14069144730374872,YoY delta + Trend,2,"Net margin rose 6,034 bps year over year (14.1% to 74.4%), 12.6x its usual yearly move; 22.5 sigma above its rolling median of 13.7%.",91.54316312570347,67.70560870500422,73.8132953272076,0.0,0.0,0.06329113924050633,False,False,1.0,False,0000029905-26-000009,10-K,2026-02-13 00:00:00,https://www.sec.gov/Archives/edgar/data/29905/000002990526000009/0000029905-26-000009-index.htm
298,91.50416021517671,IEX,IDEX Corporation,Industrials,832101,Q,2012,Q4,2012-12-31,Net margin,net_margin,-0.2424812259849482,0.09858472215576586,YoY delta + Trend,2,"Net margin fell 3,411 bps year over year (9.9% to -24.2%), 39.2x its usual yearly move; 46.2 sigma below its rolling median of 10.4%.",96.6519258300374,77.32765351269038,85.23278491780013,0.0,0.0,0.13043478260869565,False,False,0.028985507246376812,False,0001445305-14-000435,10-K,2014-02-13 00:00:00,https://www.sec.gov/Archives/edgar/data/832101/000144530514000435/0001445305-14-000435-index.htm
299,91.50129052741914,CVS,CVS Health,Health Care,64803,Q,2019,Q1,2019-03-31,Gross margin,gross_margin,0.39579210329948417,0.14994643989244255,YoY delta + Trend,2,"Gross margin rose 2,458 bps year over year (15.0% to 39.6%), 10.1x its usual yearly move; 30.9 sigma above its rolling median of 15.5%.",92.35190013391573,62.76580403468507,79.4594735623974,0.0,0.0,0.10526315789473684,False,False,0.21052631578947367,False,0000064803-20-000015,10-Q,2020-05-06 00:00:00,https://www.sec.gov/Archives/edgar/data/64803/000006480320000015/0000064803-20-000015-index.htm
300,91.48453336816472,PPL,PPL Corporation,Utilities,922224,A,2021,FY,2021-12-31,Quick ratio,quick_ratio,1.7882049074472666,0.06941215543008968,YoY delta + Trend,2,"Quick ratio rose 2,476% year over year (0.07x to 1.79x), 6.3x its usual yearly move; 40.8 sigma above its rolling median of 0.30x. Reverses the prior year's flagged move.",92.03994684047795,51.396368806864515,83.62251345400242,0.0,0.0,0.10344827586206896,False,True,1.0,False,0000922224-23-000010,10-K,2023-02-17 00:00:00,https://www.sec.gov/Archives/edgar/data/922224/000092222423000010/0000922224-23-000010-index.htm
301,91.45748854427099,LEN,Lennar,Consumer Discretionary,920760,Q,2012,Q2,2012-05-31,Net margin,net_margin,0.486696303304288,0.01803155816992438,YoY delta + Trend,2,"Net margin rose 4,687 bps year over year (1.8% to 48.7%); 27.6 sigma above its rolling median of 3.2%.",93.27109313296758,70.089644854865,77.50308602361449,0.0,0.0,0.1111111111111111,False,False,0.9722222222222222,False,0001445305-14-000129,10-K,2014-01-28 00:00:00,https://www.sec.gov/Archives/edgar/data/920760/000144530514000129/0001445305-14-000129-index.htm
302,91.43674742680362,CCI,Crown Castle,Real Estate,1051470,Q,2024,Q4,2024-12-31,Return on assets,roa,-0.5389169103830233,0.0376039157796597,YoY delta + Trend,2,"Return on assets fell 5,765 bps year over year (3.8% to -53.9%), 13.4x its usual yearly move; 112.2 sigma below its rolling median of 4.0%.",97.9377904109808,69.00673536859593,93.34626534653708,0.0,0.0,0.13793103448275862,False,False,0.034482758620689655,False,0001051470-26-000016,10-K,2026-02-23 00:00:00,https://www.sec.gov/Archives/edgar/data/1051470/000105147026000016/0001051470-26-000016-index.htm
303,91.4272618325181,ECL,Ecolab,Materials,31462,Q,2012,Q1,2012-03-31,Debt / EBITDA,debt_to_ebitda,5.268036029968853,1.0280753282653767,YoY delta + Trend,2,Debt / EBITDA rose 412% year over year (1.03x to 5.27x); 38.5 sigma above its rolling median of 0.95x. An input changed XBRL tag versus the comparison period.,91.4272618325181,50.18595490839846,82.79051991919597,0.0,0.0,0.058823529411764705,False,False,0.9411764705882353,True,0001104659-12-032271,10-Q,2012-05-03 00:00:00,https://www.sec.gov/Archives/edgar/data/31462/000110465912032271/0001104659-12-032271-index.htm
304,91.42368490043053,T,AT&T,Communication Services,732717,A,2015,FY,2015-12-31,Days inventory outstanding,dio,76.39843263441976,11.640543795680651,YoY delta + Trend,2,"Days inventory outstanding rose 556% year over year (12 days to 76 days), 6.9x its usual yearly move; 35.3 sigma above its rolling median of 8 days. An input changed XBRL tag versus the comparison period.",91.42368490043053,53.62841370819977,81.50523675079455,0.0,0.0,,False,False,,True,0000732717-17-000021,10-K,2017-02-17 00:00:00,https://www.sec.gov/Archives/edgar/data/732717/000073271717000021/0000732717-17-000021-index.htm
305,91.41135381763168,ABBV,AbbVie,Health Care,1551152,Q,2014,Q4,2014-12-31,SG&A % of revenue,sga_pct,0.6128026412325752,0.28331050675014674,YoY delta + Trend,2,"SG&A % of revenue rose 3,295 bps year over year (28.3% to 61.3%); 16.9 sigma above its rolling median of 28.6%.",91.41135381763168,73.30320359483598,67.82892579310753,0.0,0.0,0.09803921568627451,False,False,1.0,False,0001551152-17-000004,10-K,2017-02-17 00:00:00,https://www.sec.gov/Archives/edgar/data/1551152/000155115217000004/0001551152-17-000004-index.htm
306,91.40493375536411,CPRT,Copart,Industrials,900075,Q,2013,Q2,2013-01-31,Gross margin,gross_margin,0.3637207205514961,0.8525475638865487,YoY delta + Trend,2,"Gross margin fell 4,888 bps year over year (85.3% to 36.4%), 3.6x its usual yearly move; 56.2 sigma below its rolling median of 85.4%.",92.25464761497572,37.8040948624318,87.54684513732424,0.0,0.0,0.10526315789473684,False,False,0.543859649122807,False,0001145443-14-001196,10-K,2014-09-29 00:00:00,https://www.sec.gov/Archives/edgar/data/900075/000114544314001196/0001145443-14-001196-index.htm
307,91.39520381120194,GD,General Dynamics,Industrials,40533,Q,2012,Q4,2012-12-31,Net margin,net_margin,-0.26367912849715275,0.06592325352574614,YoY delta + Trend,2,"Net margin fell 3,296 bps year over year (6.6% to -26.4%), 39.9x its usual yearly move; 45.8 sigma below its rolling median of 8.0%.",96.53683984650492,76.72266165538399,85.12218148731725,0.0,0.0,0.13043478260869565,False,False,0.014492753623188406,False,0000040533-15-000009,10-K,2015-02-09 00:00:00,https://www.sec.gov/Archives/edgar/data/40533/000004053315000009/0000040533-15-000009-index.htm
308,91.3876189728001,CTAS,Cintas,Industrials,723254,Q,2016,Q2,2015-11-30,Return on assets,roa,0.3224828657616012,0.10409688258097367,YoY delta + Trend,2,"Return on assets rose 2,184 bps year over year (10.4% to 32.2%), 18.8x its usual yearly move; 14.5 sigma above its rolling median of 8.2%.",91.3876189728001,75.77826581328178,64.44358211179437,0.0,0.0,0.1,False,False,1.0,False,0000723254-17-000002,10-Q,2017-01-06 00:00:00,https://www.sec.gov/Archives/edgar/data/723254/000072325417000002/0000723254-17-000002-index.htm
309,91.36369462832998,HWM,Howmet Aerospace,Industrials,4281,Q,2014,Q3,2014-09-30,Debt / EBITDA,debt_to_ebitda,78.03508771929825,3.3434221146085554,YoY delta + Trend,2,Debt / EBITDA rose 648% year over year (3.34x to 78.04x); 33.3 sigma above its rolling median of 3.72x. An input changed XBRL tag versus the comparison period.,91.36369462832998,55.36665220421421,80.65055435414718,0.0,0.0,0.07407407407407407,False,False,1.0,True,0001193125-16-470162,10-K,2016-02-19 00:00:00,https://www.sec.gov/Archives/edgar/data/4281/000119312516470162/0001193125-16-470162-index.htm
310,91.3189542105102,ES,Eversource Energy,Utilities,72741,Q,2023,Q4,2023-12-31,Return on assets,roa,-0.09197631846588394,0.02457594212361738,YoY delta + Trend,2,"Return on assets fell 1,166 bps year over year (2.5% to -9.2%), 16.3x its usual yearly move; 23.3 sigma below its rolling median of 2.5%.",91.3189542105102,66.01572826104731,74.45569569307672,0.0,0.0,0.03333333333333333,False,False,0.03333333333333333,False,0000072741-24-000005,10-K,2024-02-14 00:00:00,https://www.sec.gov/Archives/edgar/data/72741/000007274124000005/0000072741-24-000005-index.htm
311,91.31617539759701,MAS,Masco,Industrials,62996,A,2013,FY,2013-12-31,Days sales outstanding,dso,54.20204111817778,3.6037358238825883,Trend,1,Days sales outstanding of 54 days is 84.1 sigma above its rolling median of 4 days. An input changed XBRL tag versus the comparison period.,91.31617539759701,0.0,91.31617539759701,0.0,0.0,0.046875,False,False,0.546875,True,0001047469-15-000803,10-K,2015-02-13 00:00:00,https://www.sec.gov/Archives/edgar/data/62996/000104746915000803/0001047469-15-000803-index.htm
312,91.30770608288348,MRNA,Moderna,Health Care,1682852,Q,2023,Q3,2023-09-30,EBITDA margin,ebitda_margin,-0.9645002730748226,0.3802021403091558,YoY delta + Trend,2,"EBITDA margin fell 13,447 bps year over year (38.0% to -96.5%); 7.1 sigma below its rolling median of 59.6%. An input changed XBRL tag versus the comparison period.",93.11834048112763,87.05252233264399,46.8494196655551,0.0,0.0,0.1111111111111111,False,False,0.015873015873015872,True,0001682852-24-000060,10-Q,2024-11-07 00:00:00,https://www.sec.gov/Archives/edgar/data/1682852/000168285224000060/0001682852-24-000060-index.htm
313,91.29296335798274,HSIC,Henry Schein,Health Care,1000228,Q,2019,Q3,2019-09-28,Days sales outstanding,dso,11.686910281526684,45.28558901209204,YoY delta + Trend,2,"Days sales outstanding fell 74% year over year (45 days to 12 days), 19.2x its usual yearly move; 14.8 sigma below its rolling median of 43 days. An input changed XBRL tag versus the comparison period.",91.29296335798274,75.21737641266202,64.86636448585742,0.0,0.0,0.018518518518518517,False,False,0.037037037037037035,True,0001000228-19-000067,10-Q,2019-11-05 00:00:00,https://www.sec.gov/Archives/edgar/data/1000228/000100022819000067/0001000228-19-000067-index.htm
314,91.29277011905799,EW,Edwards Lifesciences,Health Care,1099800,A,2024,FY,2024-12-31,Accruals / assets,accruals,0.32404487365345586,0.057386566377996905,YoY delta + Trend,2,"Accruals / assets rose 2,667 bps year over year (5.7% to 32.4%), 7.2x its usual yearly move; 33.7 sigma above its rolling median of -3.0%.",91.29277011905799,54.622610241490754,80.81152325578796,0.0,0.0,0.08333333333333333,False,False,1.0,False,0001099800-26-000009,10-K,2026-02-25 00:00:00,https://www.sec.gov/Archives/edgar/data/1099800/000109980026000009/0001099800-26-000009-index.htm
315,91.2624218184191,TSLA,"Tesla, Inc.",Consumer Discretionary,1318605,Q,2013,Q1,2013-03-31,Asset turnover,asset_turnover,1.9904338768308496,0.16366778158459405,YoY delta + Trend,2,"Asset turnover rose 1,116% year over year (0.16x to 1.99x); 14.9 sigma above its rolling median of 0.30x.",92.11081086586788,77.40437840576031,65.08531928971885,0.0,0.0,0.10526315789473684,False,False,0.7894736842105263,False,0001564590-15-001031,10-K,2015-02-26 00:00:00,https://www.sec.gov/Archives/edgar/data/1318605/000156459015001031/0001564590-15-001031-index.htm
316,91.21745485903658,ILMN,"Illumina, Inc.",Health Care,1110803,Q,2022,Q3,2022-10-02,Return on equity,roe,-1.777467248908297,0.1607810815951309,YoY delta + Trend,2,"Return on equity fell 19,382 bps year over year (16.1% to -177.7%), 13.4x its usual yearly move; 20.2 sigma below its rolling median of 14.8%.",91.21745485903658,69.02505985207937,71.64628858353743,0.0,0.0,0.05454545454545454,False,False,0.01818181818181818,False,0001110803-23-000086,10-Q,2023-11-13 00:00:00,https://www.sec.gov/Archives/edgar/data/1110803/000111080323000086/0001110803-23-000086-index.htm
317,91.18971423352114,LEN,Lennar,Consumer Discretionary,920760,Q,2012,Q2,2012-05-31,Return on equity,roe,0.6138164738870413,0.020838128105737062,YoY delta + Trend,2,"Return on equity rose 5,930 bps year over year (2.1% to 61.4%); 38.0 sigma above its rolling median of 4.3%.",92.99800885004989,59.71714774049093,82.61793602686801,0.0,0.0,0.1111111111111111,False,False,0.9722222222222222,False,0001445305-14-000129,10-K,2014-01-28 00:00:00,https://www.sec.gov/Archives/edgar/data/920760/000144530514000129/0001445305-14-000129-index.htm
318,91.17574505840852,ABNB,Airbnb,Consumer Discretionary,1559720,Q,2021,Q4,2021-12-31,Return on assets,roa,0.01597683957748191,-1.4822861823653608,YoY delta,1,"Return on assets rose 14,983 bps year over year (-148.2% to 1.6%).",92.58464178116539,92.58464178116539,0.0,0.0,0.0,0.10869565217391304,False,False,0.21739130434782608,False,0001559720-24-000006,10-K,2024-02-16 00:00:00,https://www.sec.gov/Archives/edgar/data/1559720/000155972024000006/0001559720-24-000006-index.htm
319,91.15093682038649,MSI,Motorola Solutions,Information Technology,68505,Q,2014,Q4,2014-12-31,EBITDA margin,ebitda_margin,-0.7763157894736842,0.21133736929003852,YoY delta + Trend,2,"EBITDA margin fell 9,877 bps year over year (21.1% to -77.6%), 12.1x its usual yearly move; 38.0 sigma below its rolling median of 16.7%.",94.22523473329484,66.79760028995439,82.60738586025164,0.0,0.0,0.11864406779661017,False,False,0.01694915254237288,False,0000068505-16-000017,10-K,2016-02-23 00:00:00,https://www.sec.gov/Archives/edgar/data/68505/000006850516000017/0000068505-16-000017-index.htm
320,91.12321011672375,GDDY,GoDaddy,Information Technology,1609711,Q,2023,Q4,2023-12-31,Net margin,net_margin,1.0123602653821684,0.09000865467833445,YoY delta + Trend,2,"Net margin rose 9,224 bps year over year (9.0% to 101.2%), 4.4x its usual yearly move; 44.2 sigma above its rolling median of 8.3%.",91.12321011672375,42.10772604448778,84.66671063897458,0.0,0.0,0.09210526315789473,False,False,1.0,False,0001609711-26-000010,10-K,2026-02-25 00:00:00,https://www.sec.gov/Archives/edgar/data/1609711/000160971126000010/0001609711-26-000010-index.htm
321,91.11385573971202,VTRS,Viatris,Health Care,1792044,Q,2025,Q1,2025-03-31,Net margin,net_margin,-0.9347632363334665,0.031091335917453732,YoY delta + Trend,2,"Net margin fell 9,659 bps year over year (3.1% to -93.5%), 6.7x its usual yearly move; 34.7 sigma below its rolling median of 6.7%.",91.11385573971202,52.622183577232455,81.24408229160659,0.0,0.0,0.06779661016949153,False,False,0.01694915254237288,False,0001792044-26-000029,10-Q,2026-05-07 00:00:00,https://www.sec.gov/Archives/edgar/data/1792044/000179204426000029/0001792044-26-000029-index.htm
322,91.095574856829,SNPS,Synopsys,Information Technology,883241,Q,2025,Q4,2025-10-31,Interest coverage,interest_coverage,0.6233209415050937,19.730954799390553,YoY delta + Trend + Benford,3,"Interest coverage fell 97% year over year (19.73x to 0.62x), 4.9x its usual yearly move; 19.7 sigma below its rolling median of 48.49x; the filing's leading digits also depart from Benford's Law.",91.095574856829,44.76014929315904,71.16382606332583,44.09949199398369,0.0,0.08196721311475409,False,False,0.04918032786885246,False,0000883241-25-000028,10-K,2025-12-22 00:00:00,https://www.sec.gov/Archives/edgar/data/883241/000088324125000028/0000883241-25-000028-index.htm
323,91.05131370999943,NCLH,Norwegian Cruise Line Holdings,Consumer Discretionary,1513761,Q,2022,Q3,2022-09-30,SG&A % of revenue,sga_pct,0.2323049687095716,1.4968676713635265,YoY delta,1,"SG&A % of revenue fell 12,646 bps year over year (149.7% to 23.2%), 61.0x its usual yearly move.",91.05131370999943,91.05131370999943,0.0,0.0,0.0,0.047619047619047616,False,False,0.7142857142857143,False,0001558370-23-018153,10-Q,2023-11-08 00:00:00,https://www.sec.gov/Archives/edgar/data/1513761/000155837023018153/0001558370-23-018153-index.htm
324,91.04921791644749,CPT,Camden Property Trust,Real Estate,906345,Q,2016,Q3,2016-09-30,EBITDA margin,ebitda_margin,1.7696051944513815,0.5763971532458736,YoY delta + Trend,2,"EBITDA margin rose 11,932 bps year over year (57.6% to 177.0%), 4.7x its usual yearly move; 42.2 sigma above its rolling median of 59.0%.",91.04921791644749,43.823146030520284,84.06677937426797,0.0,0.0,0.08,False,False,1.0,False,0000906345-17-000044,10-Q,2017-10-27 00:00:00,https://www.sec.gov/Archives/edgar/data/906345/000090634517000044/0000906345-17-000044-index.htm
325,91.01862783542609,NEM,Newmont,Materials,1164727,Q,2019,Q3,2019-09-30,Net margin,net_margin,0.802801326944342,-0.08400926998841252,YoY delta + Trend,2,"Net margin rose 8,868 bps year over year (-8.4% to 80.3%); 8.4 sigma above its rolling median of 3.8%. Reverses the prior year's flagged move.",91.01862783542609,81.59752945320473,51.19474778272101,0.0,0.0,0.08333333333333333,False,True,1.0,False,0001164727-20-000228,10-Q,2020-10-29 00:00:00,https://www.sec.gov/Archives/edgar/data/1164727/000116472720000228/0001164727-20-000228-index.htm
326,91.01026793129904,BMY,Bristol Myers Squibb,Health Care,14272,Q,2024,Q1,2024-03-31,EBITDA margin,ebitda_margin,-0.7213653603034134,0.48399047367028314,YoY delta + Trend,2,"EBITDA margin fell 12,054 bps year over year (48.4% to -72.1%), 5.0x its usual yearly move; 40.8 sigma below its rolling median of 40.9%.",91.01026793129904,45.210398902784185,83.59226588864911,0.0,0.0,0.034482758620689655,False,False,0.017241379310344827,False,0000014272-25-000091,10-Q,2025-04-24 00:00:00,https://www.sec.gov/Archives/edgar/data/14272/000001427225000091/0000014272-25-000091-index.htm
327,90.99579218367799,KKR,KKR & Co.,Financials,1404912,Q,2017,Q3,2017-09-30,Asset turnover,asset_turnover,0.06879614636154106,0.0017157964999224417,Trend,1,Asset turnover of 0.07x is 80.8 sigma above its rolling median of 0.00x. An input changed XBRL tag versus the comparison period.,90.99579218367799,0.0,90.99579218367799,0.0,0.0,0.05970149253731343,False,False,0.26865671641791045,True,0001404912-19-000006,10-K,2019-02-15 00:00:00,https://www.sec.gov/Archives/edgar/data/1404912/000140491219000006/0001404912-19-000006-index.htm
328,90.99414413085852,PHM,PulteGroup,Consumer Discretionary,822416,Q,2013,Q3,2013-09-30,Return on assets,roa,1.2052740285830055,0.06620571820649446,YoY delta + Trend,2,"Return on assets rose 11,391 bps year over year (6.6% to 120.5%), 9.9x its usual yearly move; 25.6 sigma above its rolling median of 0.1%.",90.99414413085852,62.19274994301996,76.1795532455585,0.0,0.0,0.1,False,False,1.0,False,0000822416-15-000007,10-K,2015-02-04 00:00:00,https://www.sec.gov/Archives/edgar/data/822416/000082241615000007/0000822416-15-000007-index.htm
329,90.97811249164276,DAL,Delta Air Lines,Industrials,27904,Q,2020,Q3,2020-09-30,EBITDA margin,ebitda_margin,-1.9075767472240366,0.21512738853503185,YoY delta + Trend,2,"EBITDA margin fell 21,227 bps year over year (21.5% to -190.8%), 4.3x its usual yearly move; 56.5 sigma below its rolling median of 17.4%.",92.78221103963567,41.84692234687516,87.58829411674914,0.0,0.0,0.1111111111111111,False,False,0.013888888888888888,False,0000027904-21-000012,10-Q,2021-10-13 00:00:00,https://www.sec.gov/Archives/edgar/data/27904/000002790421000012/0000027904-21-000012-index.htm
330,90.97796507119368,LHX,L3Harris,Industrials,202058,Q,2025,Q4,2026-01-02,Asset turnover,asset_turnover,2.1277475702173727,2.0336154488020024,Trend,1,Asset turnover of 2.13x is 80.7 sigma above its rolling median of 0.51x.,90.97796507119368,0.0,90.97796507119368,0.0,0.0,0.025974025974025976,False,False,0.974025974025974,False,0000202058-26-000015,10-K,2026-02-12 00:00:00,https://www.sec.gov/Archives/edgar/data/202058/000020205826000015/0000202058-26-000015-index.htm
331,90.97649033173069,ERIE,Erie Indemnity,Financials,922621,A,2015,FY,2015-12-31,Return on assets,roa,0.12813378646716259,0.018616633170693647,YoY delta + Trend,2,"Return on assets rose 1,095 bps year over year (1.9% to 12.8%), 21.9x its usual yearly move; 23.4 sigma above its rolling median of 1.1%.",90.97649033173069,64.60535182828025,74.50600547153037,0.0,0.0,0.027777777777777776,False,False,0.9027777777777778,False,0000922621-18-000016,10-K,2018-02-22 00:00:00,https://www.sec.gov/Archives/edgar/data/922621/000092262118000016/0000922621-18-000016-index.htm
332,90.97150325991227,MRNA,Moderna,Health Care,1682852,Q,2019,Q3,2019-09-30,SG&A % of revenue,sga_pct,1.6527631115804293,0.44363819239887925,YoY delta,1,"SG&A % of revenue rose 12,091 bps year over year (44.4% to 165.3%).",90.97150325991227,90.97150325991227,0.0,0.0,0.0,0.05555555555555555,False,False,1.0,False,0001682852-20-000023,10-Q,2020-10-30 00:00:00,https://www.sec.gov/Archives/edgar/data/1682852/000168285220000023/0001682852-20-000023-index.htm
333,90.96536821980378,DHR,Danaher Corporation,Health Care,313616,Q,2015,Q1,2015-04-03,SG&A % of revenue,sga_pct,0.4428607230123426,0.30424400792935663,YoY delta + Trend,2,"SG&A % of revenue rose 1,386 bps year over year (30.4% to 44.3%), 11.1x its usual yearly move; 23.1 sigma above its rolling median of 28.3%.",90.96536821980378,64.86185277006216,74.28825224883035,0.0,0.0,0.061224489795918366,False,False,0.9387755102040817,False,0000313616-16-000163,10-Q,2016-04-21 00:00:00,https://www.sec.gov/Archives/edgar/data/313616/000031361616000163/0000313616-16-000163-index.htm
334,90.94663169579941,DLTR,Dollar Tree,Consumer Staples,935703,Q,2024,Q4,2025-02-01,Return on equity,roe,-2.545933611744952,-0.8385842943235671,YoY delta + Trend,2,"Return on equity fell 17,073 bps year over year (-83.9% to -254.6%), 4.4x its usual yearly move; 43.2 sigma below its rolling median of 13.2%.",90.94663169579941,42.071827062104795,84.37138986947386,0.0,0.0,0.07142857142857142,False,False,0.03571428571428571,False,0000935703-25-000015,10-K,2025-03-26 00:00:00,https://www.sec.gov/Archives/edgar/data/935703/000093570325000015/0000935703-25-000015-index.htm
335,90.92316452592667,KDP,Keurig Dr Pepper,Consumer Staples,1418135,Q,2017,Q2,2017-06-30,Gross margin,gross_margin,0.2498608792431831,0.6047197640117994,YoY delta + Trend,2,"Gross margin fell 3,549 bps year over year (60.5% to 25.0%), 6.0x its usual yearly move; 36.1 sigma below its rolling median of 59.3%.",90.92316452592667,49.93029392218623,81.87160224194858,0.0,0.0,0.03571428571428571,False,False,0.25,False,0001418135-19-000007,10-K,2019-02-28 00:00:00,https://www.sec.gov/Archives/edgar/data/1418135/000141813519000007/0001418135-19-000007-index.htm
336,90.91278059369066,VMRK,Vivmark Residential,Real Estate,906107,Q,2016,Q1,2016-03-31,Return on assets,roa,0.6462756663320985,0.03175699725674364,YoY delta + Trend,2,"Return on assets rose 6,145 bps year over year (3.2% to 64.6%), 8.9x its usual yearly move; 27.4 sigma above its rolling median of 3.7%.",90.91278059369066,59.82165214461344,77.38279473557034,0.0,0.0,0.08,False,False,1.0,False,0001564590-17-008789,10-Q,2017-05-04 00:00:00,https://www.sec.gov/Archives/edgar/data/906107/000156459017008789/0001564590-17-008789-index.htm
337,90.91152798237154,ILMN,"Illumina, Inc.",Health Care,1110803,A,2021,FY,2022-01-02,Debt / EBITDA,debt_to_ebitda,7.7578125,1.54367666232073,YoY delta + Trend,2,"Debt / EBITDA rose 403% year over year (1.54x to 7.76x), 3.7x its usual yearly move; 46.3 sigma above its rolling median of 1.55x. An input changed XBRL tag versus the comparison period.",90.91152798237154,38.36370265835639,85.25467555707962,0.0,0.0,0.09803921568627451,False,False,0.9607843137254902,True,0001110803-22-000047,10-Q,2022-11-04 00:00:00,https://www.sec.gov/Archives/edgar/data/1110803/000111080322000047/0001110803-22-000047-index.htm
338,90.90863125477806,LHX,L3Harris,Industrials,202058,Q,2012,Q3,2012-03-30,Return on equity,roe,-0.6829739920719327,0.22904523438141366,YoY delta + Trend,2,"Return on equity fell 9,120 bps year over year (22.9% to -68.3%); 18.8 sigma below its rolling median of 24.2%.",90.90863125477806,69.51264189311608,70.17987352872946,0.0,0.0,0.05,False,False,0.016666666666666666,False,0001193125-13-192854,10-Q,2013-05-01 00:00:00,https://www.sec.gov/Archives/edgar/data/202058/000119312513192854/0001193125-13-192854-index.htm
339,90.90849636006695,ARES,Ares Management,Financials,1176948,A,2013,FY,2013-12-31,Net margin,net_margin,1.6992990776237582,3.6991552061692103,YoY delta,1,"Net margin fell 19,999 bps year over year (369.9% to 169.9%).",90.90849636006695,90.90849636006695,0.0,0.0,0.0,0.0967741935483871,False,False,1.0,False,0001558370-16-003647,10-K,2016-02-29 00:00:00,https://www.sec.gov/Archives/edgar/data/1176948/000155837016003647/0001558370-16-003647-index.htm
340,90.89624060897982,IFF,International Flavors & Fragrances,Materials,51253,Q,2022,Q3,2022-09-30,Operating margin,operating_margin,-0.6480574600065295,0.09703679583197655,YoY delta + Trend,2,"Operating margin fell 7,451 bps year over year (9.7% to -64.8%), 18.7x its usual yearly move; 18.6 sigma below its rolling median of 9.4%.",92.69871563522021,75.7448606600779,69.89799043222794,0.0,0.0,0.1111111111111111,False,False,0.05555555555555555,False,0000051253-23-000036,10-Q,2023-11-08 00:00:00,https://www.sec.gov/Archives/edgar/data/51253/000005125323000036/0000051253-23-000036-index.htm
341,90.84098821749178,HPQ,HP Inc.,Information Technology,47217,Q,2012,Q3,2012-07-31,Return on equity,roe,-0.9721082742251917,0.19200957057049572,YoY delta + Trend,2,"Return on equity fell 11,641 bps year over year (19.2% to -97.2%), 13.7x its usual yearly move; 21.3 sigma below its rolling median of 19.9%. An input changed XBRL tag versus the comparison period.",91.68545955550299,69.56323796504441,72.68257236118599,0.0,0.0,0.10526315789473684,False,False,0.017543859649122806,True,0001047469-13-008916,10-Q,2013-09-09 00:00:00,https://www.sec.gov/Archives/edgar/data/47217/000104746913008916/0001047469-13-008916-index.htm
342,90.8356101765839,SNDK,Sandisk,Information Technology,2023554,Q,2026,Q3,2026-04-03,EBITDA margin,ebitda_margin,0.697310924369748,-1.087905604719764,YoY delta + Trend,2,"EBITDA margin rose 17,852 bps year over year (-108.8% to 69.7%); 7.1 sigma above its rolling median of 10.7%. Reverses the prior year's flagged move.",94.65835128621968,89.92553219916384,46.97835340406791,0.0,0.0,0.12307692307692308,False,True,0.9692307692307692,False,0001628280-26-029401,10-Q,2026-05-01 00:00:00,https://www.sec.gov/Archives/edgar/data/2023554/000162828026029401/0001628280-26-029401-index.htm
343,90.81192153123565,TSLA,"Tesla, Inc.",Consumer Discretionary,1318605,Q,2012,Q1,2012-03-31,Operating margin,operating_margin,-2.9423873769350615,-0.9656536814195391,YoY delta,1,"Operating margin fell 19,767 bps year over year (-96.6% to -294.2%).",90.81192153123565,90.81192153123565,0.0,0.0,0.0,0.06451612903225806,False,False,0.03225806451612903,False,0001193125-13-212354,10-Q,2013-05-10 00:00:00,https://www.sec.gov/Archives/edgar/data/1318605/000119312513212354/0001193125-13-212354-index.htm
344,90.80884040244028,EFX,Equifax,Industrials,33185,Q,2019,Q1,2019-03-31,Return on equity,roe,-0.7805979363259546,0.11275991998883565,YoY delta + Trend,2,"Return on equity fell 8,934 bps year over year (11.3% to -78.1%), 15.7x its usual yearly move; 16.1 sigma below its rolling median of 18.0%.",90.80884040244028,72.28931304459412,66.83171509839933,0.0,0.0,0.05555555555555555,False,False,0.013888888888888888,False,0000033185-21-000025,10-K,2021-02-25 00:00:00,https://www.sec.gov/Archives/edgar/data/33185/000003318521000025/0000033185-21-000025-index.htm
345,90.80736732750357,RDDT,Reddit,Communication Services,1713445,Q,2025,Q1,2025-03-31,Return on assets,roa,0.04383759994251741,-1.2735508585377493,YoY delta,1,"Return on assets rose 13,174 bps year over year (-127.4% to 4.4%).",91.65152612072073,91.65152612072073,0.0,0.0,0.0,0.10526315789473684,False,False,0.47368421052631576,False,0001713445-26-000069,10-Q,2026-05-01 00:00:00,https://www.sec.gov/Archives/edgar/data/1713445/000171344526000069/0001713445-26-000069-index.htm
346,90.79335734841861,HWM,Howmet Aerospace,Industrials,4281,Q,2013,Q4,2013-12-31,Debt / EBITDA,debt_to_ebitda,140.03389830508473,3.8558875219683655,YoY delta + Trend,2,Debt / EBITDA rose 548% year over year (3.86x to 140.03x); 32.4 sigma above its rolling median of 3.53x.,90.79335734841861,53.543463402894474,80.18224489822384,0.0,0.0,0.08620689655172414,False,False,1.0,False,0001193125-15-054376,10-K,2015-02-19 00:00:00,https://www.sec.gov/Archives/edgar/data/4281/000119312515054376/0001193125-15-054376-index.htm
347,90.77794901694368,PLTR,Palantir Technologies,Information Technology,1321655,Q,2021,Q3,2021-09-30,Return on assets,roa,-0.12969788071260374,-1.3109268613425755,YoY delta,1,"Return on assets rose 11,812 bps year over year (-131.1% to -13.0%).",90.77794901694368,90.77794901694368,0.0,0.0,0.0,0.08333333333333333,False,False,0.013888888888888888,False,0001321655-22-000032,10-Q,2022-11-07 00:00:00,https://www.sec.gov/Archives/edgar/data/1321655/000132165522000032/0001321655-22-000032-index.htm
348,90.77079033162265,MMM,3M,Industrials,66740,A,2023,FY,2023-12-31,Return on equity,roe,-0.7163705258845819,0.38813490997043804,YoY delta + Trend,2,"Return on equity fell 11,045 bps year over year (38.8% to -71.6%), 25.5x its usual yearly move; 30.8 sigma below its rolling median of 45.0%.",96.0805023008819,80.97718378883943,79.39580735254883,0.0,0.0,0.13157894736842105,False,False,0.02631578947368421,False,0000066740-26-000014,10-K,2026-02-03 00:00:00,https://www.sec.gov/Archives/edgar/data/66740/000006674026000014/0000066740-26-000014-index.htm
349,90.76893448884742,VTRS,Viatris,Health Care,1792044,Q,2025,Q1,2025-03-31,Return on assets,roa,-0.30429204834462426,0.009588631704781267,YoY delta + Trend,2,"Return on assets fell 3,139 bps year over year (1.0% to -30.4%), 7.0x its usual yearly move; 32.1 sigma below its rolling median of 2.2%.",90.76893448884742,53.7473026089311,80.04210341917262,0.0,0.0,0.05,False,False,0.016666666666666666,False,0001792044-26-000029,10-Q,2026-05-07 00:00:00,https://www.sec.gov/Archives/edgar/data/1792044/000179204426000029/0001792044-26-000029-index.htm
350,90.76567295146538,CNP,CenterPoint Energy,Utilities,1130310,Q,2011,Q3,2011-09-30,Return on assets,roa,0.191592005513439,0.02528263103802672,YoY delta + Trend,2,"Return on assets rose 1,663 bps year over year (2.5% to 19.2%); 33.5 sigma above its rolling median of 2.4%.",91.91460552047127,58.0872962263744,80.70896470149314,0.0,0.0,0.10714285714285714,False,False,1.0,False,0001130310-13-000006,10-K,2013-02-27 00:00:00,https://www.sec.gov/Archives/edgar/data/1130310/000113031013000006/0001130310-13-000006-index.htm
351,90.7586036406654,EXR,Extra Space Storage,Real Estate,1289490,A,2019,FY,2019-12-31,Interest coverage,interest_coverage,27.9594011448701,3.472970700979623,YoY delta + Trend,2,"Interest coverage rose 705% year over year (3.47x to 27.96x), 9.3x its usual yearly move; 67.7 sigma above its rolling median of 3.25x. An input changed XBRL tag versus the comparison period.",95.86442634834921,60.8878391974202,89.42637387761502,0.0,0.0,0.13043478260869565,False,False,0.9565217391304348,True,0001628280-22-004274,10-K,2022-02-28 00:00:00,https://www.sec.gov/Archives/edgar/data/1289490/000162828022004274/0001628280-22-004274-index.htm
352,90.73379128632624,CNC,Centene Corporation,Health Care,1071739,Q,2022,Q3,2022-09-30,Gross margin,gross_margin,0.11275616896695943,0.9581867555390977,YoY delta + Trend,2,"Gross margin fell 8,454 bps year over year (95.8% to 11.3%), 5.0x its usual yearly move; 104.7 sigma below its rolling median of 96.5%.",96.12975388656253,45.480769302836975,92.90113586720354,0.0,0.0,0.1320754716981132,False,False,0.07547169811320754,False,0001071739-23-000209,10-Q,2023-10-24 00:00:00,https://www.sec.gov/Archives/edgar/data/1071739/000107173923000209/0001071739-23-000209-index.htm
353,90.73251057440697,BMY,Bristol Myers Squibb,Health Care,14272,Q,2024,Q1,2024-03-31,Return on equity,roe,-2.0750871080139373,0.2877633775940208,YoY delta + Trend,2,"Return on equity fell 23,629 bps year over year (28.8% to -207.5%), 4.8x its usual yearly move; 48.8 sigma below its rolling median of 22.8%.",92.19931790470916,44.66271198106909,85.90338924339369,0.0,0.0,0.10909090909090909,False,False,0.01818181818181818,False,0000014272-25-000091,10-Q,2025-04-24 00:00:00,https://www.sec.gov/Archives/edgar/data/14272/000001427225000091/0000014272-25-000091-index.htm
354,90.72728332783555,KDP,Keurig Dr Pepper,Consumer Staples,1418135,Q,2017,Q4,2017-12-31,Trade working capital % of revenue,nwc_pct,-0.15235042735042736,0.10172981878088962,YoY delta + Trend,2,"Trade working capital % of revenue fell 2,541 bps year over year (10.2% to -15.2%), 7.4x its usual yearly move; 30.7 sigma below its rolling median of 7.8%. An input changed XBRL tag versus the comparison period.",90.72728332783555,55.16136126799151,79.31980779437662,0.0,0.0,0.08,False,False,0.04,True,0001418135-19-000007,10-K,2019-02-28 00:00:00,https://www.sec.gov/Archives/edgar/data/1418135/000141813519000007/0001418135-19-000007-index.htm
355,90.70175884450757,V,Visa Inc.,Financials,1403161,Q,2012,Q3,2012-06-30,Net margin,net_margin,-0.7169590643274854,0.43281653746770027,YoY delta + Trend,2,"Net margin fell 11,498 bps year over year (43.3% to -71.7%), 8.1x its usual yearly move; 28.7 sigma below its rolling median of 39.1%.",90.70175884450757,57.38905461339284,78.17874944775357,0.0,0.0,0.05555555555555555,False,False,0.018518518518518517,False,0001403161-13-000007,10-Q,2013-07-24 00:00:00,https://www.sec.gov/Archives/edgar/data/1403161/000140316113000007/0001403161-13-000007-index.htm
356,90.6986885592842,KHC,Kraft Heinz,Consumer Staples,1637459,Q,2018,Q4,2018-12-29,Return on assets,roa,-0.450797180724188,0.2663066576664417,YoY delta + Trend,2,"Return on assets fell 7,171 bps year over year (26.6% to -45.1%), 10.2x its usual yearly move; 96.1 sigma below its rolling median of 3.0%. Reverses the prior year's flagged move.",97.14725644392398,62.86491361454074,92.3179293930684,0.0,0.0,0.13793103448275862,False,True,0.034482758620689655,False,0001637459-19-000049,10-K,2019-06-07 00:00:00,https://www.sec.gov/Archives/edgar/data/1637459/000163745919000049/0001637459-19-000049-index.htm
357,90.69172245819779,GD,General Dynamics,Industrials,40533,Q,2012,Q4,2012-12-31,Operating margin,operating_margin,-0.23545432037633077,0.10385918880507271,YoY delta + Trend,2,"Operating margin fell 3,393 bps year over year (10.4% to -23.5%), 35.3x its usual yearly move; 47.5 sigma below its rolling median of 12.0%.",96.71598056997144,77.23721262605027,85.5728589997424,0.0,0.0,0.13559322033898305,False,False,0.03389830508474576,False,0000040533-15-000009,10-K,2015-02-09 00:00:00,https://www.sec.gov/Archives/edgar/data/40533/000004053315000009/0000040533-15-000009-index.htm
358,90.67455957200676,BALL,Ball Corporation,Materials,9389,Q,2022,Q3,2022-09-30,Gross margin,gross_margin,-0.09862462260986246,0.1975795102730087,YoY delta + Trend,2,"Gross margin fell 2,962 bps year over year (19.8% to -9.9%), 13.7x its usual yearly move; 18.1 sigma below its rolling median of 20.0%.",90.67455957200676,69.5427800541439,69.3818396932776,0.0,0.0,0.08695652173913043,False,False,0.043478260869565216,False,0001558370-24-006975,10-Q,2024-05-07 00:00:00,https://www.sec.gov/Archives/edgar/data/9389/000155837024006975/0001558370-24-006975-index.htm
359,90.67374385610597,EQT,EQT Corporation,Energy,33213,Q,2016,Q2,2016-06-30,SG&A % of revenue,sga_pct,0.606534881715034,0.14878443273148328,YoY delta + Trend,2,"SG&A % of revenue rose 4,578 bps year over year (14.9% to 60.7%), 5.2x its usual yearly move; 37.9 sigma above its rolling median of 10.0%.",90.67374385610597,46.54494691065666,82.55308786560109,0.0,0.0,0.07142857142857142,False,False,1.0,False,0000033213-17-000009,10-Q,2017-07-27 00:00:00,https://www.sec.gov/Archives/edgar/data/33213/000003321317000009/0000033213-17-000009-index.htm
360,90.66757099149211,ERIE,Erie Indemnity,Financials,922621,Q,2016,Q2,2016-06-30,Return on assets,roa,0.17800068954254297,0.01245632521768066,YoY delta + Trend,2,"Return on assets rose 1,655 bps year over year (1.2% to 17.8%), 6.4x its usual yearly move; 33.3 sigma above its rolling median of 1.1%.",90.66757099149211,51.76528179025929,80.65205031793208,0.0,0.0,0.08333333333333333,False,False,0.9166666666666666,False,0000922621-18-000016,10-K,2018-02-22 00:00:00,https://www.sec.gov/Archives/edgar/data/922621/000092262118000016/0000922621-18-000016-index.htm
361,90.66605242485153,ALGN,Align Technology,Health Care,1097149,Q,2020,Q1,2020-03-31,Accruals / assets,accruals,1.8663208745685977,-0.08464695135492227,YoY delta + Trend,2,"Accruals / assets rose 19,510 bps year over year (-8.5% to 186.6%), 15.8x its usual yearly move; 15.5 sigma above its rolling median of -8.6%.",90.66605242485153,72.52673995609129,66.02533678118056,0.0,0.0,0.05454545454545454,False,False,1.0,False,0001097149-21-000027,10-Q,2021-05-05 00:00:00,https://www.sec.gov/Archives/edgar/data/1097149/000109714921000027/0001097149-21-000027-index.htm
362,90.65222617056281,IEX,IDEX Corporation,Industrials,832101,Q,2012,Q4,2012-12-31,Operating margin,operating_margin,-0.2558664977039268,0.15811043868828312,YoY delta + Trend,2,"Operating margin fell 4,140 bps year over year (15.8% to -25.6%), 28.1x its usual yearly move; 38.8 sigma below its rolling median of 16.6%.",96.67386071510539,80.54387406914867,82.90441120336092,0.0,0.0,0.13559322033898305,False,False,0.01694915254237288,False,0001445305-14-000435,10-K,2014-02-13 00:00:00,https://www.sec.gov/Archives/edgar/data/832101/000144530514000435/0001445305-14-000435-index.htm
363,90.62821298474373,PLTR,Palantir Technologies,Information Technology,1321655,Q,2020,Q3,2020-09-30,EBITDA margin,ebitda_margin,-2.9210826427431003,-0.7402081441789431,YoY delta,1,"EBITDA margin fell 21,809 bps year over year (-74.0% to -292.1%). An input changed XBRL tag versus the comparison period.",91.59972522194619,91.59972522194619,0.0,0.0,0.0,0.10606060606060606,False,False,0.015151515151515152,True,0001193125-21-323920,10-Q,2021-11-09 00:00:00,https://www.sec.gov/Archives/edgar/data/1321655/000119312521323920/0001193125-21-323920-index.htm
364,90.62765008965026,FIS,Fidelity National Information Services,Financials,1136893,Q,2023,Q2,2023-06-30,Net margin,net_margin,-2.7169344870210135,0.11503322259136213,YoY delta + Trend,2,"Net margin fell 28,320 bps year over year (11.5% to -271.7%), 33.9x its usual yearly move; 42.2 sigma below its rolling median of 5.1%.",97.60429512878525,84.9623111511575,84.06866310843272,0.0,0.0,0.14084507042253522,False,False,0.014084507042253521,False,0001136893-25-000014,10-K,2025-02-13 00:00:00,https://www.sec.gov/Archives/edgar/data/1136893/000113689325000014/0001136893-25-000014-index.htm
365,90.61456011459245,NDSN,Nordson Corporation,Industrials,72331,Q,2010,Q4,2010-11-01,Return on assets,roa,0.21981296443369103,-0.9387632287458711,YoY delta,1,"Return on assets rose 11,586 bps year over year (-93.9% to 22.0%).",90.61456011459245,90.61456011459245,0.0,0.0,0.0,0.04225352112676056,False,False,1.0,False,0001193125-11-343516,10-K,2011-12-16 00:00:00,https://www.sec.gov/Archives/edgar/data/72331/000119312511343516/0001193125-11-343516-index.htm
366,90.57097157489028,NRG,NRG Energy,Utilities,1013871,A,2015,FY,2015-12-31,Return on equity,roe,-0.7459964932787844,0.012103147721627603,YoY delta + Trend,2,"Return on equity fell 7,581 bps year over year (1.2% to -74.6%), 15.4x its usual yearly move; 19.0 sigma below its rolling median of 3.3%.",91.71743956950914,72.01589605480925,70.40262412292007,0.0,0.0,0.10714285714285714,False,False,0.03571428571428571,False,0001013871-18-000011,10-K,2018-03-01 00:00:00,https://www.sec.gov/Archives/edgar/data/1013871/000101387118000011/0001013871-18-000011-index.htm
367,90.5652722234325,V,Visa Inc.,Financials,1403161,Q,2012,Q3,2012-06-30,Return on equity,roe,-0.2690612483768906,0.15402003793030786,YoY delta + Trend,2,"Return on equity fell 4,231 bps year over year (15.4% to -26.9%), 8.6x its usual yearly move; 26.8 sigma below its rolling median of 13.2%. An input changed XBRL tag versus the comparison period.",90.5652722234325,58.99561826497224,76.99092785367391,0.0,0.0,0.04838709677419355,False,False,0.016129032258064516,True,0001403161-13-000007,10-Q,2013-07-24 00:00:00,https://www.sec.gov/Archives/edgar/data/1403161/000140316113000007/0001403161-13-000007-index.htm
368,90.52342359789147,TSLA,"Tesla, Inc.",Consumer Discretionary,1318605,Q,2012,Q1,2012-03-31,EBITDA margin,ebitda_margin,-2.804388901780091,-0.8939220885172343,YoY delta,1,"EBITDA margin fell 19,105 bps year over year (-89.4% to -280.4%).",90.52342359789147,90.52342359789147,0.0,0.0,0.0,0.06060606060606061,False,False,0.030303030303030304,False,0001193125-13-212354,10-Q,2013-05-10 00:00:00,https://www.sec.gov/Archives/edgar/data/1318605/000119312513212354/0001193125-13-212354-index.htm
369,90.50823075314985,GEV,GE Vernova,Industrials,1996810,Q,2025,Q4,2025-12-31,Return on equity,roe,1.4786117836965296,0.203254593175853,YoY delta + Trend,2,"Return on equity rose 12,754 bps year over year (20.3% to 147.9%); 12.1 sigma above its rolling median of 15.8%.",90.50823075314985,76.12449439061494,60.24474035381641,0.0,0.0,0.04,False,False,0.9866666666666667,False,0001996810-26-000015,10-K,2026-01-29 00:00:00,https://www.sec.gov/Archives/edgar/data/1996810/000199681026000015/0001996810-26-000015-index.htm
370,90.48603329438495,TDY,Teledyne Technologies,Information Technology,1094285,Q,2021,Q1,2021-04-04,Debt / EBITDA,debt_to_ebitda,5.1686055776892434,1.3883986928104575,YoY delta + Trend,2,"Debt / EBITDA rose 272% year over year (1.39x to 5.17x), 3.7x its usual yearly move; 43.9 sigma above its rolling median of 1.42x. An input changed XBRL tag versus the comparison period.",90.48603329438495,38.26986115332452,84.58780932075057,0.0,0.0,0.03773584905660377,False,False,0.9056603773584906,True,0001094285-21-000111,10-Q,2021-04-30 00:00:00,https://www.sec.gov/Archives/edgar/data/1094285/000109428521000111/0001094285-21-000111-index.htm
371,90.48308969145768,UNH,UnitedHealth Group,Health Care,731766,Q,2015,Q3,2015-09-30,Days payables outstanding,dpo,168.70500654450262,802.0445026178011,YoY delta + Trend,2,"Days payables outstanding fell 79% year over year (802 days to 169 days), 24.5x its usual yearly move; 10.7 sigma below its rolling median of 895 days.",90.48308969145768,77.744616429364,57.23771608637187,0.0,0.0,0.0625,False,False,0.8958333333333334,False,0000731766-15-000049,10-Q,2015-11-05 00:00:00,https://www.sec.gov/Archives/edgar/data/731766/000073176615000049/0000731766-15-000049-index.htm
372,90.46677612831378,MRNA,Moderna,Health Care,1682852,Q,2019,Q1,2019-03-31,SG&A % of revenue,sga_pct,1.7006552262090484,0.5618995144460898,YoY delta,1,"SG&A % of revenue rose 11,388 bps year over year (56.2% to 170.1%).",90.46677612831378,90.46677612831378,0.0,0.0,0.0,0.05,False,False,1.0,False,0001682852-20-000010,10-Q,2020-05-07 00:00:00,https://www.sec.gov/Archives/edgar/data/1682852/000168285220000010/0001682852-20-000010-index.htm
373,90.43821655046958,EW,Edwards Lifesciences,Health Care,1099800,Q,2014,Q2,2014-06-30,Return on assets,roa,0.7319806633992941,0.16099044496689172,YoY delta + Trend,2,"Return on assets rose 5,710 bps year over year (16.1% to 73.2%), 8.8x its usual yearly move; 33.7 sigma above its rolling median of 12.8%.",92.23160894665452,59.53390409792318,80.80271674306297,0.0,0.0,0.1111111111111111,False,False,1.0,False,0001099800-16-000044,10-K,2016-02-19 00:00:00,https://www.sec.gov/Archives/edgar/data/1099800/000109980016000044/0001099800-16-000044-index.htm
374,90.43515267494965,SHW,Sherwin-Williams,Materials,89800,Q,2017,Q3,2017-09-30,Debt / EBITDA,debt_to_ebitda,4.489348603567754,0.8503695348004816,YoY delta + Trend,2,"Debt / EBITDA rose 428% year over year (0.85x to 4.49x), 4.3x its usual yearly move; 40.6 sigma above its rolling median of 0.92x. An input changed XBRL tag versus the comparison period.",90.43515267494965,41.918000757882346,83.53216581753873,0.0,0.0,0.05,False,False,0.9,True,0000089800-18-000017,10-Q,2018-10-25 00:00:00,https://www.sec.gov/Archives/edgar/data/89800/000008980018000017/0000089800-18-000017-index.htm
375,90.42538273316252,FISV,Fiserv,Financials,798354,Q,2019,Q2,2019-06-30,Current ratio,current_ratio,4.970301850048686,1.0900302114803626,YoY delta + Trend,2,"Current ratio rose 356% year over year (1.09x to 4.97x), 8.5x its usual yearly move; 65.7 sigma above its rolling median of 1.02x.",95.51245937371931,58.67072279704787,89.1419813507889,0.0,0.0,0.13043478260869565,False,False,1.0,False,0000798354-19-000019,10-Q,2019-07-26 00:00:00,https://www.sec.gov/Archives/edgar/data/798354/000079835419000019/0000798354-19-000019-index.htm
376,90.41592665327983,FIS,Fidelity National Information Services,Financials,1136893,A,2022,FY,2022-12-31,Accruals / assets,accruals,-0.2830331922111498,-0.0526823886360502,YoY delta + Trend,2,"Accruals / assets fell 2,304 bps year over year (-5.3% to -28.3%), 13.7x its usual yearly move; 17.4 sigma below its rolling median of -4.3%.",90.41592665327983,69.54168814048414,68.53379993308495,0.0,0.0,0.06666666666666667,False,False,0.013333333333333334,False,0001136893-25-000014,10-K,2025-02-13 00:00:00,https://www.sec.gov/Archives/edgar/data/1136893/000113689325000014/0001136893-25-000014-index.htm
377,90.41469821721708,BSX,Boston Scientific,Health Care,885725,Q,2012,Q2,2012-06-30,Interest coverage,interest_coverage,-56.046875,3.2465753424657535,Trend,1,Interest coverage of -56.05x is 75.5 sigma below its rolling median of 2.78x.,90.41469821721708,0.0,90.41469821721708,0.0,0.0,0.075,False,False,0.025,False,0000885725-13-000037,10-Q,2013-08-07 00:00:00,https://www.sec.gov/Archives/edgar/data/885725/000088572513000037/0000885725-13-000037-index.htm
378,90.40449118129314,ILMN,"Illumina, Inc.",Health Care,1110803,A,2022,FY,2023-01-01,Return on assets,roa,-0.3206523717645346,0.06683624243487414,YoY delta + Trend,2,"Return on assets fell 3,875 bps year over year (6.7% to -32.1%), 11.6x its usual yearly move; 20.5 sigma below its rolling median of 12.4%.",90.40449118129314,65.81226595925119,71.93289029547893,0.0,0.0,0.09523809523809523,False,False,0.015873015873015872,False,0001110803-25-000019,10-K,2025-02-12 00:00:00,https://www.sec.gov/Archives/edgar/data/1110803/000111080325000019/0001110803-25-000019-index.htm
379,90.3564113340413,EFX,Equifax,Industrials,33185,A,2019,FY,2019-12-31,Cash conversion (CFO / EBITDA),cash_conversion,165.1578947368421,0.8799581097002226,YoY delta + Trend,2,"Cash conversion (CFO / EBITDA) rose 468% year over year (0.88x to 165.16x), 11.6x its usual yearly move; 93.5 sigma above its rolling median of 0.74x. An input changed XBRL tag versus the comparison period.",97.31217602907746,65.90768373939551,92.11604177792856,0.0,0.0,0.14084507042253522,False,False,1.0,True,0000033185-22-000014,10-K,2022-02-24 00:00:00,https://www.sec.gov/Archives/edgar/data/33185/000003318522000014/0000033185-22-000014-index.htm
380,90.34548795060444,MRSH,Marsh McLennan,Financials,62709,Q,2015,Q2,2015-06-30,Return on equity,roe,1.1401360544217687,0.21191076147747526,YoY delta + Trend,2,"Return on equity rose 9,282 bps year over year (21.2% to 114.0%), 13.2x its usual yearly move; 17.9 sigma above its rolling median of 18.5%. An input changed XBRL tag versus the comparison period.",90.34548795060444,68.76290921388507,69.0927938344148,0.0,0.0,0.0625,False,False,0.984375,True,0000062709-17-000008,10-K,2017-02-24 00:00:00,https://www.sec.gov/Archives/edgar/data/62709/000006270917000008/0000062709-17-000008-index.htm
381,90.31482189331011,PAYX,Paychex,Industrials,723531,A,2025,FY,2025-05-31,Debt / EBITDA,debt_to_ebitda,2.0470792652655967,0.34769845996766785,YoY delta + Trend,2,"Debt / EBITDA rose 489% year over year (0.35x to 2.05x), 22.3x its usual yearly move; 17.9 sigma above its rolling median of 0.44x. An input changed XBRL tag versus the comparison period.",90.31482189331011,68.6143841613845,69.14134756351133,0.0,0.0,0.04225352112676056,False,False,0.4647887323943662,True,0001193125-26-307785,10-K,2026-07-17 00:00:00,https://www.sec.gov/Archives/edgar/data/723531/000119312526307785/0001193125-26-307785-index.htm
382,90.30960275865351,LHX,L3Harris,Industrials,202058,Q,2012,Q3,2012-03-30,Return on assets,roa,-0.23903020869462233,0.09541152632793864,YoY delta + Trend,2,"Return on assets fell 3,344 bps year over year (9.5% to -23.9%); 13.8 sigma below its rolling median of 9.5%.",90.30960275865351,73.5939745952157,63.302325538205515,0.0,0.0,0.07692307692307693,False,False,0.015384615384615385,False,0001193125-13-192854,10-Q,2013-05-01 00:00:00,https://www.sec.gov/Archives/edgar/data/202058/000119312513192854/0001193125-13-192854-index.htm
383,90.30790249662243,MKC,McCormick & Company,Consumer Staples,63754,Q,2026,Q1,2026-02-28,Net margin,net_margin,0.5422914776668979,0.10109000311429461,YoY delta + Trend,2,"Net margin rose 4,412 bps year over year (10.1% to 54.2%), 9.6x its usual yearly move; 23.8 sigma above its rolling median of 10.9%.",90.30790249662243,61.50338211454444,74.82350908795196,0.0,0.0,0.0967741935483871,False,False,1.0,False,0000063754-26-000192,10-Q,2026-03-31 00:00:00,https://www.sec.gov/Archives/edgar/data/63754/000006375426000192/0000063754-26-000192-index.htm
384,90.30694551097312,EQIX,Equinix,Real Estate,1101239,Q,2015,Q1,2015-03-31,Days payables outstanding,dpo,98.47779848682424,10.905569080949483,Trend,1,Days payables outstanding of 98 days is 74.5 sigma above its rolling median of 10 days. An input changed XBRL tag versus the comparison period.,90.30694551097312,0.0,90.30694551097312,0.0,0.0,,False,False,,True,0001193125-15-166246,10-Q,2015-05-01 00:00:00,https://www.sec.gov/Archives/edgar/data/1101239/000119312515166246/0001193125-15-166246-index.htm
385,90.30243350290645,VMRK,Vivmark Residential,Real Estate,906107,Q,2016,Q1,2016-03-31,Accruals / assets,accruals,0.6100000072053429,-0.0287732432656856,YoY delta + Trend,2,"Accruals / assets rose 6,388 bps year over year (-2.9% to 61.0%), 8.3x its usual yearly move; 26.7 sigma above its rolling median of -1.6%.",90.30243350290645,57.98046721252311,76.92128909157286,0.0,0.0,0.04,False,False,1.0,False,0001564590-17-008789,10-Q,2017-05-04 00:00:00,https://www.sec.gov/Archives/edgar/data/906107/000156459017008789/0001564590-17-008789-index.htm
386,90.29943874445277,ILMN,"Illumina, Inc.",Health Care,1110803,Q,2021,Q4,2022-01-02,Debt / EBITDA,debt_to_ebitda,8.866071428571429,1.5765645805592543,YoY delta + Trend,2,"Debt / EBITDA rose 462% year over year (1.58x to 8.87x), 5.3x its usual yearly move; 35.9 sigma above its rolling median of 1.15x. An input changed XBRL tag versus the comparison period.",90.29943874445277,46.76027178880497,81.77946886380343,0.0,0.0,0.08695652173913043,False,False,0.9782608695652174,True,0001110803-22-000047,10-Q,2022-11-04 00:00:00,https://www.sec.gov/Archives/edgar/data/1110803/000111080322000047/0001110803-22-000047-index.htm
387,90.29639067056061,APA,APA Corporation,Energy,1841666,Q,2024,Q4,2024-12-31,Return on equity,roe,0.27246488358668464,3.99464237878382,YoY delta,1,"Return on equity fell 37,222 bps year over year (399.5% to 27.2%). An input changed XBRL tag versus the comparison period.",90.29639067056061,90.29639067056061,0.0,0.0,0.0,0.05,False,False,0.85,True,0001841666-26-000015,10-K,2026-02-26 00:00:00,https://www.sec.gov/Archives/edgar/data/1841666/000184166626000015/0001841666-26-000015-index.htm
388,90.28216737630508,PPL,PPL Corporation,Utilities,922224,Q,2021,Q1,2021-03-31,Return on equity,roe,-0.5905243310466562,0.1689539493748094,YoY delta + Trend,2,"Return on equity fell 7,595 bps year over year (16.9% to -59.1%), 6.9x its usual yearly move; 30.2 sigma below its rolling median of 15.0%.",90.28216737630508,53.61030365207426,79.05174340696146,0.0,0.0,0.1,False,False,0.06666666666666667,False,0000922224-22-000024,10-Q,2022-05-05 00:00:00,https://www.sec.gov/Archives/edgar/data/922224/000092222422000024/0000922224-22-000024-index.htm
389,90.27798486832995,CPRT,Copart,Industrials,900075,Q,2013,Q1,2012-10-31,Gross margin,gross_margin,0.44140229249872315,0.8484483171265723,YoY delta + Trend,2,"Gross margin fell 4,070 bps year over year (84.8% to 44.1%), 31.0x its usual yearly move; 46.1 sigma below its rolling median of 85.6%.",97.59782147927562,83.7655026334704,85.2032467252303,0.0,0.0,0.14285714285714285,False,False,0.7678571428571429,False,0001145443-14-001196,10-K,2014-09-29 00:00:00,https://www.sec.gov/Archives/edgar/data/900075/000114544314001196/0001145443-14-001196-index.htm
390,90.25517627124049,TRMB,Trimble Inc.,Information Technology,864749,Q,2024,Q2,2024-06-28,Return on assets,roa,0.5566467572281834,0.020308266739521436,YoY delta + Trend,2,"Return on assets rose 5,363 bps year over year (2.0% to 55.7%), 13.5x its usual yearly move; 17.2 sigma above its rolling median of 5.5%.",90.25517627124049,69.30141716431343,68.25643782672819,0.0,0.0,0.0547945205479452,False,False,0.9863013698630136,False,0000864749-25-000245,10-Q,2025-08-06 00:00:00,https://www.sec.gov/Archives/edgar/data/864749/000086474925000245/0000864749-25-000245-index.htm
391,90.25361247093895,EW,Edwards Lifesciences,Health Care,1099800,Q,2024,Q3,2024-09-30,Return on equity,roe,1.4465288818229995,0.236258171439094,YoY delta + Trend,2,"Return on equity rose 12,103 bps year over year (23.6% to 144.7%), 4.9x its usual yearly move; 37.3 sigma above its rolling median of 23.3%.",90.25361247093895,44.77977127329168,82.34996892661,0.0,0.0,0.05660377358490566,False,False,0.9622641509433962,False,0001099800-25-000062,10-Q,2025-11-05 00:00:00,https://www.sec.gov/Archives/edgar/data/1099800/000109980025000062/0001099800-25-000062-index.htm
392,90.24067754127294,BAX,Baxter International,Health Care,10456,Q,2016,Q1,2016-03-31,Accruals / assets,accruals,0.7753184380872834,0.052393184180081966,YoY delta + Trend,2,"Accruals / assets rose 7,229 bps year over year (5.2% to 77.5%), 14.6x its usual yearly move; 15.9 sigma above its rolling median of -3.0%.",90.24067754127294,70.86174279127586,66.50684222869354,0.0,0.0,0.061224489795918366,False,False,1.0,False,0001564590-18-002954,10-K,2018-02-23 00:00:00,https://www.sec.gov/Archives/edgar/data/10456/000156459018002954/0001564590-18-002954-index.htm
393,90.22966960435471,GEN,Gen Digital,Information Technology,849399,Q,2020,Q3,2020-01-03,Net margin,net_margin,4.6035598705501615,0.10569105691056911,YoY delta + Trend,2,"Net margin rose 44,979 bps year over year (10.6% to 460.4%), 4.8x its usual yearly move; 51.8 sigma above its rolling median of 0.9%.",92.54325087626124,44.2371335800889,86.627751400749,0.0,0.0,0.11428571428571428,False,False,1.0,False,0000849399-21-000005,10-Q,2021-02-05 00:00:00,https://www.sec.gov/Archives/edgar/data/849399/000084939921000005/0000849399-21-000005-index.htm
394,90.19853409656791,KDP,Keurig Dr Pepper,Consumer Staples,1418135,Q,2017,Q1,2017-03-31,Gross margin,gross_margin,0.32384105960264903,0.5951580363147276,YoY delta + Trend,2,"Gross margin fell 2,713 bps year over year (59.5% to 32.4%), 8.1x its usual yearly move; 26.6 sigma below its rolling median of 59.3%.",90.19853409656791,57.5622327169407,76.90390769604711,0.0,0.0,0.038461538461538464,False,False,0.38461538461538464,False,0001418135-19-000007,10-K,2019-02-28 00:00:00,https://www.sec.gov/Archives/edgar/data/1418135/000141813519000007/0001418135-19-000007-index.htm
395,90.18349655648218,TECH,Bio-Techne,Health Care,842023,Q,2015,Q4,2015-06-30,EBITDA margin,ebitda_margin,-0.8462811419052718,0.47725430433513827,YoY delta + Trend,2,"EBITDA margin fell 13,235 bps year over year (47.7% to -84.6%), 43.9x its usual yearly move; 23.8 sigma below its rolling median of 51.9%.",96.97150167363677,87.97648004972714,74.8118825527919,0.0,0.0,0.14,False,False,0.04,False,0001437749-17-015711,10-K,2017-09-07 00:00:00,https://www.sec.gov/Archives/edgar/data/842023/000143774917015711/0001437749-17-015711-index.htm
396,90.15707707303633,TSCO,Tractor Supply,Consumer Discretionary,916365,Q,2025,Q4,2025-12-27,Net margin,net_margin,0.28116906770095834,0.06264848493360728,YoY delta + Trend,2,"Net margin rose 2,185 bps year over year (6.3% to 28.1%), 19.1x its usual yearly move; 17.5 sigma above its rolling median of 6.9%.",90.15707707303633,68.60485462785917,68.64826453169411,0.0,0.0,0.08695652173913043,False,False,0.9782608695652174,False,0000916365-26-000014,10-K,2026-02-19 00:00:00,https://www.sec.gov/Archives/edgar/data/916365/000091636526000014/0000916365-26-000014-index.htm
397,90.14422876366014,GDDY,GoDaddy,Information Technology,1609711,Q,2020,Q2,2020-06-30,Accruals / assets,accruals,-0.5492276180605992,-0.1086917457713192,YoY delta + Trend,2,"Accruals / assets fell 4,405 bps year over year (-10.9% to -54.9%), 13.4x its usual yearly move; 17.1 sigma below its rolling median of -7.7%.",90.14422876366014,69.13361540182362,68.06956381628785,0.0,0.0,0.02857142857142857,False,False,0.014285714285714285,False,0001609711-21-000102,10-Q,2021-08-05 00:00:00,https://www.sec.gov/Archives/edgar/data/1609711/000160971121000102/0001609711-21-000102-index.htm
398,90.1044589962641,BMY,Bristol Myers Squibb,Health Care,14272,Q,2019,Q2,2019-06-30,Quick ratio,quick_ratio,3.4867675831531253,1.0526422352702975,YoY delta + Trend,2,"Quick ratio rose 231% year over year (1.05x to 3.49x), 3.1x its usual yearly move; 45.6 sigma above its rolling median of 1.17x.",90.1044589962641,33.75785447278319,85.06156326160944,0.0,0.0,0.07407407407407407,False,False,0.8888888888888888,False,0000014272-19-000160,10-Q,2019-07-25 00:00:00,https://www.sec.gov/Archives/edgar/data/14272/000001427219000160/0000014272-19-000160-index.htm
399,90.1025392973578,ZBH,Zimmer Biomet,Health Care,1136869,Q,2015,Q1,2015-03-31,Quick ratio,quick_ratio,11.361723559037493,2.7508435833242624,YoY delta + Trend,2,"Quick ratio rose 313% year over year (2.75x to 11.36x), 6.5x its usual yearly move; 37.1 sigma above its rolling median of 2.76x.",91.49485226663263,52.09284049321986,82.24660401298962,0.0,0.0,0.10869565217391304,False,False,1.0,False,0001193125-15-177116,10-Q,2015-05-07 00:00:00,https://www.sec.gov/Archives/edgar/data/1136869/000119312515177116/0001193125-15-177116-index.htm
400,90.09164797748466,DOV,Dover Corporation,Industrials,29905,Q,2024,Q4,2024-12-31,Return on assets,roa,0.4703874338243688,0.1071442036565163,YoY delta + Trend,2,"Return on assets rose 3,632 bps year over year (10.7% to 47.0%), 10.4x its usual yearly move; 21.5 sigma above its rolling median of 10.7%.",90.09164797748466,63.46392139767073,72.88063634206308,0.0,0.0,0.08860759493670886,False,False,0.9873417721518988,False,0000029905-26-000009,10-K,2026-02-13 00:00:00,https://www.sec.gov/Archives/edgar/data/29905/000002990526000009/0000029905-26-000009-index.htm
401,90.07984750741717,MO,Altria,Consumer Staples,764180,A,2016,FY,2016-12-31,Accruals / assets,accruals,0.2691010582625887,-0.018260684927351594,YoY delta + Trend,2,"Accruals / assets rose 2,874 bps year over year (-1.8% to 26.9%), 11.2x its usual yearly move; 20.2 sigma above its rolling median of 0.3%.",90.07984750741717,65.02625335870641,71.63543101536028,0.0,0.0,0.0625,False,False,1.0,False,0000764180-19-000023,10-K,2019-02-26 00:00:00,https://www.sec.gov/Archives/edgar/data/764180/000076418019000023/0000764180-19-000023-index.htm
402,90.04398727060443,HAS,Hasbro,Consumer Discretionary,46080,Q,2023,Q4,2023-12-31,Return on equity,roe,-2.564437194127243,-0.17594567387261342,YoY delta + Trend,2,"Return on equity fell 23,885 bps year over year (-17.6% to -256.4%), 13.7x its usual yearly move; 16.5 sigma below its rolling median of 9.4%.",90.04398727060443,69.55061292989194,67.30307672048573,0.0,0.0,0.09090909090909091,False,False,0.030303030303030304,False,0000046080-26-000011,10-K,2026-02-25 00:00:00,https://www.sec.gov/Archives/edgar/data/46080/000004608026000011/0000046080-26-000011-index.htm
403,90.03151018995267,BSX,Boston Scientific,Health Care,885725,Q,2012,Q2,2012-06-30,Net margin,net_margin,-1.9573304157549234,0.0739240506329114,YoY delta + Trend,2,"Net margin fell 20,313 bps year over year (7.4% to -195.7%), 4.7x its usual yearly move; 52.0 sigma below its rolling median of 5.9%.",92.5225005904652,43.89244990371612,86.67291764352039,0.0,0.0,0.11538461538461539,False,False,0.019230769230769232,False,0000885725-13-000037,10-Q,2013-08-07 00:00:00,https://www.sec.gov/Archives/edgar/data/885725/000088572513000037/0000885725-13-000037-index.htm
404,90.02067019482597,WDC,Western Digital,Information Technology,106040,A,2016,FY,2016-07-01,Debt / EBITDA,debt_to_ebitda,10.818518518518518,0.8822018348623853,YoY delta + Trend,2,"Debt / EBITDA rose 1,126% year over year (0.88x to 10.82x), 3.4x its usual yearly move; 67.8 sigma above its rolling median of 0.78x. An input changed XBRL tag versus the comparison period.",93.28566859567458,36.4080942155586,89.44153140010442,0.0,0.0,0.12,False,False,1.0,True,0000106040-17-000007,10-Q,2017-02-07 00:00:00,https://www.sec.gov/Archives/edgar/data/106040/000010604017000007/0000106040-17-000007-index.htm
405,90.0092753122788,BF.B,Brown–Forman,Consumer Staples,14693,Q,2016,Q4,2016-04-30,Net margin,net_margin,0.5594855305466238,0.14889123548046462,YoY delta + Trend,2,"Net margin rose 4,106 bps year over year (14.9% to 55.9%), 13.2x its usual yearly move; 22.5 sigma above its rolling median of 16.7%.",91.79416179155912,68.74776737613236,73.74319362331254,0.0,0.0,0.1111111111111111,False,False,1.0,False,0000014693-18-000084,10-K,2018-06-13 00:00:00,https://www.sec.gov/Archives/edgar/data/14693/000001469318000084/0000014693-18-000084-index.htm
406,89.9957938546175,CCL,Carnival Corporation,Consumer Discretionary,815097,Q,2022,Q3,2022-08-31,Operating margin,operating_margin,-0.06480836236933799,-3.7673992673992673,YoY delta,1,"Operating margin rose 37,026 bps year over year (-376.7% to -6.5%), 67.0x its usual yearly move.",91.78041299621047,91.78041299621047,0.0,0.0,0.0,0.1111111111111111,False,False,0.1388888888888889,False,0000815097-23-000066,10-Q,2023-09-29 00:00:00,https://www.sec.gov/Archives/edgar/data/815097/000081509723000066/0000815097-23-000066-index.htm
407,89.97586437934125,MAS,Masco,Industrials,62996,Q,2010,Q4,2010-12-31,Operating margin,operating_margin,-0.46503496503496505,-0.10326659641728135,YoY delta + Trend,2,"Operating margin fell 3,618 bps year over year (-10.3% to -46.5%); 20.4 sigma below its rolling median of 5.5%. Reverses the prior year's flagged move.",89.97586437934125,64.39813788516959,71.84378842790062,0.0,0.0,0.06557377049180328,False,True,0.01639344262295082,False,0001193125-13-062852,10-K,2013-02-15 00:00:00,https://www.sec.gov/Archives/edgar/data/62996/000119312513062852/0001193125-13-062852-index.htm
408,89.96460852576402,KKR,KKR & Co.,Financials,1404912,A,2015,FY,2015-12-31,Net margin,net_margin,4.348710918025781,2.555764250090969,YoY delta,1,"Net margin rose 17,929 bps year over year (255.6% to 434.9%).",89.96460852576402,89.96460852576402,0.0,0.0,0.0,0.07575757575757576,False,False,1.0,False,0001404912-18-000005,10-K,2018-02-23 00:00:00,https://www.sec.gov/Archives/edgar/data/1404912/000140491218000005/0001404912-18-000005-index.htm
409,89.94503355598498,PCG,PG&E Corporation,Utilities,1004980,Q,2020,Q3,2020-09-30,Accruals / assets,accruals,0.8825872978673541,-0.13761316872427984,YoY delta + Trend,2,"Accruals / assets rose 10,202 bps year over year (-13.8% to 88.3%), 14.7x its usual yearly move; 15.1 sigma above its rolling median of -11.7%. An input changed XBRL tag versus the comparison period.",89.94503355598498,71.01868789865475,65.30534432377102,0.0,0.0,0.03333333333333333,False,False,1.0,True,0001004980-21-000039,10-Q,2021-11-01 00:00:00,https://www.sec.gov/Archives/edgar/data/1004980/000100498021000039/0001004980-21-000039-index.htm
410,89.93449324212007,CNP,CenterPoint Energy,Utilities,1130310,Q,2023,Q4,2023-12-31,Days payables outstanding,dpo,83676.25,2022.4590163934427,Trend,1,Days payables outstanding of 83676 days is 126.4 sigma above its rolling median of 1811 days.,94.0491432597334,0.0,94.0491432597334,0.0,0.0,0.125,False,False,1.0,False,0001130310-25-000040,10-K,2025-02-20 00:00:00,https://www.sec.gov/Archives/edgar/data/1130310/000113031025000040/0001130310-25-000040-index.htm
411,89.93260359083108,EXPE,Expedia Group,Consumer Discretionary,1324424,A,2009,FY,2009-12-31,EBITDA margin,ebitda_margin,0.1790688543523252,-0.8008657094810272,YoY delta + Benford,2,"EBITDA margin rose 9,799 bps year over year (-80.1% to 17.9%); the filing's leading digits also depart from Benford's Law.",89.93260359083108,83.04990750078181,0.0,40.60565504504898,0.0,0.0625,False,False,0.59375,False,0001193125-12-050009,10-K,2012-02-10 00:00:00,https://www.sec.gov/Archives/edgar/data/1324424/000119312512050009/0001193125-12-050009-index.htm
412,89.89208185727198,SOLV,Solventum,Health Care,1964738,Q,2025,Q3,2025-09-30,Operating margin,operating_margin,0.8062977099236641,0.13208453410182516,YoY delta + Trend,2,"Operating margin rose 6,742 bps year over year (13.2% to 80.6%); 10.1 sigma above its rolling median of 15.7%. Reverses the prior year's flagged move.",89.89208185727198,77.12228486925035,55.81762389749274,0.0,0.0,0.0784313725490196,False,True,1.0,False,0001964738-25-000091,10-Q,2025-11-06 00:00:00,https://www.sec.gov/Archives/edgar/data/1964738/000196473825000091/0001964738-25-000091-index.htm
413,89.89172360998153,GE,GE Aerospace,Industrials,40545,Q,2015,Q1,2015-03-31,Return on assets,roa,-0.0853941844754719,0.0182379462090051,YoY delta + Trend,2,"Return on assets fell 1,036 bps year over year (1.8% to -8.5%), 20.7x its usual yearly move; 21.0 sigma below its rolling median of 2.0%.",89.89172360998153,63.332384814022404,72.43268661256138,0.0,0.0,0.043478260869565216,False,False,0.014492753623188406,False,0000040545-17-000010,10-K,2017-02-24 00:00:00,https://www.sec.gov/Archives/edgar/data/40545/000004054517000010/0000040545-17-000010-index.htm
414,89.8830188887415,CVS,CVS Health,Health Care,64803,Q,2018,Q4,2019-01-01,Gross margin,gross_margin,0.2987468763780685,0.16333615754995764,YoY delta + Trend,2,"Gross margin rose 1,354 bps year over year (16.3% to 29.9%), 14.9x its usual yearly move; 18.5 sigma above its rolling median of 15.5%. An input changed XBRL tag versus the comparison period.",90.71858480138584,69.2954407210498,69.77186640494422,0.0,0.0,0.10526315789473684,False,False,0.08771929824561403,True,0000064803-20-000007,10-K,2020-02-18 00:00:00,https://www.sec.gov/Archives/edgar/data/64803/000006480320000007/0000064803-20-000007-index.htm
415,89.87398502592045,LH,Labcorp,Health Care,920148,Q,2016,Q1,2016-03-31,Gross margin,gross_margin,0.08061772698043934,0.34859469105509705,YoY delta + Trend,2,"Gross margin fell 2,680 bps year over year (34.9% to 8.1%), 20.8x its usual yearly move; 14.6 sigma below its rolling median of 36.6%.",92.07113716275902,77.58842066682186,64.62157923202193,0.0,0.0,0.11363636363636363,False,False,0.09090909090909091,False,0000920148-18-000024,10-K,2018-02-27 00:00:00,https://www.sec.gov/Archives/edgar/data/920148/000092014818000024/0000920148-18-000024-index.htm
416,89.87180513537515,A,Agilent Technologies,Health Care,1090872,Q,2023,Q3,2023-07-31,Gross margin,gross_margin,0.39354066985645936,0.5465657741559954,YoY delta + Trend,2,"Gross margin fell 1,530 bps year over year (54.7% to 39.4%), 8.5x its usual yearly move; 24.7 sigma below its rolling median of 54.0%.",89.87180513537515,58.553931795338784,75.562953729141,0.0,0.0,0.08771929824561403,False,False,0.2982456140350877,False,0001090872-24-000033,10-Q,2024-08-30 00:00:00,https://www.sec.gov/Archives/edgar/data/1090872/000109087224000033/0001090872-24-000033-index.htm
417,89.86873459436204,EW,Edwards Lifesciences,Health Care,1099800,Q,2018,Q4,2018-12-31,EBITDA margin,ebitda_margin,0.014933006034570932,0.40213843556555995,YoY delta + Trend,2,"EBITDA margin fell 3,872 bps year over year (40.2% to 1.5%); 18.9 sigma below its rolling median of 29.6%. Reverses the prior year's flagged move.",89.86873459436204,65.9403694274858,70.25432972894957,0.0,0.0,0.1,False,True,0.1,False,0001099800-21-000007,10-K,2021-02-12 00:00:00,https://www.sec.gov/Archives/edgar/data/1099800/000109980021000007/0001099800-21-000007-index.htm
418,89.86457550656768,EXPE,Expedia Group,Consumer Discretionary,1324424,A,2009,FY,2009-12-31,Operating margin,operating_margin,0.1450002205573283,-0.8270147255051306,YoY delta + Benford,2,"Operating margin rose 9,720 bps year over year (-82.7% to 14.5%); the filing's leading digits also depart from Benford's Law.",89.86457550656768,82.93537120222513,0.0,40.60565504504898,0.0,0.07407407407407407,False,False,0.6296296296296297,False,0001193125-12-050009,10-K,2012-02-10 00:00:00,https://www.sec.gov/Archives/edgar/data/1324424/000119312512050009/0001193125-12-050009-index.htm
419,89.81854449338164,LHX,L3Harris,Industrials,202058,A,2015,FY,2015-07-03,Asset turnover,asset_turnover,0.430566330488751,1.0266284309709135,YoY delta + Trend,2,"Asset turnover fell 58% year over year (1.03x to 0.43x), 13.2x its usual yearly move; 16.6 sigma below its rolling median of 1.01x.",89.81854449338164,68.72288891107131,67.44758338559488,0.0,0.0,0.0547945205479452,False,False,0.136986301369863,False,0000202058-17-000037,10-K,2017-08-29 00:00:00,https://www.sec.gov/Archives/edgar/data/202058/000020205817000037/0000202058-17-000037-index.htm
420,89.80522145031662,APD,Air Products,Materials,2969,Q,2026,Q3,2026-06-30,EBITDA margin,ebitda_margin,-0.541505852578298,0.3942170906805174,YoY delta + Trend,2,"EBITDA margin fell 9,357 bps year over year (39.4% to -54.2%), 4.3x its usual yearly move; 37.5 sigma below its rolling median of 34.4%.",89.80522145031662,42.02531228389109,82.4151212342785,0.0,0.0,0.047619047619047616,False,False,0.047619047619047616,False,0000002969-26-000036,10-Q,2026-07-30 00:00:00,https://www.sec.gov/Archives/edgar/data/2969/000000296926000036/0000002969-26-000036-index.htm
421,89.80374116436735,ORCL,Oracle Corporation,Information Technology,1341439,Q,2018,Q4,2018-05-31,Days sales outstanding,dso,11.900058400832847,44.39777838979161,YoY delta + Trend,2,"Days sales outstanding fell 73% year over year (44 days to 12 days), 30.6x its usual yearly move; 11.9 sigma below its rolling median of 37 days.",89.80374116436735,74.6849684468263,59.7225118435439,0.0,0.0,0.08955223880597014,False,False,0.05970149253731343,False,0001564590-19-023119,10-K,2019-06-21 00:00:00,https://www.sec.gov/Archives/edgar/data/1341439/000156459019023119/0001564590-19-023119-index.htm
422,89.79462429762476,PCG,PG&E Corporation,Utilities,1004980,Q,2019,Q1,2019-03-31,Quick ratio,quick_ratio,0.8908069883527454,0.19739884393063584,YoY delta + Trend,2,"Quick ratio rose 351% year over year (0.20x to 0.89x), 5.2x its usual yearly move; 36.2 sigma above its rolling median of 0.20x.",90.33977813117497,46.598580845783154,81.91017762856174,0.0,0.0,0.10344827586206896,False,False,0.9655172413793104,False,0001004980-19-000008,10-Q,2019-05-02 00:00:00,https://www.sec.gov/Archives/edgar/data/1004980/000100498019000008/0001004980-19-000008-index.htm
423,89.79010461041442,V,Visa Inc.,Financials,1403161,Q,2012,Q3,2012-06-30,Return on assets,roa,-0.19463664386733168,0.11674338236361788,YoY delta + Trend,2,"Return on assets fell 3,114 bps year over year (11.7% to -19.5%), 9.9x its usual yearly move; 21.6 sigma below its rolling median of 9.9%.",89.79010461041442,62.19930451837562,72.99019168959785,0.0,0.0,0.030303030303030304,False,False,0.015151515151515152,False,0001403161-13-000007,10-Q,2013-07-24 00:00:00,https://www.sec.gov/Archives/edgar/data/1403161/000140316113000007/0001403161-13-000007-index.htm
424,89.77635079956893,MDLZ,Mondelez International,Consumer Staples,1103982,Q,2015,Q3,2015-09-30,EBITDA margin,ebitda_margin,1.1692217842020733,0.13398104833873095,YoY delta + Trend,2,"EBITDA margin rose 10,352 bps year over year (13.4% to 116.9%), 9.8x its usual yearly move; 95.1 sigma above its rolling median of 13.4%.",97.05551437791236,62.03477416354914,92.24425627079874,0.0,0.0,0.14285714285714285,False,False,1.0,False,0001193125-16-747755,10-Q,2016-10-26 00:00:00,https://www.sec.gov/Archives/edgar/data/1103982/000119312516747755/0001193125-16-747755-index.htm
425,89.7729482081935,VRSK,Verisk Analytics,Industrials,1442145,Q,2023,Q3,2023-09-30,Return on equity,roe,2.2095799557848195,0.34905203989956,YoY delta + Trend,2,"Return on equity rose 18,605 bps year over year (34.9% to 221.0%), 5.1x its usual yearly move; 34.1 sigma above its rolling median of 28.5%.",89.7729482081935,46.12528350148093,81.01697334762287,0.0,0.0,0.07792207792207792,False,False,1.0,False,0001437749-24-032536,10-Q,2024-10-30 00:00:00,https://www.sec.gov/Archives/edgar/data/1442145/000143774924032536/0001437749-24-032536-index.htm
426,89.76949580440046,ANET,Arista Networks,Information Technology,1596532,Q,2018,Q2,2018-06-30,EBITDA margin,ebitda_margin,-0.4504650424645808,0.30040645490867723,YoY delta + Trend,2,"EBITDA margin fell 7,509 bps year over year (30.0% to -45.0%), 15.6x its usual yearly move; 13.7 sigma below its rolling median of 23.4%.",89.76949580440046,72.2094426470541,63.18712120210478,0.0,0.0,0.09230769230769231,False,False,0.015384615384615385,False,0001596532-20-000024,10-K,2020-02-14 00:00:00,https://www.sec.gov/Archives/edgar/data/1596532/000159653220000024/0001596532-20-000024-index.htm
427,89.76549664384791,FDS,FactSet,Financials,1013237,Q,2016,Q4,2016-08-31,Return on equity,roe,1.0880364322484208,0.4675668893256225,YoY delta + Trend,2,"Return on equity rose 6,205 bps year over year (46.8% to 108.8%), 20.5x its usual yearly move; 11.1 sigma above its rolling median of 44.1%.",89.76549664384791,75.62371428346623,58.01450854668024,0.0,0.0,0.04838709677419355,False,False,1.0,False,0001437749-17-017840,10-K,2017-10-30 00:00:00,https://www.sec.gov/Archives/edgar/data/1013237/000143774917017840/0001437749-17-017840-index.htm
428,89.76310816363038,FE,FirstEnergy,Utilities,1031296,Q,2016,Q4,2016-12-31,Return on equity,roe,-2.6131650135256987,-0.07218141168955605,YoY delta + Trend,2,"Return on equity fell 25,410 bps year over year (-7.2% to -261.3%), 26.2x its usual yearly move; 42.4 sigma below its rolling median of 6.3%.",97.04119801473554,81.37014920411026,84.11795125102532,0.0,0.0,0.14285714285714285,False,False,0.03571428571428571,False,0001031296-18-000015,10-K,2018-02-20 00:00:00,https://www.sec.gov/Archives/edgar/data/1031296/000103129618000015/0001031296-18-000015-index.htm
429,89.74266683794751,ECHO,EchoStar,Communication Services,1415404,A,2021,FY,2021-12-31,Return on equity,roe,0.7312575793981608,-0.014393510718526086,YoY delta + Trend,2,"Return on equity rose 7,457 bps year over year (-1.4% to 73.1%), 12.9x its usual yearly move; 16.8 sigma above its rolling median of 2.2%.",89.74266683794751,68.21023384618981,67.73385147778737,0.0,0.0,0.0625,False,False,1.0,False,0001558370-24-002209,10-K,2024-02-29 00:00:00,https://www.sec.gov/Archives/edgar/data/1415404/000155837024002209/0001558370-24-002209-index.htm
430,89.74120544329752,SOLV,Solventum,Health Care,1964738,Q,2025,Q3,2025-09-30,EBITDA margin,ebitda_margin,0.8640267175572519,0.19596541786743515,YoY delta + Trend,2,"EBITDA margin rose 6,681 bps year over year (19.6% to 86.4%); 10.0 sigma above its rolling median of 22.5%. Reverses the prior year's flagged move.",89.74120544329752,76.96015246026222,55.47368731929013,0.0,0.0,0.06896551724137931,False,True,1.0,False,0001964738-25-000091,10-Q,2025-11-06 00:00:00,https://www.sec.gov/Archives/edgar/data/1964738/000196473825000091/0001964738-25-000091-index.htm
431,89.7127809942187,BAX,Baxter International,Health Care,10456,Q,2022,Q3,2022-09-30,Return on equity,roe,-1.6323468111713213,0.20852641334569044,YoY delta + Trend,2,"Return on equity fell 18,409 bps year over year (20.9% to -163.2%), 6.1x its usual yearly move; 30.7 sigma below its rolling median of 13.2%.",89.7127809942187,50.293384882032996,79.30412485065219,0.0,0.0,0.07692307692307693,False,False,0.019230769230769232,False,0001628280-24-003932,10-K,2024-02-08 00:00:00,https://www.sec.gov/Archives/edgar/data/10456/000162828024003932/0001628280-24-003932-index.htm
432,89.70843271787392,GILD,Gilead Sciences,Health Care,882095,Q,2026,Q2,2026-06-30,Return on equity,roe,-2.3757356269805343,0.40374909877433307,YoY delta + Trend,2,"Return on equity fell 27,795 bps year over year (40.4% to -237.6%), 6.9x its usual yearly move; 28.2 sigma below its rolling median of 35.5%.",89.70843271787392,53.377971097429494,77.92552678556069,0.0,0.0,0.06382978723404255,False,False,0.02127659574468085,False,0000882095-26-000031,10-Q,2026-08-06 00:00:00,https://www.sec.gov/Archives/edgar/data/882095/000088209526000031/0000882095-26-000031-index.htm
433,89.70808643258918,ROP,Roper Technologies,Information Technology,882835,A,2022,FY,2022-12-31,Accruals / assets,accruals,0.15031551621767167,-0.03600014244208577,YoY delta + Trend,2,"Accruals / assets rose 1,863 bps year over year (-3.6% to 15.0%), 8.9x its usual yearly move; 23.4 sigma above its rolling median of -2.5%.",89.70808643258918,59.636632964945875,74.50184579875939,0.0,0.0,0.0958904109589041,False,False,0.9863013698630136,False,0000882835-25-000008,10-K,2025-02-24 00:00:00,https://www.sec.gov/Archives/edgar/data/882835/000088283525000008/0000882835-25-000008-index.htm
434,89.70287907374771,HST,Host Hotels & Resorts,Real Estate,1070750,Q,2021,Q3,2021-09-30,Debt / EBITDA,debt_to_ebitda,33.8109756097561,25.0,Trend,1,Debt / EBITDA of 33.81x is 69.7 sigma above its rolling median of 2.77x.,89.70287907374771,0.0,89.70287907374771,0.0,0.0,0.05,False,False,1.0,False,0000950170-21-003158,10-Q,2021-11-05 00:00:00,https://www.sec.gov/Archives/edgar/data/1070750/000095017021003158/0000950170-21-003158-index.htm
435,89.69036603465142,HSIC,Henry Schein,Health Care,1000228,Q,2018,Q4,2018-12-29,SG&A % of revenue,sga_pct,0.05633292466643478,0.1988409471334704,YoY delta + Trend,2,"SG&A % of revenue fell 1,425 bps year over year (19.9% to 5.6%), 13.1x its usual yearly move; 16.3 sigma below its rolling median of 20.3%.",89.69036603465142,68.62864306075231,67.1367930137235,0.0,0.0,0.0625,False,False,0.08333333333333333,False,0001000228-21-000019,10-K,2021-02-17 00:00:00,https://www.sec.gov/Archives/edgar/data/1000228/000100022821000019/0001000228-21-000019-index.htm
436,89.68296013519203,KMI,Kinder Morgan,Energy,1506307,Q,2012,Q2,2012-06-30,SG&A % of revenue,sga_pct,0.23119520073834796,0.05635245901639344,YoY delta + Trend,2,"SG&A % of revenue rose 1,748 bps year over year (5.6% to 23.1%); 23.6 sigma above its rolling median of 5.7%.",89.68296013519203,59.300337766780245,74.65079733171098,0.0,0.0,0.07692307692307693,False,False,1.0,False,0001506307-13-000054,10-Q,2013-08-05 00:00:00,https://www.sec.gov/Archives/edgar/data/1506307/000150630713000054/0001506307-13-000054-index.htm
437,89.67453753513223,DAL,Delta Air Lines,Industrials,27904,Q,2014,Q4,2014-12-31,Return on equity,roe,-0.2698375100667961,5.758234295415959,YoY delta,1,"Return on equity fell 60,281 bps year over year (575.8% to -27.0%).",93.77729415438664,93.77729415438664,0.0,0.0,0.0,0.125,False,False,0.015625,False,0000027904-16-000018,10-K,2016-02-05 00:00:00,https://www.sec.gov/Archives/edgar/data/27904/000002790416000018/0000027904-16-000018-index.htm
438,89.64797204697392,STX,Seagate Technology,Information Technology,1137789,A,2023,FY,2023-06-30,Debt / EBITDA,debt_to_ebitda,32.26900584795322,2.3753117206982544,YoY delta + Trend,2,"Debt / EBITDA rose 952% year over year (2.38x to 32.27x), 4.5x its usual yearly move; 47.1 sigma above its rolling median of 2.45x.",91.71904730878519,42.93527719374634,85.48849046488787,0.0,0.0,0.11290322580645161,False,False,0.9838709677419355,False,0001137789-23-000049,10-K,2023-08-04 00:00:00,https://www.sec.gov/Archives/edgar/data/1137789/000113778923000049/0001137789-23-000049-index.htm
439,89.62796970750493,VRSN,Verisign,Information Technology,1014473,Q,2010,Q3,2010-09-30,Return on equity,roe,3.7614874328030257,0.3049618662567212,YoY delta,1,"Return on equity rose 34,565 bps year over year (30.5% to 376.1%).",89.62796970750493,89.62796970750493,0.0,0.0,0.0,0.057692307692307696,False,False,1.0,False,0001193125-11-285850,10-Q,2011-10-28 00:00:00,https://www.sec.gov/Archives/edgar/data/1014473/000119312511285850/0001193125-11-285850-index.htm
440,89.59888089634921,ABT,Abbott Laboratories,Health Care,1800,Q,2024,Q4,2024-12-31,Return on assets,roa,0.4739808692302754,0.08776083246159776,YoY delta + Trend,2,"Return on assets rose 3,862 bps year over year (8.8% to 47.4%), 7.3x its usual yearly move; 26.6 sigma above its rolling median of 7.9%.",89.59888089634921,54.97843828864852,76.8974715485529,0.0,0.0,0.0847457627118644,False,False,1.0,False,0001628280-26-010185,10-K,2026-02-20 00:00:00,https://www.sec.gov/Archives/edgar/data/1800/000162828026010185/0001628280-26-010185-index.htm
441,89.5957159122848,PAYX,Paychex,Industrials,723531,Q,2026,Q3,2026-02-28,Debt / EBITDA,debt_to_ebitda,1.8001816860465116,0.33635390065079496,Trend,1,Debt / EBITDA of 1.80x is 68.9 sigma above its rolling median of 0.36x. An input changed XBRL tag versus the comparison period.,89.5957159122848,0.0,89.5957159122848,0.0,0.0,0.03125,False,False,0.359375,True,0001193125-26-126204,10-Q,2026-03-26 00:00:00,https://www.sec.gov/Archives/edgar/data/723531/000119312526126204/0001193125-26-126204-index.htm
442,89.58691209910403,IFF,International Flavors & Fragrances,Materials,51253,Q,2023,Q4,2023-12-31,Net margin,net_margin,-0.9652238253792083,-0.008438818565400843,YoY delta + Trend,2,"Net margin fell 9,568 bps year over year (-0.8% to -96.5%), 6.3x its usual yearly move; 29.6 sigma below its rolling median of 0.9%.",89.58691209910403,51.07636886896212,78.71562747866082,0.0,0.0,0.08,False,False,0.04,False,0000051253-26-000006,10-K,2026-02-27 00:00:00,https://www.sec.gov/Archives/edgar/data/51253/000005125326000006/0000051253-26-000006-index.htm
443,89.56329723495223,GD,General Dynamics,Industrials,40533,Q,2012,Q4,2012-12-31,Return on assets,roa,-0.24408411161404917,0.07063888360106017,YoY delta + Trend,2,"Return on assets fell 3,147 bps year over year (7.1% to -24.4%), 38.5x its usual yearly move; 37.8 sigma below its rolling median of 7.7%.",97.20593801355413,83.98817239236759,82.5500120603721,0.0,0.0,0.14492753623188406,False,False,0.014492753623188406,False,0000040533-15-000009,10-K,2015-02-09 00:00:00,https://www.sec.gov/Archives/edgar/data/40533/000004053315000009/0000040533-15-000009-index.htm
444,89.56033453707283,LVS,Las Vegas Sands,Consumer Discretionary,1300514,Q,2022,Q1,2022-03-31,Accruals / assets,accruals,0.5729683732803857,-0.01741317596981716,YoY delta + Trend,2,"Accruals / assets rose 5,904 bps year over year (-1.7% to 57.3%), 7.7x its usual yearly move; 25.5 sigma above its rolling median of -4.4%.",89.56033453707283,56.23509158376983,76.14603608068872,0.0,0.0,0.06666666666666667,False,False,1.0,False,0001300514-24-000048,10-K,2024-02-07 00:00:00,https://www.sec.gov/Archives/edgar/data/1300514/000130051424000048/0001300514-24-000048-index.htm
445,89.54578655595652,XYZ,"Block, Inc.",Financials,1512673,Q,2019,Q4,2019-12-31,Return on equity,roe,1.0548683168490485,-0.10060977105159309,YoY delta + Trend,2,"Return on equity rose 11,555 bps year over year (-10.1% to 105.5%), 5.6x its usual yearly move; 33.4 sigma above its rolling median of -9.3%.",90.00906852631255,48.291945661033225,80.67819104506826,0.0,0.0,0.10294117647058823,False,False,0.9705882352941176,False,0001628280-22-003825,10-K,2022-02-24 00:00:00,https://www.sec.gov/Archives/edgar/data/1512673/000162828022003825/0001628280-22-003825-index.htm
446,89.54001718862298,MGM,MGM Resorts,Consumer Discretionary,789570,Q,2011,Q2,2011-06-30,Return on equity,roe,2.9656264347718198,-1.2403327579586672,YoY delta,1,"Return on equity rose 42,060 bps year over year (-124.0% to 296.6%).",91.31559826601777,91.31559826601777,0.0,0.0,0.0,0.1111111111111111,False,False,1.0,False,0001104659-12-056073,10-Q,2012-08-09 00:00:00,https://www.sec.gov/Archives/edgar/data/789570/000110465912056073/0001104659-12-056073-index.htm
447,89.53058690700709,ABT,Abbott Laboratories,Health Care,1800,Q,2024,Q4,2024-12-31,Net margin,net_margin,0.8409877893202115,0.15564886241577972,YoY delta + Trend,2,"Net margin rose 6,853 bps year over year (15.6% to 84.1%), 5.9x its usual yearly move; 30.5 sigma above its rolling median of 14.0%.",89.53058690700709,49.59081766879841,79.2311388345756,0.0,0.0,0.0847457627118644,False,False,1.0,False,0001628280-26-010185,10-K,2026-02-20 00:00:00,https://www.sec.gov/Archives/edgar/data/1800/000162828026010185/0001628280-26-010185-index.htm
448,89.52719014277582,VRTX,Vertex Pharmaceuticals,Health Care,875320,A,2011,FY,2011-12-31,SG&A % of revenue,sga_pct,0.2840731703513192,1.3098974680895585,YoY delta,1,"SG&A % of revenue fell 10,258 bps year over year (131.0% to 28.4%).",89.52719014277582,89.52719014277582,0.0,0.0,0.0,0.08,False,False,0.6,False,0000875320-14-000015,10-K,2014-02-11 00:00:00,https://www.sec.gov/Archives/edgar/data/875320/000087532014000015/0000875320-14-000015-index.htm
449,89.51250372760435,SNDK,Sandisk,Information Technology,2023554,Q,2026,Q3,2026-04-03,Net margin,net_margin,0.607563025210084,-1.1404129793510325,YoY delta + Trend,2,"Net margin rose 17,480 bps year over year (-114.0% to 60.8%); 6.2 sigma above its rolling median of 4.9%. Reverses the prior year's flagged move.",94.22368813432037,89.73293307865667,43.7394154539721,0.0,0.0,0.12857142857142856,False,True,0.9571428571428572,False,0001628280-26-029401,10-Q,2026-05-01 00:00:00,https://www.sec.gov/Archives/edgar/data/2023554/000162828026029401/0001628280-26-029401-index.htm
450,89.51090118265475,IFF,International Flavors & Fragrances,Materials,51253,Q,2018,Q3,2018-09-30,Quick ratio,quick_ratio,7.8785980992964655,1.4469213232642895,YoY delta + Trend,2,"Quick ratio rose 445% year over year (1.45x to 7.88x), 5.8x its usual yearly move; 34.1 sigma above its rolling median of 1.40x.",90.34300783375512,49.174830433762565,80.99958691990294,0.0,0.0,0.10526315789473684,False,False,1.0,False,0000051253-18-000020,10-Q,2018-11-05 00:00:00,https://www.sec.gov/Archives/edgar/data/51253/000005125318000020/0000051253-18-000020-index.htm
451,89.50086823941665,CL,Colgate-Palmolive,Consumer Staples,21665,Q,2015,Q4,2015-12-31,Return on assets,roa,-0.14369754490548278,0.18521658986175116,YoY delta + Trend,2,"Return on assets fell 3,289 bps year over year (18.5% to -14.4%), 10.7x its usual yearly move; 19.4 sigma below its rolling median of 16.9%.",89.50086823941665,64.01712666994169,70.82186387874448,0.0,0.0,0.0967741935483871,False,False,0.03225806451612903,False,0000021665-17-000002,10-K,2017-02-23 00:00:00,https://www.sec.gov/Archives/edgar/data/21665/000002166517000002/0000021665-17-000002-index.htm
452,89.49754926571283,HIG,Hartford (The),Financials,874766,A,2019,FY,2019-12-31,Asset turnover,asset_turnover,0.31158919503620686,0.13183014740912552,Trend,1,Asset turnover of 0.31x is 92.8 sigma above its rolling median of 0.07x.,92.0660588793766,0.0,92.0660588793766,0.0,0.0,0.11594202898550725,False,False,0.6811594202898551,False,0000874766-22-000019,10-K,2022-02-18 00:00:00,https://www.sec.gov/Archives/edgar/data/874766/000087476622000019/0000874766-22-000019-index.htm
453,89.48910498916769,MGM,MGM Resorts,Consumer Discretionary,789570,Q,2011,Q4,2011-12-31,Net margin,net_margin,-1.418717230131713,-0.09434610676322543,YoY delta + Trend,2,"Net margin fell 13,244 bps year over year (-9.4% to -141.9%); 11.9 sigma below its rolling median of -11.8%. Reverses the prior year's flagged move.",94.72384372112457,86.87983543285385,59.78589863051479,0.0,0.0,0.13157894736842105,False,True,0.05263157894736842,False,0001193125-14-078072,10-K,2014-03-03 00:00:00,https://www.sec.gov/Archives/edgar/data/789570/000119312514078072/0001193125-14-078072-index.htm
454,89.47254329490885,INCY,Incyte,Health Care,879169,Q,2011,Q2,2011-06-30,Net margin,net_margin,-3.0854797454047946,0.061066864605693424,YoY delta,1,"Net margin fell 31,465 bps year over year (6.1% to -308.5%).",94.02368999129605,94.02368999129605,0.0,0.0,0.0,0.1276595744680851,False,False,0.02127659574468085,False,0001104659-11-041507,10-Q,2011-07-28 00:00:00,https://www.sec.gov/Archives/edgar/data/879169/000110465911041507/0001104659-11-041507-index.htm
455,89.47021812425717,BDX,Becton Dickinson,Health Care,10795,Q,2013,Q4,2013-09-30,SG&A % of revenue,sga_pct,0.4175577693491142,0.24617077010590335,YoY delta + Trend,2,"SG&A % of revenue rose 1,714 bps year over year (24.6% to 41.8%), 14.2x its usual yearly move; 14.6 sigma above its rolling median of 24.5%.",89.47021812425717,70.23301610841295,64.62596978554208,0.0,0.0,0.1,False,False,0.96,False,0001628280-15-008984,10-K,2015-11-25 00:00:00,https://www.sec.gov/Archives/edgar/data/10795/000162828015008984/0001628280-15-008984-index.htm
456,89.44336780846689,GILD,Gilead Sciences,Health Care,882095,Q,2026,Q2,2026-06-30,Accruals / assets,accruals,-1.0654297614539947,0.08081672685123267,YoY delta + Trend,2,"Accruals / assets fell 11,462 bps year over year (8.1% to -106.5%), 7.8x its usual yearly move; 24.8 sigma below its rolling median of -6.1%.",89.44336780846689,56.67049394228951,75.63638925984351,0.0,0.0,0.057692307692307696,False,False,0.019230769230769232,False,0000882095-26-000031,10-Q,2026-08-06 00:00:00,https://www.sec.gov/Archives/edgar/data/882095/000088209526000031/0000882095-26-000031-index.htm
457,89.44138094314664,CAH,Cardinal Health,Health Care,721371,Q,2020,Q1,2019-09-30,EBITDA margin,ebitda_margin,-0.13470448032993224,0.030130917558856104,YoY delta + Trend,2,"EBITDA margin fell 1,648 bps year over year (3.0% to -13.5%), 13.3x its usual yearly move; 20.6 sigma below its rolling median of 2.0%.",89.44138094314664,62.240697128413046,72.03703920922098,0.0,0.0,0.09090909090909091,False,False,0.03636363636363636,False,0000721371-20-000131,10-Q,2020-11-05 00:00:00,https://www.sec.gov/Archives/edgar/data/721371/000072137120000131/0000721371-20-000131-index.htm
458,89.42364578275303,MKC,McCormick & Company,Consumer Staples,63754,Q,2017,Q3,2017-08-31,Debt / EBITDA,debt_to_ebitda,6.555281598754218,2.173211403980635,YoY delta + Trend,2,"Debt / EBITDA rose 202% year over year (2.17x to 6.56x), 6.0x its usual yearly move; 37.3 sigma above its rolling median of 1.92x.",91.19691921187277,50.099360264678765,82.35878170135734,0.0,0.0,0.1111111111111111,False,False,1.0,False,0000063754-18-000087,10-Q,2018-09-27 00:00:00,https://www.sec.gov/Archives/edgar/data/63754/000006375418000087/0000063754-18-000087-index.htm
459,89.40077141483022,CAH,Cardinal Health,Health Care,721371,Q,2020,Q1,2019-09-30,Operating margin,operating_margin,-0.14097105058782572,0.02317325987561412,YoY delta + Trend,2,"Operating margin fell 1,641 bps year over year (2.3% to -14.1%), 13.0x its usual yearly move; 20.6 sigma below its rolling median of 1.3%.",89.40077141483022,62.141906511425326,72.00274073925945,0.0,0.0,0.08333333333333333,False,False,0.041666666666666664,False,0000721371-20-000131,10-Q,2020-11-05 00:00:00,https://www.sec.gov/Archives/edgar/data/721371/000072137120000131/0000721371-20-000131-index.htm
460,89.38527349222313,SBUX,Starbucks,Consumer Discretionary,829224,Q,2014,Q3,2014-06-29,Debt / EBITDA,debt_to_ebitda,2.4347360912981455,0.18687109056295895,Trend,1,Debt / EBITDA of 2.43x is 67.4 sigma above its rolling median of 0.23x.,89.38527349222313,0.0,89.38527349222313,0.0,0.0,0.08333333333333333,False,False,0.625,False,0000829224-14-000030,10-Q,2014-07-29 00:00:00,https://www.sec.gov/Archives/edgar/data/829224/000082922414000030/0000829224-14-000030-index.htm
461,89.37647636436577,WMT,Walmart,Consumer Staples,104169,Q,2027,Q2,2026-07-31,Interest coverage,interest_coverage,68.48905109489051,11.192012288786483,YoY delta + Trend,2,"Interest coverage rose 347% year over year (11.19x to 68.49x), 6.8x its usual yearly move; 27.2 sigma above its rolling median of 13.09x.",89.37647636436577,53.20966791589784,77.2954728841436,0.0,0.0,,False,False,,False,0000104169-26-000154,10-Q,2026-08-28 00:00:00,https://www.sec.gov/Archives/edgar/data/104169/000010416926000154/0000104169-26-000154-index.htm
462,89.36686490193048,BKR,Baker Hughes,Energy,1701605,Q,2026,Q1,2026-03-31,Quick ratio,quick_ratio,1.599940356370685,0.7929966650786089,YoY delta + Trend,2,"Quick ratio rose 102% year over year (0.79x to 1.60x), 3.8x its usual yearly move; 37.8 sigma above its rolling median of 0.75x.",89.36686490193048,39.06393217910592,82.55034255028913,0.0,0.0,0.058823529411764705,False,False,1.0,False,0001701605-26-000014,10-Q,2026-04-24 00:00:00,https://www.sec.gov/Archives/edgar/data/1701605/000170160526000014/0001701605-26-000014-index.htm
463,89.3296945572082,UDR,"UDR, Inc.",Real Estate,74208,Q,2023,Q2,2023-06-30,EBITDA margin,ebitda_margin,1.4067774405014979,0.5995552148485644,YoY delta + Trend,2,"EBITDA margin rose 8,072 bps year over year (60.0% to 140.7%), 5.3x its usual yearly move; 31.8 sigma above its rolling median of 60.0%.",89.3296945572082,46.98028332375796,79.8748350392956,0.0,0.0,0.07407407407407407,False,False,1.0,False,0000074208-24-000060,10-Q,2024-07-31 00:00:00,https://www.sec.gov/Archives/edgar/data/74208/000007420824000060/0000074208-24-000060-index.htm
464,89.31790700556078,PAYX,Paychex,Industrials,723531,Q,2025,Q4,2025-05-31,Interest coverage,interest_coverage,6.767660910518053,50.0,YoY delta + Trend,2,"Interest coverage fell 86% year over year (50.00x to 6.77x), 11.8x its usual yearly move; 17.3 sigma below its rolling median of 50.00x. An input changed XBRL tag versus the comparison period.",89.31790700556078,66.227313679512,68.37061496064948,0.0,0.0,0.09433962264150944,False,False,0.4339622641509434,True,0001193125-26-307785,10-K,2026-07-17 00:00:00,https://www.sec.gov/Archives/edgar/data/723531/000119312526307785/0001193125-26-307785-index.htm
465,89.30420120686378,MCO,Moody's Corporation,Financials,1059556,Q,2016,Q4,2016-12-31,Accruals / assets,accruals,-0.6170916049716815,-0.03418422624773439,YoY delta + Trend,2,"Accruals / assets fell 5,829 bps year over year (-3.4% to -61.7%), 7.3x its usual yearly move; 25.7 sigma below its rolling median of -4.4%.",89.30420120686378,54.95209421066453,76.25683457261111,0.0,0.0,0.08333333333333333,False,False,0.013888888888888888,False,0001193125-18-058986,10-K,2018-02-27 00:00:00,https://www.sec.gov/Archives/edgar/data/1059556/000119312518058986/0001193125-18-058986-index.htm
466,89.30205312751889,BAX,Baxter International,Health Care,10456,Q,2016,Q1,2016-03-31,Return on assets,roa,0.7057840885362289,0.06745230298633306,YoY delta + Trend,2,"Return on assets rose 6,383 bps year over year (6.7% to 70.6%), 13.1x its usual yearly move; 15.5 sigma above its rolling median of 7.7%.",89.30205312751889,68.62234404676514,65.90584431027833,0.0,0.0,0.061224489795918366,False,False,1.0,False,0001564590-18-002954,10-K,2018-02-23 00:00:00,https://www.sec.gov/Archives/edgar/data/10456/000156459018002954/0001564590-18-002954-index.htm
467,89.29744336161164,COIN,Coinbase,Financials,1679788,Q,2022,Q1,2022-03-31,Operating margin,operating_margin,-0.47534798308694176,0.5483906608806115,YoY delta + Trend,2,"Operating margin fell 10,237 bps year over year (54.8% to -47.5%); 6.6 sigma below its rolling median of 34.6%. Reverses the prior year's flagged move.",91.06821419314501,83.65664098409376,45.34914274255319,0.0,0.0,0.1111111111111111,False,True,0.037037037037037035,False,0001679788-23-000073,10-Q,2023-05-04 00:00:00,https://www.sec.gov/Archives/edgar/data/1679788/000167978823000073/0001679788-23-000073-index.htm
468,89.29599494263475,EQIX,Equinix,Real Estate,1101239,Q,2015,Q2,2015-06-30,Days payables outstanding,dpo,91.1913354256596,6.549171273548021,Trend,1,Days payables outstanding of 91 days is 66.7 sigma above its rolling median of 10 days. An input changed XBRL tag versus the comparison period.,89.29599494263475,0.0,89.29599494263475,0.0,0.0,,False,False,,True,0001193125-15-272652,10-Q,2015-07-31 00:00:00,https://www.sec.gov/Archives/edgar/data/1101239/000119312515272652/0001193125-15-272652-index.htm
469,89.29142167787985,BAX,Baxter International,Health Care,10456,A,2016,FY,2016-12-31,Accruals / assets,accruals,0.18138490193930099,-0.03409766454352441,YoY delta + Trend,2,"Accruals / assets rose 2,155 bps year over year (-3.4% to 18.1%), 6.5x its usual yearly move; 27.9 sigma above its rolling median of -3.7%.",89.29142167787985,51.91850803994688,77.72827363381943,0.0,0.0,0.037037037037037035,False,False,1.0,False,0001564590-19-003727,10-K,2019-02-21 00:00:00,https://www.sec.gov/Archives/edgar/data/10456/000156459019003727/0001564590-19-003727-index.htm
470,89.26360933901383,MRNA,Moderna,Health Care,1682852,A,2019,FY,2019-12-31,SG&A % of revenue,sga_pct,1.826969389958312,0.697811472739657,YoY delta,1,"SG&A % of revenue rose 11,292 bps year over year (69.8% to 182.7%). An input changed XBRL tag versus the comparison period.",90.39352844457096,90.39352844457096,0.0,0.0,0.0,0.10714285714285714,False,False,1.0,True,0001682852-22-000012,10-K,2022-02-25 00:00:00,https://www.sec.gov/Archives/edgar/data/1682852/000168285222000012/0001682852-22-000012-index.htm
471,89.23574982105745,PNR,Pentair,Industrials,77360,Q,2011,Q4,2011-12-31,EBITDA margin,ebitda_margin,-0.19524149466553925,0.12530078608968798,YoY delta + Trend,2,"EBITDA margin fell 3,205 bps year over year (12.5% to -19.5%); 20.6 sigma below its rolling median of 12.5%.",89.23574982105745,61.578529277231695,71.98376330616692,0.0,0.0,0.07575757575757576,False,False,0.030303030303030304,False,0001193125-13-077034,10-K,2013-02-26 00:00:00,https://www.sec.gov/Archives/edgar/data/77360/000119312513077034/0001193125-13-077034-index.htm
472,89.23213098867072,TRGP,Targa Resources,Energy,1389170,A,2014,FY,2014-12-31,Interest coverage,interest_coverage,51.653225806451616,2.7457121551081283,YoY delta + Trend,2,"Interest coverage rose 1,721% year over year (2.75x to 51.65x), 9.4x its usual yearly move; 80.2 sigma above its rolling median of 2.75x. An input changed XBRL tag versus the comparison period.",96.46716863640077,61.060775043431235,90.92731977192763,0.0,0.0,0.14285714285714285,False,False,1.0,True,0001140361-16-055579,10-K,2016-02-29 00:00:00,https://www.sec.gov/Archives/edgar/data/1389170/000114036116055579/0001140361-16-055579-index.htm
473,89.22452370837763,SNPS,Synopsys,Information Technology,883241,Q,2025,Q2,2025-04-30,Quick ratio,quick_ratio,6.344814544511478,0.9945254848804991,YoY delta + Trend,2,"Quick ratio rose 538% year over year (0.99x to 6.34x), 7.2x its usual yearly move; 52.0 sigma above its rolling median of 0.91x.",93.92055127197645,54.40660363955546,86.66594460311386,0.0,0.0,0.12857142857142856,False,False,1.0,False,0000883241-25-000017,10-Q,2025-05-28 00:00:00,https://www.sec.gov/Archives/edgar/data/883241/000088324125000017/0000883241-25-000017-index.htm
474,89.21123039650294,SNPS,Synopsys,Information Technology,883241,Q,2025,Q2,2025-04-30,Current ratio,current_ratio,7.015168681288538,1.8550521258994956,YoY delta + Trend,2,"Current ratio rose 278% year over year (1.86x to 7.02x), 5.1x its usual yearly move; 40.0 sigma above its rolling median of 1.22x.",90.98029162249591,45.911507695314135,83.32416380420594,0.0,0.0,0.1111111111111111,False,False,1.0,False,0000883241-25-000017,10-Q,2025-05-28 00:00:00,https://www.sec.gov/Archives/edgar/data/883241/000088324125000017/0000883241-25-000017-index.htm
475,89.19572029050714,OXY,Occidental Petroleum,Energy,797468,Q,2015,Q1,2015-03-31,Gross margin,gross_margin,0.16472868217054262,0.4726247987117552,YoY delta + Trend,2,"Gross margin fell 3,079 bps year over year (47.3% to 16.5%), 3.2x its usual yearly move; 40.3 sigma below its rolling median of 46.8%. An input changed XBRL tag versus the comparison period.",89.19572029050714,34.721920637740425,83.44883946487657,0.0,0.0,,False,False,,True,0000797468-16-000023,10-Q,2016-05-05 00:00:00,https://www.sec.gov/Archives/edgar/data/797468/000079746816000023/0000797468-16-000023-index.htm
476,89.19121814047077,KDP,Keurig Dr Pepper,Consumer Staples,1418135,Q,2017,Q4,2017-12-31,Days payables outstanding,dpo,219.77896341463415,41.26679104477612,YoY delta + Trend,2,"Days payables outstanding rose 433% year over year (41 days to 220 days), 4.7x its usual yearly move; 33.6 sigma above its rolling median of 45 days. An input changed XBRL tag versus the comparison period.",89.19121814047077,43.83898124702941,80.75394268207161,0.0,0.0,0.07142857142857142,False,False,1.0,True,0001418135-19-000007,10-K,2019-02-28 00:00:00,https://www.sec.gov/Archives/edgar/data/1418135/000141813519000007/0001418135-19-000007-index.htm
477,89.19087865009374,MRNA,Moderna,Health Care,1682852,Q,2021,Q3,2021-09-30,Asset turnover,asset_turnover,1.0721760707735462,0.15435893786794666,YoY delta + Trend,2,Asset turnover rose 595% year over year (0.15x to 1.07x); 21.3 sigma above its rolling median of 0.06x.,92.541519887396,72.65980939775709,72.71972159553225,0.0,0.0,0.1206896551724138,False,False,0.7758620689655172,False,0001682852-22-000051,10-Q,2022-11-03 00:00:00,https://www.sec.gov/Archives/edgar/data/1682852/000168285222000051/0001682852-22-000051-index.htm
478,89.15270102002923,BAX,Baxter International,Health Care,10456,A,2013,FY,2013-12-31,Days sales outstanding,dso,112.87740359077871,63.51356199770379,YoY delta + Trend,2,"Days sales outstanding rose 78% year over year (64 days to 113 days), 7.5x its usual yearly move; 25.8 sigma above its rolling median of 64 days.",89.47224475128381,55.459073052112956,76.3638613515303,0.0,0.0,0.10204081632653061,False,False,0.9795918367346939,False,0001193125-15-065871,10-K,2015-02-26 00:00:00,https://www.sec.gov/Archives/edgar/data/10456/000119312515065871/0001193125-15-065871-index.htm
479,89.14398290411842,STX,Seagate Technology,Information Technology,1137789,A,2023,FY,2023-06-30,Cash conversion (CFO / EBITDA),cash_conversion,5.508771929824562,0.6886949293433084,YoY delta + Trend,2,"Cash conversion (CFO / EBITDA) rose 626% year over year (0.69x to 5.51x), 10.7x its usual yearly move; 34.3 sigma above its rolling median of 0.93x.",93.22246578208461,64.16737951566468,81.0855747464011,0.0,0.0,0.125,False,False,0.9722222222222222,False,0001137789-25-000157,10-K,2025-08-01 00:00:00,https://www.sec.gov/Archives/edgar/data/1137789/000113778925000157/0001137789-25-000157-index.htm
480,89.13847041253334,ARES,Ares Management,Financials,1176948,A,2014,FY,2014-12-31,Net margin,net_margin,0.05793779982745173,1.6992990776237582,YoY delta,1,"Net margin fell 16,414 bps year over year (169.9% to 5.8%). An input changed XBRL tag versus the comparison period.",89.13847041253334,89.13847041253334,0.0,0.0,0.0,0.06153846153846154,False,False,0.13846153846153847,True,0001628280-17-001756,10-K,2017-02-27 00:00:00,https://www.sec.gov/Archives/edgar/data/1176948/000162828017001756/0001628280-17-001756-index.htm
481,89.13331105739854,FE,FirstEnergy,Utilities,1031296,A,2016,FY,2016-12-31,Return on assets,roa,-0.12971168182104534,0.011153348899137449,YoY delta + Trend,2,"Return on assets fell 1,409 bps year over year (1.1% to -13.0%), 22.3x its usual yearly move; 14.0 sigma below its rolling median of 1.8%.",89.13331105739854,70.12919581627743,63.621036528628125,0.0,0.0,0.07142857142857142,False,False,0.03571428571428571,False,0001031296-19-000010,10-K,2019-02-19 00:00:00,https://www.sec.gov/Archives/edgar/data/1031296/000103129619000010/0001031296-19-000010-index.htm
482,89.11793992648835,DD,DuPont,Industrials,1666700,Q,2021,Q1,2021-03-31,Return on equity,roe,0.6568836387992449,-0.06118850728848494,YoY delta + Trend,2,"Return on equity rose 7,181 bps year over year (-6.1% to 65.7%), 9.2x its usual yearly move; 22.2 sigma above its rolling median of 2.0%.",89.57900835182863,60.62088189877795,73.53675716813991,0.0,0.0,0.10294117647058823,False,False,0.9264705882352942,False,0001666700-22-000017,10-Q,2022-05-06 00:00:00,https://www.sec.gov/Archives/edgar/data/1666700/000166670022000017/0001666700-22-000017-index.htm
483,89.09499223674834,SBUX,Starbucks,Consumer Discretionary,829224,Q,2013,Q4,2013-09-29,Return on equity,roe,-0.9642231722707573,0.2734514960930055,YoY delta + Trend,2,"Return on equity fell 12,377 bps year over year (27.3% to -96.4%), 20.2x its usual yearly move; 24.2 sigma below its rolling median of 30.0%.",94.30667701939936,77.05702695715699,75.18489443382464,0.0,0.0,0.13157894736842105,False,False,0.02631578947368421,False,0000829224-14-000041,10-K,2014-11-14 00:00:00,https://www.sec.gov/Archives/edgar/data/829224/000082922414000041/0000829224-14-000041-index.htm
484,89.09263078763634,SBUX,Starbucks,Consumer Discretionary,829224,A,2013,FY,2013-09-29,Debt / EBITDA,debt_to_ebitda,3.93519079345851,0.21318851823118698,YoY delta + Trend,2,"Debt / EBITDA rose 1,746% year over year (0.21x to 3.94x), 8.4x its usual yearly move; 36.6 sigma above its rolling median of 0.28x.",92.52735848912664,58.363054763926606,82.05285842055673,0.0,0.0,0.12121212121212122,False,False,0.7575757575757576,False,0000829224-14-000041,10-K,2014-11-14 00:00:00,https://www.sec.gov/Archives/edgar/data/829224/000082922414000041/0000829224-14-000041-index.htm
485,89.08655765792332,VMRK,Vivmark Residential,Real Estate,906107,Q,2016,Q1,2016-03-31,Return on equity,roe,1.3328632580637072,0.07054052359300937,YoY delta + Trend,2,"Return on equity rose 12,623 bps year over year (7.1% to 133.3%), 7.2x its usual yearly move; 25.4 sigma above its rolling median of 8.1%.",89.08655765792332,54.37603966560081,76.07958129437473,0.0,0.0,0.08333333333333333,False,False,1.0,False,0001564590-17-008789,10-Q,2017-05-04 00:00:00,https://www.sec.gov/Archives/edgar/data/906107/000156459017008789/0001564590-17-008789-index.htm
486,89.07304687545582,INCY,Incyte,Health Care,879169,Q,2011,Q2,2011-06-30,Operating margin,operating_margin,-2.445660579382547,0.27331634802495636,YoY delta,1,"Operating margin fell 27,190 bps year over year (27.3% to -244.6%).",93.14828431420216,93.14828431420216,0.0,0.0,0.0,0.125,False,False,0.025,False,0001104659-12-054163,10-Q,2012-08-03 00:00:00,https://www.sec.gov/Archives/edgar/data/879169/000110465912054163/0001104659-12-054163-index.htm
487,89.0570532964799,COHR,Coherent Corp.,Information Technology,820318,Q,2020,Q2,2019-12-31,Operating margin,operating_margin,-0.11792937744154182,0.11552361312452784,YoY delta + Trend,2,"Operating margin fell 2,335 bps year over year (11.6% to -11.8%), 5.2x its usual yearly move; 31.2 sigma below its rolling median of 11.6%.",89.0570532964799,46.34663612949477,79.60436044619424,0.0,0.0,0.06060606060606061,False,False,0.030303030303030304,False,0000820318-21-000004,10-Q,2021-02-09 00:00:00,https://www.sec.gov/Archives/edgar/data/820318/000082031821000004/0000820318-21-000004-index.htm
488,89.01870284253745,PPL,PPL Corporation,Utilities,922224,Q,2021,Q1,2021-03-31,Return on assets,roa,-0.1534980239214991,0.04816972437179376,YoY delta + Trend,2,"Return on assets fell 2,017 bps year over year (4.8% to -15.3%), 6.9x its usual yearly move; 26.0 sigma below its rolling median of 4.1%.",89.01870284253745,53.3835983454164,76.44327582632536,0.0,0.0,0.1,False,False,0.06666666666666667,False,0000922224-22-000024,10-Q,2022-05-05 00:00:00,https://www.sec.gov/Archives/edgar/data/922224/000092222422000024/0000922224-22-000024-index.htm
489,89.01815146989003,PLTR,Palantir Technologies,Information Technology,1321655,Q,2020,Q3,2020-09-30,Operating margin,operating_margin,-2.929774057767671,-0.75647760849371,YoY delta,1,"Operating margin fell 21,733 bps year over year (-75.6% to -293.0%). An input changed XBRL tag versus the comparison period.",91.57290274204118,91.57290274204118,0.0,0.0,0.0,0.11594202898550725,False,False,0.014492753623188406,True,0001193125-21-323920,10-Q,2021-11-09 00:00:00,https://www.sec.gov/Archives/edgar/data/1321655/000119312521323920/0001193125-21-323920-index.htm
490,89.01563690100434,PPL,PPL Corporation,Utilities,922224,Q,2021,Q1,2021-03-31,Net margin,net_margin,-1.2137203166226913,0.38472222222222224,YoY delta + Trend,2,"Net margin fell 15,984 bps year over year (38.5% to -121.4%), 10.5x its usual yearly move; 38.9 sigma below its rolling median of 23.1%. An input changed XBRL tag versus the comparison period.",93.78028016758316,63.55500397437804,82.93395387382071,0.0,0.0,0.12903225806451613,False,False,0.03225806451612903,True,0000922224-22-000024,10-Q,2022-05-05 00:00:00,https://www.sec.gov/Archives/edgar/data/922224/000092222422000024/0000922224-22-000024-index.htm
491,88.98788447921628,RCL,Royal Caribbean Group,Consumer Discretionary,884887,Q,2020,Q4,2020-12-31,Days inventory outstanding,dio,40.83408259820553,9.98452517314999,YoY delta + Trend,2,"Days inventory outstanding rose 309% year over year (10 days to 41 days), 5.1x its usual yearly move; 31.3 sigma above its rolling median of 10 days.",88.98788447921628,45.939927570342775,79.62985429752678,0.0,0.0,0.08333333333333333,False,False,0.25,False,0000884887-22-000008,10-K,2022-03-01 00:00:00,https://www.sec.gov/Archives/edgar/data/884887/000088488722000008/0000884887-22-000008-index.htm
492,88.9851423690412,ABNB,Airbnb,Consumer Discretionary,1559720,Q,2021,Q4,2021-12-31,Operating margin,operating_margin,0.04931940822192461,-3.607948197527186,YoY delta,1,"Operating margin rose 36,573 bps year over year (-360.8% to 4.9%).",94.81498250984951,94.81498250984951,0.0,0.0,0.0,0.13513513513513514,False,False,0.2702702702702703,False,0001559720-24-000006,10-K,2024-02-16 00:00:00,https://www.sec.gov/Archives/edgar/data/1559720/000155972024000006/0001559720-24-000006-index.htm
493,88.9556117426999,PCG,PG&E Corporation,Utilities,1004980,Q,2019,Q2,2019-06-30,Quick ratio,quick_ratio,0.826300122570478,0.17228694052728388,YoY delta + Trend,2,"Quick ratio rose 380% year over year (0.17x to 0.83x), 4.0x its usual yearly move; 35.3 sigma above its rolling median of 0.20x.",88.9556117426999,40.20250153178666,81.53035069991937,0.0,0.0,0.07142857142857142,False,False,1.0,False,0001004980-19-000028,10-Q,2019-08-09 00:00:00,https://www.sec.gov/Archives/edgar/data/1004980/000100498019000028/0001004980-19-000028-index.htm
494,88.94010826576597,DOC,Healthpeak Properties,Real Estate,765880,A,2014,FY,2014-12-31,Cash conversion (CFO / EBITDA),cash_conversion,1.4011297723286573,0.6716947887235842,YoY delta + Trend + Benford,3,"Cash conversion (CFO / EBITDA) rose 109% year over year (0.67x to 1.40x), 5.8x its usual yearly move; 12.5 sigma above its rolling median of 0.64x; the filing's leading digits also depart from Benford's Law. An input changed XBRL tag versus the comparison period.",88.94010826576597,49.25199874056366,60.92027667647894,44.232592788880346,0.0,0.08333333333333333,False,False,1.0,True,0001558370-17-000535,10-K,2017-02-13 00:00:00,https://www.sec.gov/Archives/edgar/data/765880/000155837017000535/0001558370-17-000535-index.htm
495,88.92524848778376,IFF,International Flavors & Fragrances,Materials,51253,Q,2018,Q4,2018-12-31,Trade working capital % of revenue,nwc_pct,0.137528536635585,0.28519028813807223,YoY delta + Trend,2,"Trade working capital % of revenue fell 1,477 bps year over year (28.5% to 13.8%), 12.7x its usual yearly move; 21.2 sigma below its rolling median of 29.6%. An input changed XBRL tag versus the comparison period.",88.92524848778376,59.62234806411126,72.57207643029706,0.0,0.0,0.09523809523809523,False,False,0.47619047619047616,True,0000051253-20-000007,10-K,2020-03-03 00:00:00,https://www.sec.gov/Archives/edgar/data/51253/000005125320000007/0000051253-20-000007-index.htm
496,88.91458774337731,LHX,L3Harris,Industrials,202058,A,2015,FY,2015-07-03,Days payables outstanding,dpo,89.4789029535865,35.72809667673716,YoY delta + Trend,2,"Days payables outstanding rose 150% year over year (36 days to 89 days), 7.3x its usual yearly move; 24.5 sigma above its rolling median of 39 days.",88.91458774337731,54.987229795102344,75.37273932228116,0.0,0.0,0.018518518518518517,False,False,0.9259259259259259,False,0000202058-16-000022,10-K,2016-08-29 00:00:00,https://www.sec.gov/Archives/edgar/data/202058/000020205816000022/0000202058-16-000022-index.htm
497,88.88206880818716,COR,Cencora,Health Care,1140859,Q,2020,Q4,2020-09-30,Return on assets,roa,-0.45575487965119377,0.01366316706348308,YoY delta + Trend,2,"Return on assets fell 4,694 bps year over year (1.4% to -45.6%), 10.4x its usual yearly move; 29.7 sigma below its rolling median of 2.8%.",92.22110896019419,63.32514708561572,78.78957808511115,0.0,0.0,0.1206896551724138,False,False,0.017241379310344827,False,0001140859-20-000050,10-K,2020-11-19 00:00:00,https://www.sec.gov/Archives/edgar/data/1140859/000114085920000050/0001140859-20-000050-index.htm
498,88.84189302190161,EFX,Equifax,Industrials,33185,A,2019,FY,2019-12-31,Operating margin,operating_margin,-0.09562093739308929,0.13129744145833944,YoY delta + Trend,2,"Operating margin fell 2,269 bps year over year (13.1% to -9.6%), 5.6x its usual yearly move; 29.0 sigma below its rolling median of 25.4%.",88.84189302190161,48.42295610233467,78.36613707401041,0.0,0.0,0.08823529411764706,False,False,0.04411764705882353,False,0000033185-22-000014,10-K,2022-02-24 00:00:00,https://www.sec.gov/Archives/edgar/data/33185/000003318522000014/0000033185-22-000014-index.htm
499,88.83589636413674,CNC,Centene Corporation,Health Care,1071739,Q,2023,Q1,2023-03-31,Gross margin,gross_margin,0.11951965851526139,0.11848863789162296,Trend,1,Gross margin of 12.0% is 63.7 sigma below its rolling median of 96.1%.,88.83589636413674,0.0,88.83589636413674,0.0,0.0,0.04,False,False,0.08,False,0001071739-24-000097,10-Q,2024-04-26 00:00:00,https://www.sec.gov/Archives/edgar/data/1071739/000107173924000097/0001071739-24-000097-index.htm
500,88.83432954432712,KEYS,Keysight Technologies,Information Technology,1601046,Q,2018,Q1,2018-01-31,Debt / EBITDA,debt_to_ebitda,6.187311178247734,1.812603648424544,YoY delta + Trend,2,"Debt / EBITDA rose 241% year over year (1.81x to 6.19x), 3.3x its usual yearly move; 41.0 sigma above its rolling median of 2.03x.",89.48683773615323,35.608709913922404,83.67300569721017,0.0,0.0,0.10416666666666667,False,False,0.8958333333333334,False,0001601046-18-000008,10-Q,2018-03-08 00:00:00,https://www.sec.gov/Archives/edgar/data/1601046/000160104618000008/0001601046-18-000008-index.htm
501,88.83272312959619,IBKR,Interactive Brokers,Financials,1381197,Q,2014,Q2,2014-06-30,Net margin,net_margin,0.5015576323987538,0.03488051625046214,YoY delta + Trend,2,"Net margin rose 4,667 bps year over year (3.5% to 50.2%), 3.3x its usual yearly move; 50.7 sigma above its rolling median of 3.5%. An input changed XBRL tag versus the comparison period.",91.18714532444876,35.31340306263967,86.37607310818157,0.0,0.0,0.11475409836065574,False,False,0.9836065573770492,True,0001381197-15-000031,10-Q,2015-08-10 00:00:00,https://www.sec.gov/Archives/edgar/data/1381197/000138119715000031/0001381197-15-000031-index.htm
502,88.82575103941251,ARES,Ares Management,Financials,1176948,Q,2015,Q4,2015-12-31,Asset turnover,asset_turnover,0.14058597097091252,0.029959435543320926,YoY delta + Trend,2,Asset turnover rose 369% year over year (0.03x to 0.14x); 14.9 sigma above its rolling median of 0.03x.,88.82575103941251,67.94714127610708,65.13805817807463,0.0,0.0,0.06153846153846154,False,False,0.4,False,0001628280-17-001756,10-K,2017-02-27 00:00:00,https://www.sec.gov/Archives/edgar/data/1176948/000162828017001756/0001628280-17-001756-index.htm
503,88.80717085338492,LHX,L3Harris,Industrials,202058,Q,2024,Q4,2025-01-03,SG&A % of revenue,sga_pct,0.037045720984759674,0.16441947565543072,YoY delta + Trend,2,"SG&A % of revenue fell 1,274 bps year over year (16.4% to 3.7%), 15.6x its usual yearly move; 14.9 sigma below its rolling median of 17.4%.",88.80717085338492,67.97843961367147,65.0459596235235,0.0,0.0,0.029850746268656716,False,False,0.04477611940298507,False,0000202058-26-000015,10-K,2026-02-12 00:00:00,https://www.sec.gov/Archives/edgar/data/202058/000020205826000015/0000202058-26-000015-index.htm
504,88.79861265543387,HSY,Hershey Company (The),Consumer Staples,47111,Q,2014,Q4,2014-12-31,EBITDA margin,ebitda_margin,0.5567233673975523,0.18430642662273233,YoY delta + Trend,2,"EBITDA margin rose 3,724 bps year over year (18.4% to 55.7%), 11.7x its usual yearly move; 16.2 sigma above its rolling median of 21.1%.",88.79861265543387,66.1340790679111,66.92430905089456,0.0,0.0,0.06666666666666667,False,False,1.0,False,0000047111-17-000005,10-K,2017-02-21 00:00:00,https://www.sec.gov/Archives/edgar/data/47111/000004711117000005/0000047111-17-000005-index.htm
505,88.78316851238097,CHRW,C.H. Robinson,Industrials,1043277,Q,2017,Q4,2018-01-01,Debt / EBITDA,debt_to_ebitda,1.6876013712769096,0.5481254110940583,YoY delta + Trend,2,"Debt / EBITDA rose 208% year over year (0.55x to 1.69x), 5.0x its usual yearly move; 31.1 sigma above its rolling median of 0.56x.",88.78316851238097,45.237205872488495,79.51742297607862,0.0,0.0,0.08955223880597014,False,False,0.29850746268656714,False,0001043277-19-000006,10-K,2019-02-25 00:00:00,https://www.sec.gov/Archives/edgar/data/1043277/000104327719000006/0001043277-19-000006-index.htm
506,88.77884040088674,MKC,McCormick & Company,Consumer Staples,63754,A,2016,FY,2016-11-30,Trade working capital % of revenue,nwc_pct,0.17470248214892894,0.01007843958755208,YoY delta + Trend,2,"Trade working capital % of revenue rose 1,646 bps year over year (1.0% to 17.5%), 16.8x its usual yearly move; 20.3 sigma above its rolling median of 2.2%. An input changed XBRL tag versus the comparison period.",89.31782728970391,62.21053875828156,71.7324027406263,0.0,0.0,0.10344827586206896,False,False,0.9310344827586207,True,0000063754-18-000008,10-K,2018-01-25 00:00:00,https://www.sec.gov/Archives/edgar/data/63754/000006375418000008/0000063754-18-000008-index.htm
507,88.76238759344152,PG,Procter & Gamble,Consumer Staples,80424,Q,2019,Q4,2019-06-30,Operating margin,operating_margin,-0.30373230373230375,0.15675937708295462,YoY delta + Trend,2,"Operating margin fell 4,605 bps year over year (15.7% to -30.4%), 13.1x its usual yearly move; 23.3 sigma below its rolling median of 21.4%.",91.98174880149381,68.58582835525873,74.47568795006427,0.0,0.0,0.12,False,False,0.04,False,0000080424-20-000059,10-K/A,2020-08-07 00:00:00,https://www.sec.gov/Archives/edgar/data/80424/000008042420000059/0000080424-20-000059-index.htm
508,88.7621133582686,PM,Philip Morris International,Consumer Staples,1413329,A,2023,FY,2023-12-31,Trade working capital % of revenue,nwc_pct,0.2869164723943822,0.11974860231315623,YoY delta + Trend,2,"Trade working capital % of revenue rose 1,672 bps year over year (12.0% to 28.7%), 10.8x its usual yearly move; 18.6 sigma above its rolling median of 12.6%. An input changed XBRL tag versus the comparison period.",88.7621133582686,62.5703495073725,69.9759776171436,0.0,0.0,0.0625,False,False,0.96875,True,0001413329-25-000013,10-K,2025-02-06 00:00:00,https://www.sec.gov/Archives/edgar/data/1413329/000141332925000013/0001413329-25-000013-index.htm
509,88.75324697424946,GE,GE Aerospace,Industrials,40545,Q,2018,Q3,2018-09-30,Return on equity,roe,-2.1052436924286027,0.07975194798531039,YoY delta + Trend,2,"Return on equity fell 21,850 bps year over year (8.0% to -210.5%), 10.7x its usual yearly move; 24.0 sigma below its rolling median of 7.1%.",91.02897125564047,64.15192178733753,74.97486841235819,0.0,0.0,0.11428571428571428,False,False,0.014285714285714285,False,0000040545-20-000009,10-K,2020-02-24 00:00:00,https://www.sec.gov/Archives/edgar/data/40545/000004054520000009/0000040545-20-000009-index.htm
510,88.74674268299442,HST,Host Hotels & Resorts,Real Estate,1070750,Q,2020,Q2,2020-06-30,EBITDA margin,ebitda_margin,-1.796116504854369,0.3007417397167903,YoY delta + Trend,2,"EBITDA margin fell 20,969 bps year over year (30.1% to -179.6%), 61.2x its usual yearly move; 76.9 sigma below its rolling median of 25.9%.",99.15837171284294,91.07145033671729,90.57374020533115,0.0,0.0,0.16,False,False,0.04,False,0001564590-21-041518,10-Q,2021-08-05 00:00:00,https://www.sec.gov/Archives/edgar/data/1070750/000156459021041518/0001564590-21-041518-index.htm
511,88.73244640453032,MRNA,Moderna,Health Care,1682852,Q,2021,Q1,2021-03-31,Asset turnover,asset_turnover,0.7736009185762068,0.017500860686859562,YoY delta + Trend,2,"Asset turnover rose 4,320% year over year (0.02x to 0.77x); 33.6 sigma above its rolling median of 0.04x.",96.8969081060594,83.85853631902522,80.77564739312906,0.0,0.0,0.14814814814814814,False,False,0.6851851851851852,False,0001682852-22-000025,10-Q,2022-05-04 00:00:00,https://www.sec.gov/Archives/edgar/data/1682852/000168285222000025/0001682852-22-000025-index.htm
512,88.71376195740658,MLM,Martin Marietta Materials,Materials,916076,Q,2024,Q1,2024-03-31,Net margin,net_margin,0.9895833333333334,0.08936484490398819,YoY delta + Trend,2,"Net margin rose 9,002 bps year over year (8.9% to 99.0%), 14.1x its usual yearly move; 13.1 sigma above its rolling median of 16.3%.",88.71376195740658,70.16414178833156,62.17223596343709,0.0,0.0,0.08,False,False,0.96,False,0001193125-26-059193,10-K,2026-02-19 00:00:00,https://www.sec.gov/Archives/edgar/data/916076/000119312526059193/0001193125-26-059193-index.htm
513,88.70506351450554,GILD,Gilead Sciences,Health Care,882095,Q,2014,Q2,2014-06-30,Return on assets,roa,0.4933552230475696,0.137924752590784,YoY delta + Trend,2,"Return on assets rose 3,554 bps year over year (13.8% to 49.3%), 4.3x its usual yearly move; 41.0 sigma above its rolling median of 14.0%.",90.4640874368895,41.57791171330658,83.67755613884405,0.0,0.0,0.1111111111111111,False,False,0.9814814814814815,False,0000882095-16-000039,10-K,2016-02-24 00:00:00,https://www.sec.gov/Archives/edgar/data/882095/000088209516000039/0000882095-16-000039-index.htm
514,88.70173564106442,SNDK,Sandisk,Information Technology,2023554,Q,2026,Q3,2026-04-03,Operating margin,operating_margin,0.6909243697478992,-1.1097345132743364,YoY delta + Trend,2,"Operating margin rose 18,007 bps year over year (-111.0% to 69.1%); 6.2 sigma above its rolling median of 7.6%. Reverses the prior year's flagged move.",94.37104069791688,90.00329333015152,43.69186285058385,0.0,0.0,0.13432835820895522,False,True,0.9850746268656716,False,0001628280-26-029401,10-Q,2026-05-01 00:00:00,https://www.sec.gov/Archives/edgar/data/2023554/000162828026029401/0001628280-26-029401-index.htm
515,88.69887997095697,NRG,NRG Energy,Utilities,1013871,Q,2015,Q4,2015-12-31,Accruals / assets,accruals,-0.6840675174969123,-0.027515986838020735,YoY delta + Trend,2,"Accruals / assets fell 6,566 bps year over year (-2.8% to -68.4%), 10.8x its usual yearly move; 17.3 sigma below its rolling median of -3.3%.",88.69887997095697,64.32246851781986,68.32426583468197,0.0,0.0,0.07407407407407407,False,False,0.037037037037037035,False,0001013871-17-000007,10-K,2017-02-28 00:00:00,https://www.sec.gov/Archives/edgar/data/1013871/000101387117000007/0001013871-17-000007-index.htm
516,88.68926758593385,MMM,3M,Industrials,66740,A,2023,FY,2023-12-31,Accruals / assets,accruals,-0.2818570618848869,0.003977461054027179,YoY delta + Trend,2,"Accruals / assets fell 2,858 bps year over year (0.4% to -28.2%), 14.6x its usual yearly move; 12.6 sigma below its rolling median of -4.4%.",88.68926758593385,70.85528197494533,61.191141378198544,0.0,0.0,0.07407407407407407,False,False,0.012345679012345678,False,0000066740-26-000014,10-K,2026-02-03 00:00:00,https://www.sec.gov/Archives/edgar/data/66740/000006674026000014/0000066740-26-000014-index.htm
517,88.67216188017288,DOC,Healthpeak Properties,Real Estate,765880,Q,2015,Q1,2015-03-31,Return on assets,roa,-0.04544615979864707,0.051907135646057645,YoY delta + Trend + Benford,3,"Return on assets fell 974 bps year over year (5.2% to -4.5%), 5.5x its usual yearly move; 18.3 sigma below its rolling median of 4.6%; the filing's leading digits also depart from Benford's Law.",91.1255418531421,47.69968573302759,69.57314297875841,44.232592788880346,0.0,0.11538461538461539,False,False,0.038461538461538464,False,0001558370-17-000535,10-K,2017-02-13 00:00:00,https://www.sec.gov/Archives/edgar/data/765880/000155837017000535/0001558370-17-000535-index.htm
518,88.66434074984598,SNPS,Synopsys,Information Technology,883241,Q,2025,Q3,2025-07-31,Asset turnover,asset_turnover,0.19333962921216097,0.5386456913325162,YoY delta + Trend,2,"Asset turnover fell 64% year over year (0.54x to 0.19x), 11.1x its usual yearly move; 16.8 sigma below its rolling median of 0.54x.",88.66434074984598,64.82589519767602,67.77271429121042,0.0,0.0,0.1,False,False,0.014285714285714285,False,0000883241-26-000025,10-Q,2026-08-26 00:00:00,https://www.sec.gov/Archives/edgar/data/883241/000088324126000025/0000883241-26-000025-index.htm
519,88.66031047184677,GEV,GE Vernova,Industrials,1996810,Q,2026,Q1,2026-03-31,Return on equity,roe,1.5123505976095617,0.111937420811987,YoY delta + Trend,2,"Return on equity rose 14,004 bps year over year (11.2% to 151.2%); 7.7 sigma above its rolling median of 20.3%.",88.66031047184677,77.78287755527946,48.95968388179865,0.0,0.0,0.013888888888888888,False,False,1.0,False,0001996810-26-000064,10-Q,2026-04-22 00:00:00,https://www.sec.gov/Archives/edgar/data/1996810/000199681026000064/0001996810-26-000064-index.htm
520,88.66002091941611,CL,Colgate-Palmolive,Consumer Staples,21665,Q,2015,Q4,2015-12-31,Net margin,net_margin,-0.11746601692741729,0.14877990997393983,YoY delta + Trend,2,"Net margin fell 2,662 bps year over year (14.9% to -11.7%), 10.7x its usual yearly move; 17.4 sigma below its rolling median of 13.6%.",88.66002091941611,64.0183312552055,68.48401011911253,0.0,0.0,0.0967741935483871,False,False,0.03225806451612903,False,0000021665-17-000002,10-K,2017-02-23 00:00:00,https://www.sec.gov/Archives/edgar/data/21665/000002166517000002/0000021665-17-000002-index.htm
521,88.65985840669167,DD,DuPont,Industrials,1666700,Q,2018,Q4,2018-12-31,SG&A % of revenue,sga_pct,0.2869708631115998,0.07739459782717034,YoY delta + Trend,2,"SG&A % of revenue rose 2,096 bps year over year (7.7% to 28.7%); 17.7 sigma above its rolling median of 6.1%.",88.65985840669167,63.58961107334652,68.85465404900685,0.0,0.0,0.05357142857142857,False,False,0.9107142857142857,False,0001666700-21-000005,10-K,2021-02-12 00:00:00,https://www.sec.gov/Archives/edgar/data/1666700/000166670021000005/0001666700-21-000005-index.htm
522,88.65765562981551,SNDK,Sandisk,Information Technology,2023554,Q,2026,Q4,2026-07-03,Operating margin,operating_margin,0.784941438929169,0.009468700683850605,YoY delta + Trend,2,"Operating margin rose 7,755 bps year over year (0.9% to 78.5%); 6.5 sigma above its rolling median of 9.0%. Reverses the prior year's flagged move.",88.65765562981551,79.4971205079744,44.67926139547382,0.0,0.0,0.06451612903225806,False,True,1.0,False,0001628280-26-057406,10-K,2026-08-17 00:00:00,https://www.sec.gov/Archives/edgar/data/2023554/000162828026057406/0001628280-26-057406-index.htm
523,88.64971488819168,DOC,Healthpeak Properties,Real Estate,765880,Q,2018,Q4,2018-12-31,Return on assets,roa,0.2578192486769989,-0.016776468532225475,YoY delta + Trend + Benford,3,"Return on assets rose 2,746 bps year over year (-1.7% to 25.8%), 5.4x its usual yearly move; 13.2 sigma above its rolling median of 1.7%; the filing's leading digits also depart from Benford's Law.",89.18791784067854,47.539150372790374,62.24684770622112,45.4090317413071,0.0,0.10344827586206896,False,False,1.0,False,0001628280-20-001456,10-K,2020-02-13 00:00:00,https://www.sec.gov/Archives/edgar/data/765880/000162828020001456/0001628280-20-001456-index.htm
524,88.64083303505514,CHRW,C.H. Robinson,Industrials,1043277,Q,2012,Q4,2012-12-31,Return on assets,roa,0.4063673602652565,0.2023662419666662,YoY delta + Trend,2,"Return on assets rose 2,040 bps year over year (20.2% to 40.6%), 31.5x its usual yearly move; 39.9 sigma above its rolling median of 20.7%.",96.20475783592299,77.27282354458103,83.3008637411618,0.0,0.0,0.14492753623188406,False,False,1.0,False,0001043277-14-000004,10-K,2014-03-03 00:00:00,https://www.sec.gov/Archives/edgar/data/1043277/000104327714000004/0001043277-14-000004-index.htm
525,88.64076607580422,CNP,CenterPoint Energy,Utilities,1130310,Q,2011,Q3,2011-09-30,Net margin,net_margin,0.5172780435938331,0.06446540880503145,YoY delta + Trend,2,"Net margin rose 4,528 bps year over year (6.4% to 51.7%), 40.8x its usual yearly move; 37.2 sigma above its rolling median of 5.4%.",96.79679207469015,81.91068841286445,82.29226187033089,0.0,0.0,0.14814814814814814,False,False,1.0,False,0001130310-13-000006,10-K,2013-02-27 00:00:00,https://www.sec.gov/Archives/edgar/data/1130310/000113031013000006/0001130310-13-000006-index.htm
526,88.61919887397754,PPL,PPL Corporation,Utilities,922224,Q,2021,Q3,2021-09-30,Quick ratio,quick_ratio,2.2812633376013656,0.27342888643880925,YoY delta + Trend,2,"Quick ratio rose 734% year over year (0.27x to 2.28x), 3.7x its usual yearly move; 35.6 sigma above its rolling median of 0.31x.",88.61919887397754,37.94414777277442,81.66039024917396,0.0,0.0,0.037037037037037035,False,False,1.0,False,0000922224-21-000052,10-Q,2021-11-04 00:00:00,https://www.sec.gov/Archives/edgar/data/922224/000092222421000052/0000922224-21-000052-index.htm
527,88.59850603496145,ROST,Ross Stores,Consumer Discretionary,745732,Q,2020,Q3,2020-10-31,Cash conversion (CFO / EBITDA),cash_conversion,6.369281019906203,0.5705427410067304,YoY delta + Trend,2,"Cash conversion (CFO / EBITDA) rose 776% year over year (0.57x to 6.37x), 4.6x its usual yearly move; 33.7 sigma above its rolling median of 0.82x. An input changed XBRL tag versus the comparison period.",89.13639809241567,43.35192117317413,80.82264724141037,0.0,0.0,0.10344827586206896,False,False,1.0,True,0000745732-21-000058,10-Q,2021-12-08 00:00:00,https://www.sec.gov/Archives/edgar/data/745732/000074573221000058/0000745732-21-000058-index.htm
528,88.59524148245055,CCI,Crown Castle,Real Estate,1051470,Q,2017,Q3,2017-09-30,Quick ratio,quick_ratio,6.709109127814574,0.48174188905894594,YoY delta + Trend,2,"Quick ratio rose 1,293% year over year (0.48x to 6.71x), 4.2x its usual yearly move; 56.2 sigma above its rolling median of 0.57x.",92.64861854373913,41.005700515380155,87.53882744522221,0.0,0.0,0.125,False,False,1.0,False,0001051470-17-000165,10-Q,2017-11-07 00:00:00,https://www.sec.gov/Archives/edgar/data/1051470/000105147017000165/0001051470-17-000165-index.htm
529,88.56569054755504,PM,Philip Morris International,Consumer Staples,1413329,Q,2023,Q4,2023-12-31,Gross margin,gross_margin,0.61733171216978,0.24666766511906546,YoY delta + Trend,2,"Gross margin rose 3,707 bps year over year (24.7% to 61.7%), 5.0x its usual yearly move; 30.1 sigma above its rolling median of 25.6%. An input changed XBRL tag versus the comparison period.",88.56569054755504,45.477658622672394,79.02821272235428,0.0,0.0,0.06060606060606061,False,False,0.9696969696969697,True,0001628280-26-005939,10-K,2026-02-06 00:00:00,https://www.sec.gov/Archives/edgar/data/1413329/000162828026005939/0001628280-26-005939-index.htm
530,88.56244773112725,AON,Aon plc,Financials,315293,Q,2015,Q4,2015-12-31,Trade working capital % of revenue,nwc_pct,-0.5708088007437249,0.07653834495301606,YoY delta + Trend,2,"Trade working capital % of revenue fell 6,473 bps year over year (7.7% to -57.1%), 26.2x its usual yearly move; 42.5 sigma below its rolling median of 10.7%.",97.0547372395915,81.39314877218261,84.17108448738865,0.0,0.0,0.15,False,False,0.05,False,0001628280-17-001652,10-K,2017-02-23 00:00:00,https://www.sec.gov/Archives/edgar/data/315293/000162828017001652/0001628280-17-001652-index.htm
531,88.55839624928457,VRTX,Vertex Pharmaceuticals,Health Care,875320,Q,2011,Q4,2011-12-31,Asset turnover,asset_turnover,1.048982398252627,0.14503378962585858,YoY delta + Trend,2,Asset turnover rose 623% year over year (0.15x to 1.05x); 10.8 sigma above its rolling median of 0.11x.,88.55839624928457,73.06815278895819,57.51645380631569,0.0,0.0,0.038461538461538464,False,False,0.7692307692307693,False,0000875320-13-000009,10-K,2013-03-01 00:00:00,https://www.sec.gov/Archives/edgar/data/875320/000087532013000009/0000875320-13-000009-index.htm
532,88.55007549997389,AON,Aon plc,Financials,315293,A,2015,FY,2015-12-31,Trade working capital % of revenue,nwc_pct,-0.7772151898734178,0.08385222083852222,YoY delta + Trend,2,"Trade working capital % of revenue fell 8,611 bps year over year (8.4% to -77.7%), 39.2x its usual yearly move; 27.9 sigma below its rolling median of 8.4%.",97.04117863010838,86.72574374781786,77.71007796082566,0.0,0.0,0.15,False,False,0.05,False,0001628280-17-001652,10-K,2017-02-23 00:00:00,https://www.sec.gov/Archives/edgar/data/315293/000162828017001652/0001628280-17-001652-index.htm
533,88.55005162213796,OMC,Omnicom Group,Communication Services,29989,A,2025,FY,2025-12-31,Cash conversion (CFO / EBITDA),cash_conversion,4.072913778763516,0.6889083177681516,YoY delta + Trend,2,"Cash conversion (CFO / EBITDA) rose 491% year over year (0.69x to 4.07x), 6.0x its usual yearly move; 26.9 sigma above its rolling median of 0.75x.",88.55005162213796,50.0664626043656,77.06962299277622,0.0,0.0,0.0625,False,False,1.0,False,0000029989-26-000006,10-K,2026-02-20 00:00:00,https://www.sec.gov/Archives/edgar/data/29989/000002998926000006/0000029989-26-000006-index.htm
534,88.54177929091048,EXPE,Expedia Group,Consumer Discretionary,1324424,A,2009,FY,2009-12-31,Net margin,net_margin,0.10919446995334757,-0.8572529301027949,YoY delta + Benford,2,"Net margin rose 9,664 bps year over year (-85.7% to 10.9%); the filing's leading digits also depart from Benford's Law.",89.81619832114292,82.85392037477439,0.0,40.60565504504898,0.0,0.10810810810810811,False,False,0.7837837837837838,False,0001193125-12-050009,10-K,2012-02-10 00:00:00,https://www.sec.gov/Archives/edgar/data/1324424/000119312512050009/0001193125-12-050009-index.htm
535,88.53641237041391,HWM,Howmet Aerospace,Industrials,4281,A,2014,FY,2014-12-31,Gross margin,gross_margin,-0.5258332004464997,0.16264327891629038,YoY delta + Trend,2,"Gross margin fell 6,885 bps year over year (16.3% to -52.6%), 10.4x its usual yearly move; 36.3 sigma below its rolling median of 17.6%.",93.37824742192092,63.33913046077099,81.93781909347928,0.0,0.0,0.12962962962962962,False,False,0.018518518518518517,False,0001193125-17-062657,10-K,2017-02-28 00:00:00,https://www.sec.gov/Archives/edgar/data/4281/000119312517062657/0001193125-17-062657-index.htm
536,88.47882045298542,AMD,Advanced Micro Devices,Information Technology,2488,Q,2012,Q1,2012-03-31,Gross margin,gross_margin,0.017034700315457414,0.4283942963422195,YoY delta + Trend,2,"Gross margin fell 4,114 bps year over year (42.8% to 1.7%); 29.7 sigma below its rolling median of 44.7%. An input changed XBRL tag versus the comparison period.",95.201373587922,77.41642366162215,78.7516984016241,0.0,0.0,0.14035087719298245,False,False,0.017543859649122806,True,0001193125-14-057240,10-K,2014-02-18 00:00:00,https://www.sec.gov/Archives/edgar/data/2488/000119312514057240/0001193125-14-057240-index.htm
537,88.47717021429139,MPWR,Monolithic Power Systems,Information Technology,1280452,Q,2024,Q4,2024-12-31,Accruals / assets,accruals,1.6095057233569032,-0.09475474976913105,YoY delta + Trend,2,"Accruals / assets rose 17,043 bps year over year (-9.5% to 161.0%), 13.4x its usual yearly move; 13.4 sigma above its rolling median of -6.5%.",88.47717021429139,69.11571624944004,62.69031239715996,0.0,0.0,0.0821917808219178,False,False,1.0,False,0001437749-26-006113,10-K,2026-02-27 00:00:00,https://www.sec.gov/Archives/edgar/data/1280452/000143774926006113/0001437749-26-006113-index.htm
538,88.47192422236985,WM,Waste Management,Industrials,823768,Q,2013,Q4,2013-12-31,Operating margin,operating_margin,-0.11714285714285715,0.14094350611531742,YoY delta + Trend,2,"Operating margin fell 2,581 bps year over year (14.1% to -11.7%), 17.4x its usual yearly move; 18.1 sigma below its rolling median of 14.5%.",91.45586559999687,72.07377597680211,69.40461985513814,0.0,0.0,0.11864406779661017,False,False,0.01694915254237288,False,0000950123-15-002550,10-K,2015-02-17 00:00:00,https://www.sec.gov/Archives/edgar/data/823768/000095012315002550/0000950123-15-002550-index.htm
539,88.46823211616028,ARES,Ares Management,Financials,1176948,Q,2014,Q3,2014-09-30,Net margin,net_margin,0.07976090568105915,2.989446337496412,YoY delta,1,"Net margin fell 29,097 bps year over year (298.9% to 8.0%). An input changed XBRL tag versus the comparison period.",93.56848130187737,93.56848130187737,0.0,0.0,0.0,0.13114754098360656,False,False,0.13114754098360656,True,0001558370-16-003647,10-K,2016-02-29 00:00:00,https://www.sec.gov/Archives/edgar/data/1176948/000155837016003647/0001558370-16-003647-index.htm
540,88.42815145028852,NOW,ServiceNow,Information Technology,1373715,Q,2016,Q1,2016-03-31,Return on assets,roa,-0.7244192285176014,-0.15924648967891245,YoY delta + Trend,2,"Return on assets fell 5,652 bps year over year (-15.9% to -72.4%), 17.0x its usual yearly move; 15.4 sigma below its rolling median of -12.9%.",91.08479119343023,73.92164363642557,65.81376263796173,0.0,0.0,0.11666666666666667,False,False,0.016666666666666666,False,0001373715-17-000050,10-Q,2017-05-05 00:00:00,https://www.sec.gov/Archives/edgar/data/1373715/000137371517000050/0001373715-17-000050-index.htm
541,88.42613826065227,UBER,Uber,Industrials,1543151,Q,2021,Q2,2021-06-30,Return on assets,roa,0.1290722928948185,-0.2434424824275673,YoY delta + Trend,2,"Return on assets rose 3,725 bps year over year (-24.3% to 12.9%); 8.8 sigma above its rolling median of -15.0%.",88.42613826065227,75.63524872498463,52.497517381939936,0.0,0.0,0.0641025641025641,False,False,0.782051282051282,False,0001543151-22-000024,10-Q,2022-08-04 00:00:00,https://www.sec.gov/Archives/edgar/data/1543151/000154315122000024/0001543151-22-000024-index.htm
542,88.41874256008126,TRMB,Trimble Inc.,Information Technology,864749,Q,2014,Q3,2014-10-03,SG&A % of revenue,sga_pct,0.1904924760601915,0.0964021692644411,YoY delta + Trend,2,"SG&A % of revenue rose 941 bps year over year (9.6% to 19.0%), 12.5x its usual yearly move; 18.9 sigma above its rolling median of 9.6%.",88.41874256008126,61.061794704886196,70.25734146670588,0.0,0.0,0.0967741935483871,False,False,0.8225806451612904,False,0000864749-15-000061,10-Q,2015-11-10 00:00:00,https://www.sec.gov/Archives/edgar/data/864749/000086474915000061/0000864749-15-000061-index.htm
543,88.40844422223545,CVS,CVS Health,Health Care,64803,Q,2018,Q1,2018-03-31,Quick ratio,quick_ratio,1.85486643745041,0.5282908238053357,YoY delta + Trend,2,"Quick ratio rose 251% year over year (0.53x to 1.85x), 8.3x its usual yearly move; 20.9 sigma above its rolling median of 0.59x.",88.40844422223545,58.155615542366576,72.29841966130303,0.0,0.0,0.05357142857142857,False,False,0.6607142857142857,False,0001558370-18-003777,10-Q,2018-05-02 00:00:00,https://www.sec.gov/Archives/edgar/data/64803/000155837018003777/0001558370-18-003777-index.htm
544,88.38974387617874,ATO,Atmos Energy,Utilities,731802,Q,2012,Q1,2011-12-31,Days sales outstanding,dso,41.23083361162516,0.04614127087983989,YoY delta,1,"Days sales outstanding rose 89,258% year over year (0 days to 41 days).",88.38974387617874,88.38974387617874,0.0,0.0,0.0,0.08333333333333333,False,False,0.6666666666666666,False,0001193125-12-046309,10-Q,2012-02-08 00:00:00,https://www.sec.gov/Archives/edgar/data/731802/000119312512046309/0001193125-12-046309-index.htm
545,88.3688367534891,ROP,Roper Technologies,Information Technology,882835,Q,2022,Q4,2022-12-31,Return on assets,roa,0.30026859745416323,0.048530837654399056,YoY delta + Trend,2,"Return on assets rose 2,517 bps year over year (4.9% to 30.0%), 4.9x its usual yearly move; 38.8 sigma above its rolling median of 4.8%.",90.57590792767616,44.92024744504962,82.890097294969,0.0,0.0,0.11392405063291139,False,False,0.9493670886075949,False,0000882835-24-000008,10-K,2024-02-22 00:00:00,https://www.sec.gov/Archives/edgar/data/882835/000088283524000008/0000882835-24-000008-index.htm
546,88.36434241952684,HPQ,HP Inc.,Information Technology,47217,Q,2015,Q1,2015-01-31,Asset turnover,asset_turnover,0.5432725526420245,1.068965026269453,YoY delta + Trend,2,"Asset turnover fell 49% year over year (1.07x to 0.54x), 11.2x its usual yearly move; 16.1 sigma below its rolling median of 1.05x.",88.36434241952684,64.98792559739978,66.76672896705307,0.0,0.0,0.07017543859649122,False,False,0.2807017543859649,False,0001047469-16-010678,10-Q,2016-03-03 00:00:00,https://www.sec.gov/Archives/edgar/data/47217/000104746916010678/0001047469-16-010678-index.htm
547,88.35925220254943,FISV,Fiserv,Financials,798354,Q,2019,Q3,2019-09-30,Asset turnover,asset_turnover,0.2566458811946177,0.5387770676333111,YoY delta + Trend,2,"Asset turnover fell 52% year over year (0.54x to 0.26x), 9.8x its usual yearly move; 18.2 sigma below its rolling median of 0.56x. An input changed XBRL tag versus the comparison period.",88.35925220254943,61.946654044693666,69.40939750443331,0.0,0.0,0.07352941176470588,False,False,0.6176470588235294,True,0000798354-21-000004,10-K,2021-02-26 00:00:00,https://www.sec.gov/Archives/edgar/data/798354/000079835421000004/0000798354-21-000004-index.htm
548,88.35530713016992,SYY,Sysco,Consumer Staples,96021,Q,2015,Q2,2014-12-27,Quick ratio,quick_ratio,1.9686809444713929,1.0283355111055383,YoY delta + Trend,2,"Quick ratio rose 91% year over year (1.03x to 1.97x), 6.3x its usual yearly move; 25.5 sigma above its rolling median of 1.00x.",88.35530713016992,51.23061633298458,76.12294436743964,0.0,0.0,0.07692307692307693,False,False,0.9615384615384616,False,0000096021-16-000165,10-Q,2016-02-02 00:00:00,https://www.sec.gov/Archives/edgar/data/96021/000009602116000165/0000096021-16-000165-index.htm
549,88.33933290968952,PRU,Prudential Financial,Financials,1137774,Q,2012,Q4,2012-12-31,Asset turnover,asset_turnover,0.2661157347966918,0.07589405683286014,YoY delta + Trend,2,"Asset turnover rose 251% year over year (0.08x to 0.27x), 6.3x its usual yearly move; 25.4 sigma above its rolling median of 0.08x.",88.33933290968952,51.38267754596372,76.01540664578002,0.0,0.0,0.034482758620689655,False,False,0.5689655172413793,False,0001193125-14-073074,10-K,2014-02-27 00:00:00,https://www.sec.gov/Archives/edgar/data/1137774/000119312514073074/0001193125-14-073074-index.htm
550,88.33029571269945,NCLH,Norwegian Cruise Line Holdings,Consumer Discretionary,1513761,Q,2021,Q3,2021-09-30,Days sales outstanding,dso,590.3576537911301,1098.919914084075,Trend,1,Days sales outstanding of 590 days is 128.0 sigma above its rolling median of 6 days.,94.11723373275392,0.0,94.11723373275392,0.0,0.0,0.13513513513513514,False,False,1.0,False,0001558370-21-015236,10-Q,2021-11-09 00:00:00,https://www.sec.gov/Archives/edgar/data/1513761/000155837021015236/0001558370-21-015236-index.htm
551,88.32186204255918,AVY,Avery Dennison,Materials,8818,Q,2019,Q1,2019-03-30,EBITDA margin,ebitda_margin,-0.1321763117062238,0.11630263454176987,YoY delta + Trend,2,"EBITDA margin fell 2,485 bps year over year (11.6% to -13.2%), 14.6x its usual yearly move; 33.0 sigma below its rolling median of 11.5%. An input changed XBRL tag versus the comparison period.",94.32431868622824,70.94327097621327,80.46689526159165,0.0,0.0,0.13636363636363635,False,False,0.045454545454545456,True,0001104659-20-055617,10-Q,2020-05-01 00:00:00,https://www.sec.gov/Archives/edgar/data/8818/000110465920055617/0001104659-20-055617-index.htm
552,88.31243343794301,EFX,Equifax,Industrials,33185,Q,2019,Q1,2019-03-31,Net margin,net_margin,-0.6538234251270535,0.10500173270185977,YoY delta + Trend,2,"Net margin fell 7,588 bps year over year (10.5% to -65.4%), 16.4x its usual yearly move; 17.5 sigma below its rolling median of 15.7%.",91.59552608996276,73.16828412758305,68.67709113349302,0.0,0.0,0.12048192771084337,False,False,0.03614457831325301,False,0000033185-21-000025,10-K,2021-02-25 00:00:00,https://www.sec.gov/Archives/edgar/data/33185/000003318521000025/0000033185-21-000025-index.htm
553,88.30761200888074,SNDK,Sandisk,Information Technology,2023554,Q,2026,Q4,2026-07-03,Gross margin,gross_margin,0.8457334076965979,0.26196738558653343,YoY delta + Trend,2,"Gross margin rose 5,838 bps year over year (26.2% to 84.6%); 5.7 sigma above its rolling median of 31.0%. Reverses the prior year's flagged move.",90.0587544566489,82.94887842976415,41.69740974280329,0.0,0.0,0.1111111111111111,False,True,0.9259259259259259,False,0001628280-26-057406,10-K,2026-08-17 00:00:00,https://www.sec.gov/Archives/edgar/data/2023554/000162828026057406/0001628280-26-057406-index.htm
554,88.29799280294829,AOS,A. O. Smith,Industrials,91142,Q,2011,Q3,2011-09-30,Net margin,net_margin,0.4424757281553398,0.08479067302596714,YoY delta + Trend,2,"Net margin rose 3,577 bps year over year (8.5% to 44.2%); 16.5 sigma above its rolling median of 8.5%.",88.29799280294829,64.13746465671315,67.36982735593952,0.0,0.0,0.06944444444444445,False,False,1.0,False,0001193125-12-081738,10-K,2012-02-27 00:00:00,https://www.sec.gov/Archives/edgar/data/91142/000119312512081738/0001193125-12-081738-index.htm
555,88.29282628136446,NRG,NRG Energy,Utilities,1013871,Q,2015,Q4,2015-12-31,Net margin,net_margin,-2.096977748256393,0.02838740458015267,YoY delta + Trend,2,"Net margin fell 21,254 bps year over year (2.8% to -209.7%), 19.5x its usual yearly move; 44.6 sigma below its rolling median of 0.5%.",96.41683759744551,76.4310340110244,84.79711666506488,0.0,0.0,0.14814814814814814,False,False,0.037037037037037035,False,0001013871-17-000007,10-K,2017-02-28 00:00:00,https://www.sec.gov/Archives/edgar/data/1013871/000101387117000007/0001013871-17-000007-index.htm
556,88.29271336774411,MMM,3M,Industrials,66740,Q,2018,Q1,2018-03-31,SG&A % of revenue,sga_pct,0.3108238705001208,0.2100195185426155,YoY delta + Trend,2,"SG&A % of revenue rose 1,008 bps year over year (21.0% to 31.1%), 11.6x its usual yearly move; 17.5 sigma above its rolling median of 20.5%.",88.29271336774411,62.68757700298074,68.62362266532212,0.0,0.0,0.028985507246376812,False,False,0.927536231884058,False,0001558370-19-003408,10-Q,2019-04-26 00:00:00,https://www.sec.gov/Archives/edgar/data/66740/000155837019003408/0001558370-19-003408-index.htm
557,88.2916477053399,FE,FirstEnergy,Utilities,1031296,Q,2016,Q4,2016-12-31,Return on assets,roa,-0.48752483992051227,-0.01738060447589018,YoY delta + Trend,2,"Return on assets fell 4,701 bps year over year (-1.7% to -48.8%), 20.1x its usual yearly move; 32.3 sigma below its rolling median of 1.5%.",95.4504299517188,77.05463548179821,80.17216050469722,0.0,0.0,0.14285714285714285,False,False,0.03571428571428571,False,0001031296-18-000015,10-K,2018-02-20 00:00:00,https://www.sec.gov/Archives/edgar/data/1031296/000103129618000015/0001031296-18-000015-index.htm
558,88.28635237575325,MDT,Medtronic,Health Care,1613103,Q,2016,Q3,2016-01-29,Current ratio,current_ratio,3.3864390124063384,0.0012432432432432433,YoY delta,1,"Current ratio rose 272,287% year over year (0.00x to 3.39x).",88.28635237575325,88.28635237575325,0.0,0.0,0.0,0.08333333333333333,False,False,0.7708333333333334,False,0001613103-16-000071,10-Q,2016-03-09 00:00:00,https://www.sec.gov/Archives/edgar/data/1613103/000161310316000071/0001613103-16-000071-index.htm
559,88.28445185219172,TSLA,"Tesla, Inc.",Consumer Discretionary,1318605,Q,2012,Q3,2012-09-30,Gross margin,gross_margin,-0.17485629889829155,0.2986855339368085,YoY delta + Trend,2,"Gross margin fell 4,735 bps year over year (29.9% to -17.5%); 5.8 sigma below its rolling median of 29.8%.",88.28445185219172,79.78238544252048,42.052767330683444,0.0,0.0,0.1,False,False,0.03333333333333333,False,0001193125-14-069681,10-K,2014-02-26 00:00:00,https://www.sec.gov/Archives/edgar/data/1318605/000119312514069681/0001193125-14-069681-index.htm
560,88.28339438530774,ILMN,"Illumina, Inc.",Health Care,1110803,Q,2021,Q3,2021-10-03,SG&A % of revenue,sga_pct,0.7933212996389891,0.24181360201511334,YoY delta + Trend,2,"SG&A % of revenue rose 5,515 bps year over year (24.2% to 79.3%), 17.8x its usual yearly move; 15.1 sigma above its rolling median of 25.0%.",91.26097711315211,74.80650517594012,65.31238342327126,0.0,0.0,0.11864406779661017,False,False,1.0,False,0001110803-22-000047,10-Q,2022-11-04 00:00:00,https://www.sec.gov/Archives/edgar/data/1110803/000111080322000047/0001110803-22-000047-index.htm
561,88.28196920191982,DAL,Delta Air Lines,Industrials,27904,Q,2020,Q3,2020-09-30,Operating margin,operating_margin,-2.085564990202482,0.16488853503184714,YoY delta + Trend,2,"Operating margin fell 22,505 bps year over year (16.5% to -208.6%), 4.2x its usual yearly move; 50.9 sigma below its rolling median of 11.8%.",91.99724245490643,41.03176887170151,86.42869661855416,0.0,0.0,0.12307692307692308,False,False,0.015384615384615385,False,0000027904-21-000012,10-Q,2021-10-13 00:00:00,https://www.sec.gov/Archives/edgar/data/27904/000002790421000012/0000027904-21-000012-index.htm
562,88.26618035680855,CTAS,Cintas,Industrials,723254,Q,2016,Q2,2015-11-30,Net margin,net_margin,0.2897270722285981,0.10718733392737446,YoY delta + Trend,2,"Net margin rose 1,825 bps year over year (10.7% to 29.0%), 13.4x its usual yearly move; 16.1 sigma above its rolling median of 8.1%.",88.26618035680855,64.60674855818435,66.84729668738927,0.0,0.0,0.09859154929577464,False,False,1.0,False,0000723254-17-000002,10-Q,2017-01-06 00:00:00,https://www.sec.gov/Archives/edgar/data/723254/000072325417000002/0000723254-17-000002-index.htm
563,88.26293482330101,STZ,Constellation Brands,Consumer Staples,16918,Q,2013,Q2,2013-08-31,Return on equity,roe,1.6217800154505981,0.2026881392464263,YoY delta + Trend,2,"Return on equity rose 14,191 bps year over year (20.3% to 162.2%), 6.9x its usual yearly move; 23.8 sigma above its rolling median of 15.6%.",88.26293482330101,53.41124235760386,74.80708700843707,0.0,0.0,0.08,False,False,1.0,False,0000016918-15-000016,10-K,2015-04-28 00:00:00,https://www.sec.gov/Archives/edgar/data/16918/000001691815000016/0000016918-15-000016-index.htm
564,88.2609417730188,KEYS,Keysight Technologies,Information Technology,1601046,Q,2019,Q3,2019-07-31,Debt / EBITDA,debt_to_ebitda,57.806451612903224,3.7369519832985385,YoY delta + Trend,2,"Debt / EBITDA rose 569% year over year (3.74x to 57.81x), 4.2x its usual yearly move; 32.0 sigma above its rolling median of 4.18x. An input changed XBRL tag versus the comparison period.",88.2609417730188,41.31160734482681,79.9976491161469,0.0,0.0,0.06521739130434782,False,False,1.0,True,0001601046-19-000038,10-Q,2019-08-30 00:00:00,https://www.sec.gov/Archives/edgar/data/1601046/000160104619000038/0001601046-19-000038-index.htm
565,88.24953073167354,QCOM,Qualcomm,Information Technology,804328,Q,2018,Q2,2018-03-25,Debt / EBITDA,debt_to_ebitda,6.927930919960146,1.5861793807851898,YoY delta + Trend,2,Debt / EBITDA rose 337% year over year (1.59x to 6.93x); 29.7 sigma above its rolling median of 1.46x. An input changed XBRL tag versus the comparison period.,88.89774344428815,47.61590765974216,78.80605340339244,0.0,0.0,0.10416666666666667,False,False,0.9166666666666666,True,0001728949-18-000039,10-Q,2018-04-25 00:00:00,https://www.sec.gov/Archives/edgar/data/804328/000172894918000039/0001728949-18-000039-index.htm
566,88.23324761356007,WM,Waste Management,Industrials,823768,A,2019,FY,2019-12-31,Current ratio,current_ratio,1.9748727735368956,0.851029601029601,YoY delta + Trend,2,"Current ratio rose 132% year over year (0.85x to 1.97x), 5.5x its usual yearly move; 27.6 sigma above its rolling median of 0.84x.",88.23324761356007,47.69736067837313,77.50256480541614,0.0,0.0,0.04054054054054054,False,False,0.7702702702702703,False,0001558370-21-001348,10-K,2021-02-22 00:00:00,https://www.sec.gov/Archives/edgar/data/823768/000155837021001348/0001558370-21-001348-index.htm
567,88.22907573348162,DAL,Delta Air Lines,Industrials,27904,Q,2013,Q4,2013-12-31,Net margin,net_margin,0.9342221242838255,0.0008137642408742153,YoY delta + Trend,2,"Net margin rose 9,334 bps year over year (0.1% to 93.4%), 19.7x its usual yearly move; 18.2 sigma above its rolling median of 1.8%.",92.8727112984017,76.65034137807925,69.47583338581589,0.0,0.0,0.12857142857142856,False,False,1.0,False,0000027904-15-000003,10-K,2015-02-11 00:00:00,https://www.sec.gov/Archives/edgar/data/27904/000002790415000003/0000027904-15-000003-index.htm
568,88.22345997131374,HST,Host Hotels & Resorts,Real Estate,1070750,Q,2020,Q2,2020-06-30,Asset turnover,asset_turnover,0.032142299890778596,0.4726316628157119,YoY delta + Trend,2,"Asset turnover fell 93% year over year (0.47x to 0.03x), 32.5x its usual yearly move; 11.7 sigma below its rolling median of 0.45x.",93.6886300580323,84.42465078056685,59.478469130611344,0.0,0.0,0.13333333333333333,False,False,0.03333333333333333,False,0001564590-21-041518,10-Q,2021-08-05 00:00:00,https://www.sec.gov/Archives/edgar/data/1070750/000156459021041518/0001564590-21-041518-index.htm
569,88.21079838568453,DHR,Danaher Corporation,Health Care,313616,Q,2019,Q4,2019-12-31,Current ratio,current_ratio,5.189781021897811,1.4652070639264692,YoY delta + Trend,2,"Current ratio rose 254% year over year (1.47x to 5.19x), 4.7x its usual yearly move; 30.1 sigma above its rolling median of 1.49x.",88.21079838568453,43.86279784416584,78.9993067670362,0.0,0.0,0.08620689655172414,False,False,0.9310344827586207,False,0000313616-21-000045,10-K,2021-02-25 00:00:00,https://www.sec.gov/Archives/edgar/data/313616/000031361621000045/0000313616-21-000045-index.htm
570,88.19150468190693,OMC,Omnicom Group,Communication Services,29989,Q,2026,Q1,2026-03-31,Debt / EBITDA,debt_to_ebitda,9.820021507478737,2.4646902868161003,YoY delta + Trend,2,"Debt / EBITDA rose 298% year over year (2.46x to 9.82x), 5.0x its usual yearly move; 60.8 sigma above its rolling median of 2.43x.",93.6546952374233,45.46432170719793,88.36485588662022,0.0,0.0,0.13333333333333333,False,False,0.9333333333333333,False,0000029989-26-000011,10-Q,2026-04-29 00:00:00,https://www.sec.gov/Archives/edgar/data/29989/000002998926000011/0000029989-26-000011-index.htm
571,88.18463731499271,ECL,Ecolab,Materials,31462,Q,2020,Q2,2020-06-30,Accruals / assets,accruals,-0.47829399831774777,-0.03203433344828908,YoY delta + Trend,2,"Accruals / assets fell 4,463 bps year over year (-3.2% to -47.8%), 9.2x its usual yearly move; 18.7 sigma below its rolling median of -3.5%.",88.18463731499271,60.55566668725248,70.04547499554562,0.0,0.0,0.045454545454545456,False,False,0.045454545454545456,False,0001558370-21-010420,10-Q,2021-08-05 00:00:00,https://www.sec.gov/Archives/edgar/data/31462/000155837021010420/0001558370-21-010420-index.htm
572,88.14378265240335,CMI,Cummins,Industrials,26172,Q,2023,Q4,2023-12-31,Return on equity,roe,-0.5712528193561616,0.2968596946125036,YoY delta + Trend,2,"Return on equity fell 8,681 bps year over year (29.7% to -57.1%), 6.6x its usual yearly move; 24.2 sigma below its rolling median of 28.3%.",88.14378265240335,52.269905716674366,75.15987025456475,0.0,0.0,0.07792207792207792,False,False,0.012987012987012988,False,0000026172-26-000009,10-K,2026-02-10 00:00:00,https://www.sec.gov/Archives/edgar/data/26172/000002617226000009/0000026172-26-000009-index.htm
573,88.13400816801867,SJM,J.M. Smucker Company (The),Consumer Staples,91419,Q,2023,Q4,2023-04-30,Return on assets,roa,-0.15497486205573238,0.05049123398727101,YoY delta + Trend,2,"Return on assets fell 2,055 bps year over year (5.0% to -15.5%), 4.7x its usual yearly move; 29.9 sigma below its rolling median of 5.1%.",88.13400816801867,43.785954734633926,78.89141089924004,0.0,0.0,0.1,False,False,0.03333333333333333,False,0000091419-25-000056,10-K,2025-06-18 00:00:00,https://www.sec.gov/Archives/edgar/data/91419/000009141925000056/0000091419-25-000056-index.htm
574,88.1240698304859,ZBH,Zimmer Biomet,Health Care,1136869,Q,2015,Q1,2015-03-31,Current ratio,current_ratio,13.360044767767208,4.4048111461848265,YoY delta + Trend,2,"Current ratio rose 203% year over year (4.40x to 13.36x), 7.7x its usual yearly move; 21.6 sigma above its rolling median of 4.42x.",88.1240698304859,56.117918470692175,72.93672096757206,0.0,0.0,0.0784313725490196,False,False,1.0,False,0001193125-15-372121,10-Q,2015-11-09 00:00:00,https://www.sec.gov/Archives/edgar/data/1136869/000119312515372121/0001193125-15-372121-index.htm
575,88.11363248283433,LHX,L3Harris,Industrials,202058,A,2015,FY,2015-07-03,Trade working capital % of revenue,nwc_pct,0.41235521235521233,0.1717877094972067,YoY delta + Trend,2,"Trade working capital % of revenue rose 2,406 bps year over year (17.2% to 41.2%), 10.9x its usual yearly move; 15.8 sigma above its rolling median of 20.1%.",88.11363248283433,64.58652376227926,66.43546813259505,0.0,0.0,0.031746031746031744,False,False,1.0,False,0000202058-16-000022,10-K,2016-08-29 00:00:00,https://www.sec.gov/Archives/edgar/data/202058/000020205816000022/0000202058-16-000022-index.htm
576,88.10883952399605,KKR,KKR & Co.,Financials,1404912,Q,2018,Q2,2018-07-01,Asset turnover,asset_turnover,0.08084048999302842,0.0961660975383673,Trend,1,Asset turnover of 0.08x is 59.3 sigma above its rolling median of 0.00x.,88.10883952399605,0.0,88.10883952399605,0.0,0.0,0.057971014492753624,False,False,0.3333333333333333,False,0001404912-20-000006,10-K,2020-02-18 00:00:00,https://www.sec.gov/Archives/edgar/data/1404912/000140491220000006/0001404912-20-000006-index.htm
577,88.10877409671802,ECHO,EchoStar,Communication Services,1415404,Q,2026,Q2,2026-06-30,Return on equity,roe,3.4214889332111214,-0.06162131095498444,YoY delta + Trend,2,"Return on equity rose 34,831 bps year over year (-6.2% to 342.1%), 6.2x its usual yearly move; 35.3 sigma above its rolling median of -5.2%.",90.91648920450419,50.79201975221045,81.54057380580288,0.0,0.0,0.11764705882352941,False,False,1.0,False,0001104659-26-089370,10-Q,2026-08-03 00:00:00,https://www.sec.gov/Archives/edgar/data/1415404/000110465926089370/0001104659-26-089370-index.htm
578,88.09835727524649,COO,Cooper Companies (The),Health Care,711404,A,2021,FY,2021-10-31,Accruals / assets,accruals,0.2699633497922747,-0.038149400553335384,YoY delta + Trend,2,"Accruals / assets rose 3,081 bps year over year (-3.8% to 27.0%), 11.0x its usual yearly move; 41.9 sigma above its rolling median of -4.5%.",94.36204472694914,64.79972530232497,83.98320660428469,0.0,0.0,0.13793103448275862,False,False,1.0,False,0000711404-23-000072,10-K,2023-12-08 00:00:00,https://www.sec.gov/Archives/edgar/data/711404/000071140423000072/0000711404-23-000072-index.htm
579,88.07933005562867,ROP,Roper Technologies,Information Technology,882835,Q,2022,Q4,2022-12-31,Net margin,net_margin,1.3476832762596966,0.2290307178099634,YoY delta + Trend,2,"Net margin rose 11,187 bps year over year (22.9% to 134.8%), 5.5x its usual yearly move; 27.0 sigma above its rolling median of 23.2%.",88.07933005562867,47.84076221224991,77.14562089101123,0.0,0.0,0.06329113924050633,False,False,1.0,False,0000882835-24-000008,10-K,2024-02-22 00:00:00,https://www.sec.gov/Archives/edgar/data/882835/000088283524000008/0000882835-24-000008-index.htm
580,88.06236981453927,KKR,KKR & Co.,Financials,1404912,Q,2015,Q4,2015-12-31,Net margin,net_margin,1.4619742567077592,-0.013400142505803663,YoY delta,1,"Net margin rose 14,754 bps year over year (-1.3% to 146.2%).",88.06236981453927,88.06236981453927,0.0,0.0,0.0,0.09523809523809523,False,False,1.0,False,0001404912-17-000005,10-K,2017-02-24 00:00:00,https://www.sec.gov/Archives/edgar/data/1404912/000140491217000005/0001404912-17-000005-index.htm
581,88.05692701462516,FISV,Fiserv,Financials,798354,Q,2018,Q1,2018-03-31,Operating margin,operating_margin,0.4222222222222222,0.2618364418938307,YoY delta + Trend,2,"Operating margin rose 1,604 bps year over year (26.2% to 42.2%), 9.4x its usual yearly move; 18.2 sigma above its rolling median of 26.2%.",88.05692701462516,60.92966906802941,69.4318612090331,0.0,0.0,0.06060606060606061,False,False,0.7272727272727273,False,0000798354-20-000006,10-K,2020-02-27 00:00:00,https://www.sec.gov/Archives/edgar/data/798354/000079835420000006/0000798354-20-000006-index.htm
582,88.04038927282835,DD,DuPont,Industrials,1666700,Q,2021,Q1,2021-03-31,Net margin,net_margin,1.7878687437852172,-0.11798506033326948,YoY delta + Trend,2,"Net margin rose 19,059 bps year over year (-11.8% to 178.8%), 14.4x its usual yearly move; 28.2 sigma above its rolling median of 4.7%. An input changed XBRL tag versus the comparison period.",93.49421869680887,70.58962860713348,77.87929565293045,0.0,0.0,0.13333333333333333,False,False,1.0,True,0001666700-22-000017,10-Q,2022-05-06 00:00:00,https://www.sec.gov/Archives/edgar/data/1666700/000166670022000017/0001666700-22-000017-index.htm
583,88.0263711113615,LH,Labcorp,Health Care,920148,Q,2016,Q1,2016-03-31,SG&A % of revenue,sga_pct,0.042969155137007616,0.24665402632165961,YoY delta + Trend,2,"SG&A % of revenue fell 2,037 bps year over year (24.7% to 4.3%), 11.3x its usual yearly move; 19.1 sigma below its rolling median of 19.6%. Reverses the prior year's flagged move.",89.77193654416469,65.40085760615182,70.43839023693867,0.0,0.0,0.1111111111111111,False,True,0.06666666666666667,False,0000920148-17-000044,10-Q,2017-04-28 00:00:00,https://www.sec.gov/Archives/edgar/data/920148/000092014817000044/0000920148-17-000044-index.htm
584,88.02057427217792,VMRK,Vivmark Residential,Real Estate,906107,A,2014,FY,2014-12-31,Interest coverage,interest_coverage,2.01469855287894,0.87299737242994,YoY delta + Trend,2,"Interest coverage rose 131% year over year (0.87x to 2.01x), 5.8x its usual yearly move; 25.9 sigma above its rolling median of 0.88x.",88.02057427217792,49.24324585351238,76.39836130330833,0.0,0.0,0.08695652173913043,False,False,0.4782608695652174,False,0000906107-17-000007,10-K,2017-02-23 00:00:00,https://www.sec.gov/Archives/edgar/data/906107/000090610717000007/0000906107-17-000007-index.htm
585,88.01224413749237,BKNG,Booking Holdings,Consumer Discretionary,1075531,A,2017,FY,2017-12-31,Days payables outstanding,dpo,1266.9421487603306,368.6130602409639,YoY delta + Trend,2,"Days payables outstanding rose 244% year over year (369 days to 1267 days), 9.6x its usual yearly move; 17.6 sigma above its rolling median of 71 days.",88.01224413749237,61.6485306275198,68.7423818209436,0.0,0.0,0.06060606060606061,False,False,1.0,False,0001075531-19-000009,10-K,2019-02-27 00:00:00,https://www.sec.gov/Archives/edgar/data/1075531/000107553119000009/0001075531-19-000009-index.htm
586,87.99152363608748,UBER,Uber,Industrials,1543151,Q,2019,Q2,2019-06-30,Operating margin,operating_margin,-1.7324699936828807,-0.26697976878612717,YoY delta,1,"Operating margin fell 14,655 bps year over year (-26.7% to -173.2%).",87.99152363608748,87.99152363608748,0.0,0.0,0.0,0.09230769230769231,False,False,0.015384615384615385,False,0001543151-20-000029,10-Q,2020-08-07 00:00:00,https://www.sec.gov/Archives/edgar/data/1543151/000154315120000029/0001543151-20-000029-index.htm
587,87.97718155324527,ABT,Abbott Laboratories,Health Care,1800,Q,2024,Q4,2024-12-31,Return on equity,roe,0.8441801966613309,0.16760422690710267,YoY delta + Trend,2,"Return on equity rose 6,766 bps year over year (16.8% to 84.4%), 6.0x its usual yearly move; 25.4 sigma above its rolling median of 15.6%.",87.97718155324527,49.85040428676856,76.02609098684593,0.0,0.0,0.07692307692307693,False,False,0.9807692307692307,False,0001628280-26-010185,10-K,2026-02-20 00:00:00,https://www.sec.gov/Archives/edgar/data/1800/000162828026010185/0001628280-26-010185-index.htm
588,87.9704484652774,BA,Boeing,Industrials,12927,Q,2019,Q2,2019-06-30,Gross margin,gross_margin,-0.13072185892959176,0.19465743259955479,YoY delta + Trend,2,"Gross margin fell 3,254 bps year over year (19.5% to -13.1%), 11.2x its usual yearly move; 15.2 sigma below its rolling median of 18.2%.",87.9704484652774,65.17997736936984,65.45220069977627,0.0,0.0,0.08196721311475409,False,False,0.01639344262295082,False,0000012927-20-000065,10-Q,2020-07-29 00:00:00,https://www.sec.gov/Archives/edgar/data/12927/000001292720000065/0000012927-20-000065-index.htm
589,87.9615720773647,PEG,Public Service Enterprise Group,Utilities,788784,Q,2021,Q3,2021-09-30,Operating margin,operating_margin,-0.7992026096411743,0.26211180124223604,YoY delta + Trend,2,"Operating margin fell 10,613 bps year over year (26.2% to -79.9%), 9.4x its usual yearly move; 17.8 sigma below its rolling median of 20.8%.",87.9615720773647,61.12618648944774,69.03203767397947,0.0,0.0,0.06896551724137931,False,False,0.034482758620689655,False,0001628280-22-027422,10-Q,2022-10-31 00:00:00,https://www.sec.gov/Archives/edgar/data/788784/000162828022027422/0001628280-22-027422-index.htm
590,87.960031415705,COIN,Coinbase,Financials,1679788,Q,2022,Q1,2022-03-31,Net margin,net_margin,-0.3683519713040407,0.42832594530490053,YoY delta + Trend,2,"Net margin fell 7,967 bps year over year (42.8% to -36.8%); 5.3 sigma below its rolling median of 30.6%. Reverses the prior year's flagged move.",87.960031415705,79.93333687170752,40.000145976838844,0.0,0.0,0.07246376811594203,False,True,0.043478260869565216,False,0001679788-23-000073,10-Q,2023-05-04 00:00:00,https://www.sec.gov/Archives/edgar/data/1679788/000167978823000073/0001679788-23-000073-index.htm
591,87.95562565505973,GEN,Gen Digital,Information Technology,849399,Q,2016,Q4,2016-04-01,Return on assets,roa,0.6902079905497195,0.05346497057148282,YoY delta + Trend,2,"Return on assets rose 6,367 bps year over year (5.3% to 69.0%), 11.6x its usual yearly move; 40.0 sigma above its rolling median of 6.0%.",94.30293884666197,65.8466237679636,83.31918603117752,0.0,0.0,0.13846153846153847,False,False,0.9846153846153847,False,0001193125-18-309091,10-K,2018-10-26 00:00:00,https://www.sec.gov/Archives/edgar/data/849399/000119312518309091/0001193125-18-309091-index.htm
592,87.94643848815394,MAS,Masco,Industrials,62996,A,2014,FY,2014-12-31,Days sales outstanding,dso,42.720525264059376,54.20204111817778,Trend,1,Days sales outstanding of 43 days is 58.4 sigma above its rolling median of 4 days.,87.94643848815394,0.0,87.94643848815394,0.0,0.0,0.09836065573770492,False,False,0.32786885245901637,False,0001047469-16-010135,10-K,2016-02-12 00:00:00,https://www.sec.gov/Archives/edgar/data/62996/000104746916010135/0001047469-16-010135-index.htm
593,87.94517322844227,CAH,Cardinal Health,Health Care,721371,Q,2020,Q1,2019-09-30,Net margin,net_margin,-0.13181221713398142,0.016840371453724478,YoY delta + Trend,2,"Net margin fell 1,487 bps year over year (1.7% to -13.2%), 11.2x its usual yearly move; 18.7 sigma below its rolling median of 0.8%.",87.94517322844227,59.78324594649151,70.02536118275793,0.0,0.0,0.08928571428571429,False,False,0.03571428571428571,False,0000721371-20-000131,10-Q,2020-11-05 00:00:00,https://www.sec.gov/Archives/edgar/data/721371/000072137120000131/0000721371-20-000131-index.htm
594,87.94268264248869,AEE,Ameren,Utilities,1002910,A,2012,FY,2012-12-31,Net margin,net_margin,-0.16848296142535893,0.08441769681197138,YoY delta + Trend,2,"Net margin fell 2,529 bps year over year (8.4% to -16.8%), 4.6x its usual yearly move; 33.4 sigma below its rolling median of 8.2%.",89.05588115695056,43.41756073952866,80.65809995806416,0.0,0.0,0.10714285714285714,False,False,0.03571428571428571,False,0001002910-15-000075,10-K,2015-03-02 00:00:00,https://www.sec.gov/Archives/edgar/data/1002910/000100291015000075/0001002910-15-000075-index.htm
595,87.93117713513344,HOOD,Robinhood Markets,Financials,1783879,Q,2022,Q1,2022-03-31,Net margin,net_margin,-1.3110367892976589,-2.768199233716475,YoY delta,1,"Net margin rose 14,572 bps year over year (-276.8% to -131.1%).",87.93117713513344,87.93117713513344,0.0,0.0,0.0,0.07246376811594203,False,False,0.014492753623188406,False,0001783879-23-000117,10-Q,2023-05-10 00:00:00,https://www.sec.gov/Archives/edgar/data/1783879/000178387923000117/0001783879-23-000117-index.htm
596,87.92726266114987,CMI,Cummins,Industrials,26172,Q,2023,Q4,2023-12-31,EBITDA margin,ebitda_margin,-0.11096804401264193,0.1341055341055341,YoY delta + Trend,2,"EBITDA margin fell 2,451 bps year over year (13.4% to -11.1%), 7.9x its usual yearly move; 20.6 sigma below its rolling median of 14.1%.",87.92726266114987,56.89456299972111,71.99254159336785,0.0,0.0,0.0945945945945946,False,False,0.013513513513513514,False,0000026172-26-000009,10-K,2026-02-10 00:00:00,https://www.sec.gov/Archives/edgar/data/26172/000002617226000009/0000026172-26-000009-index.htm
597,87.9225941859211,IP,International Paper,Materials,51434,Q,2021,Q4,2021-12-31,Days payables outstanding,dpo,110.7064711359404,50.74986335064225,YoY delta + Trend,2,"Days payables outstanding rose 118% year over year (51 days to 111 days), 5.7x its usual yearly move; 25.9 sigma above its rolling median of 58 days. An input changed XBRL tag versus the comparison period.",87.9225941859211,48.84520087024958,76.3904735830446,0.0,0.0,0.08695652173913043,False,False,0.9130434782608695,True,0000051434-23-000013,10-K,2023-02-17 00:00:00,https://www.sec.gov/Archives/edgar/data/51434/000005143423000013/0000051434-23-000013-index.htm
598,87.91385970171892,APD,Air Products,Materials,2969,Q,2017,Q2,2017-03-31,Accruals / assets,accruals,0.4358794715573332,-0.23182110351588298,YoY delta + Trend,2,"Accruals / assets rose 6,677 bps year over year (-23.2% to 43.6%), 14.9x its usual yearly move; 11.0 sigma above its rolling median of -7.5%. Reverses the prior year's flagged move.",87.91385970171892,71.22434737647687,57.99872740887531,0.0,0.0,0.058823529411764705,False,True,1.0,False,0000002969-18-000044,10-K,2018-11-20 00:00:00,https://www.sec.gov/Archives/edgar/data/2969/000000296918000044/0000002969-18-000044-index.htm
599,87.88623255980569,TPR,"Tapestry, Inc.",Consumer Discretionary,1116132,Q,2024,Q2,2023-12-30,Current ratio,current_ratio,6.246546007184305,1.8665770207679666,YoY delta + Trend,2,"Current ratio rose 235% year over year (1.87x to 6.25x), 3.9x its usual yearly move; 32.1 sigma above its rolling median of 1.87x.",87.88623255980569,39.233659846102256,80.06500406390315,0.0,0.0,0.022727272727272728,False,False,1.0,False,0001116132-24-000007,10-Q,2024-02-08 00:00:00,https://www.sec.gov/Archives/edgar/data/1116132/000111613224000007/0001116132-24-000007-index.htm
600,87.88283832195117,SBAC,SBA Communications,Real Estate,1034054,Q,2020,Q4,2020-12-31,Days payables outstanding,dpo,78.40138173777844,23.96499612396708,YoY delta + Trend,2,"Days payables outstanding rose 227% year over year (24 days to 78 days), 5.1x its usual yearly move; 27.6 sigma above its rolling median of 25 days.",87.88283832195117,46.02579605562979,77.55008727773426,0.0,0.0,,False,False,,False,0001034054-22-000002,10-K,2022-03-01 00:00:00,https://www.sec.gov/Archives/edgar/data/1034054/000103405422000002/0001034054-22-000002-index.htm
601,87.85554601412585,COHR,Coherent Corp.,Information Technology,820318,Q,2020,Q1,2019-09-30,Debt / EBITDA,debt_to_ebitda,12.503660152716717,2.3712140274669244,Trend,1,Debt / EBITDA of 12.50x is 57.9 sigma above its rolling median of 2.03x.,87.85554601412585,0.0,87.85554601412585,0.0,0.0,0.06521739130434782,False,False,0.9565217391304348,False,0001564590-19-042658,10-Q,2019-11-12 00:00:00,https://www.sec.gov/Archives/edgar/data/820318/000156459019042658/0001564590-19-042658-index.htm
602,87.85140050759642,IQV,IQVIA,Health Care,1478242,Q,2016,Q4,2016-12-31,Net margin,net_margin,-0.07613120057620198,0.06900041400248401,YoY delta + Trend,2,"Net margin fell 1,451 bps year over year (6.9% to -7.6%), 10.7x its usual yearly move; 18.9 sigma below its rolling median of 6.5%.",87.85140050759642,59.20558832369599,70.21994191557306,0.0,0.0,0.07017543859649122,False,False,0.03508771929824561,False,0001564590-18-002340,10-K,2018-02-16 00:00:00,https://www.sec.gov/Archives/edgar/data/1478242/000156459018002340/0001564590-18-002340-index.htm
603,87.84922463242967,PCG,PG&E Corporation,Utilities,1004980,Q,2018,Q4,2018-12-31,Operating margin,operating_margin,-2.3312133072407044,0.10463414634146341,YoY delta + Trend,2,"Operating margin fell 24,358 bps year over year (10.5% to -233.1%), 22.5x its usual yearly move; 33.4 sigma below its rolling median of 14.0%.",95.93241921438225,78.97368327337657,80.65481064276273,0.0,0.0,0.14814814814814814,False,False,0.037037037037037035,False,0001004980-21-000007,10-K,2021-02-25 00:00:00,https://www.sec.gov/Archives/edgar/data/1004980/000100498021000007/0001004980-21-000007-index.htm
604,87.84665290044595,KDP,Keurig Dr Pepper,Consumer Staples,1418135,Q,2017,Q3,2017-09-30,Days payables outstanding,dpo,185.08132956152758,41.55014641288433,YoY delta + Trend,2,"Days payables outstanding rose 345% year over year (42 days to 185 days), 7.1x its usual yearly move; 41.2 sigma above its rolling median of 44 days.",92.5487252307162,54.142158117087405,83.75136189725431,0.0,0.0,0.12903225806451613,False,False,0.967741935483871,False,0001418135-18-000016,10-Q,2018-08-07 00:00:00,https://www.sec.gov/Archives/edgar/data/1418135/000141813518000016/0001418135-18-000016-index.htm
605,87.84440482159278,CRL,Charles River Laboratories,Health Care,1100682,Q,2013,Q1,2013-03-30,Gross margin,gross_margin,0.35782075141293374,0.5914973372356905,YoY delta + Trend,2,"Gross margin fell 2,337 bps year over year (59.1% to 35.8%), 13.5x its usual yearly move; 12.2 sigma below its rolling median of 57.7%. An input changed XBRL tag versus the comparison period.",87.84440482159278,69.30315367401218,60.401159619721774,0.0,0.0,0.04081632653061224,False,False,0.16326530612244897,True,0001628280-15-000785,10-K,2015-02-17 00:00:00,https://www.sec.gov/Archives/edgar/data/1100682/000162828015000785/0001628280-15-000785-index.htm
606,87.84102327259691,CVS,CVS Health,Health Care,64803,A,2019,FY,2019-12-31,Gross margin,gross_margin,0.38187758980590086,0.19597181607470487,YoY delta + Trend,2,"Gross margin rose 1,859 bps year over year (19.6% to 38.2%), 11.8x its usual yearly move; 14.2 sigma above its rolling median of 18.2%.",87.84102327259691,66.27092121309008,63.95105598875141,0.0,0.0,0.09259259259259259,False,False,0.2222222222222222,False,0000064803-22-000008,10-K,2022-02-09 00:00:00,https://www.sec.gov/Archives/edgar/data/64803/000006480322000008/0000064803-22-000008-index.htm
607,87.83899655889395,REGN,Regeneron Pharmaceuticals,Health Care,872589,Q,2013,Q1,2013-03-31,Days sales outstanding,dso,146.08189719876998,62.77652304466562,Trend,1,Days sales outstanding of 146 days is 57.8 sigma above its rolling median of 3 days.,87.83899655889395,0.0,87.83899655889395,0.0,0.0,0.04081632653061224,False,False,1.0,False,0001532176-13-000008,10-Q,2013-05-03 00:00:00,https://www.sec.gov/Archives/edgar/data/872589/000153217613000008/0001532176-13-000008-index.htm
608,87.82969473136595,HPE,Hewlett Packard Enterprise,Information Technology,1645590,Q,2017,Q3,2017-07-31,Gross margin,gross_margin,0.2926276496467138,0.6196127420362274,YoY delta + Trend,2,"Gross margin fell 3,270 bps year over year (62.0% to 29.3%); 9.6 sigma below its rolling median of 54.4%. Reverses the prior year's flagged move. An input changed XBRL tag versus the comparison period.",87.82969473136595,73.15346707459561,54.667124792425184,0.0,0.0,0.07042253521126761,False,True,0.14084507042253522,True,0001628280-18-015054,10-K,2018-12-12 00:00:00,https://www.sec.gov/Archives/edgar/data/1645590/000162828018015054/0001628280-18-015054-index.htm
609,87.79440749180978,VRSK,Verisk Analytics,Industrials,1442145,Q,2024,Q1,2024-03-31,Return on equity,roe,2.966565349544073,0.24778566320074819,YoY delta + Trend,2,"Return on equity rose 27,188 bps year over year (24.8% to 296.7%), 5.7x its usual yearly move; 25.7 sigma above its rolling median of 30.5%.",87.79440749180978,48.63810868106072,76.2360921789313,0.0,0.0,0.06666666666666667,False,False,1.0,False,0001437749-25-014907,10-Q,2025-05-07 00:00:00,https://www.sec.gov/Archives/edgar/data/1442145/000143774925014907/0001437749-25-014907-index.htm
610,87.79154582533717,PM,Philip Morris International,Consumer Staples,1413329,A,2011,FY,2011-12-31,Return on equity,roe,4.600267737617135,1.5742788982867058,YoY delta,1,"Return on equity rose 30,260 bps year over year (157.4% to 460.0%).",88.32453873147539,88.32453873147539,0.0,0.0,0.0,0.10344827586206896,False,False,1.0,False,0001413329-14-000012,10-K,2014-02-21 00:00:00,https://www.sec.gov/Archives/edgar/data/1413329/000141332914000012/0001413329-14-000012-index.htm
611,87.78527991059643,BA,Boeing,Industrials,12927,A,2023,FY,2023-12-31,Debt / EBITDA,debt_to_ebitda,48.076286764705884,,Trend,1,Debt / EBITDA of 48.08x is 149.0 sigma above its rolling median of 1.07x.,94.9030053087529,0.0,94.9030053087529,0.0,0.0,0.14285714285714285,False,False,1.0,False,0000012927-25-000015,10-K,2025-02-03 00:00:00,https://www.sec.gov/Archives/edgar/data/12927/000001292725000015/0000012927-25-000015-index.htm
612,87.78064809042883,VTRS,Viatris,Health Care,1792044,Q,2025,Q1,2025-03-31,Return on equity,roe,-0.7097961552708256,0.022508936136575293,YoY delta + Trend,2,"Return on equity fell 7,323 bps year over year (2.3% to -71.0%), 6.6x its usual yearly move; 23.2 sigma below its rolling median of 5.1%.",87.78064809042883,52.39722772283696,74.33058764219645,0.0,0.0,0.07547169811320754,False,False,0.018867924528301886,False,0001792044-26-000029,10-Q,2026-05-07 00:00:00,https://www.sec.gov/Archives/edgar/data/1792044/000179204426000029/0001792044-26-000029-index.htm
613,87.75754581265551,CHD,Church & Dwight,Consumer Staples,313927,Q,2022,Q4,2022-12-31,SG&A % of revenue,sga_pct,0.4256267409470752,0.1488273544239059,YoY delta + Trend,2,"SG&A % of revenue rose 2,768 bps year over year (14.9% to 42.6%), 14.7x its usual yearly move; 11.0 sigma above its rolling median of 12.4%.",87.75754581265551,70.96326660781524,57.838045960639825,0.0,0.0,0.04,False,False,0.96,False,0000950170-25-019801,10-K,2025-02-13 00:00:00,https://www.sec.gov/Archives/edgar/data/313927/000095017025019801/0000950170-25-019801-index.htm
614,87.74781577936994,STX,Seagate Technology,Information Technology,1137789,Q,2012,Q4,2012-06-29,Return on equity,roe,1.1301073769348766,0.1923232323232323,YoY delta + Trend,2,"Return on equity rose 9,378 bps year over year (19.2% to 113.0%); 11.5 sigma above its rolling median of 22.0%. Reverses the prior year's flagged move.",87.74781577936994,70.09981007690003,59.02305553195035,0.0,0.0,0.09433962264150944,False,True,0.9811320754716981,False,0001047469-14-006770,10-K,2014-08-08 00:00:00,https://www.sec.gov/Archives/edgar/data/1137789/000104746914006770/0001047469-14-006770-index.htm
615,87.74216237502635,LYV,Live Nation Entertainment,Communication Services,1335258,Q,2020,Q3,2020-09-30,Days sales outstanding,dso,280.1066267973785,29.390691231698256,YoY delta + Trend,2,"Days sales outstanding rose 853% year over year (29 days to 280 days), 4.2x its usual yearly move; 83.9 sigma above its rolling median of 31 days.",94.85639175678524,40.89329850821134,91.29775793032651,0.0,0.0,0.14285714285714285,False,False,1.0,False,0001335258-20-000163,10-Q,2020-11-05 00:00:00,https://www.sec.gov/Archives/edgar/data/1335258/000133525820000163/0001335258-20-000163-index.htm
616,87.74148494737514,EMR,Emerson Electric,Industrials,32604,Q,2023,Q3,2023-06-30,Accruals / assets,accruals,0.852390438247012,0.021761673604953485,YoY delta + Trend,2,"Accruals / assets rose 8,306 bps year over year (2.2% to 85.2%), 13.7x its usual yearly move; 11.9 sigma above its rolling median of -3.6%.",87.74148494737514,69.52609913337656,59.77372537149976,0.0,0.0,0.038461538461538464,False,False,1.0,False,0000032604-24-000041,10-K,2024-11-12 00:00:00,https://www.sec.gov/Archives/edgar/data/32604/000003260424000041/0000032604-24-000041-index.htm
617,87.71167937578839,BAX,Baxter International,Health Care,10456,Q,2023,Q3,2023-09-30,Return on equity,roe,1.4677395757132408,-1.6323468111713213,YoY delta + Trend,2,"Return on equity rose 31,001 bps year over year (-163.2% to 146.8%), 8.1x its usual yearly move; 19.8 sigma above its rolling median of 11.0%. Reverses the prior year's flagged move.",87.71167937578839,57.35384587482701,71.18539555022122,0.0,0.0,0.034482758620689655,False,True,1.0,False,0001628280-25-007201,10-K,2025-02-21 00:00:00,https://www.sec.gov/Archives/edgar/data/10456/000162828025007201/0001628280-25-007201-index.htm
618,87.69522754322323,CSCO,Cisco,Information Technology,858877,Q,2018,Q2,2018-01-27,Net margin,net_margin,-0.7384537730293598,0.20276338514680484,YoY delta + Trend,2,"Net margin fell 9,412 bps year over year (20.3% to -73.8%), 21.6x its usual yearly move; 95.8 sigma below its rolling median of 20.0%.",98.32276130155284,78.2346084825253,92.29401089752713,0.0,0.0,0.16176470588235295,False,False,0.014705882352941176,False,0000858877-19-000012,10-K,2019-09-05 00:00:00,https://www.sec.gov/Archives/edgar/data/858877/000085887719000012/0000858877-19-000012-index.htm
619,87.69380429678291,COO,Cooper Companies (The),Health Care,711404,Q,2026,Q2,2026-04-30,SG&A % of revenue,sga_pct,0.625242718446602,0.398084405866507,YoY delta + Trend,2,"SG&A % of revenue rose 2,272 bps year over year (39.8% to 62.5%), 8.0x its usual yearly move; 19.9 sigma above its rolling median of 40.0%.",87.69380429678291,57.13357209052118,71.29176303375658,0.0,0.0,0.04,False,False,0.98,False,0001628280-26-041305,10-Q,2026-06-05 00:00:00,https://www.sec.gov/Archives/edgar/data/711404/000162828026041305/0001628280-26-041305-index.htm
620,87.68841653936049,MA,Mastercard,Financials,1141391,Q,2009,Q2,2009-06-30,Operating margin,operating_margin,0.43515625,-0.9893301585875376,YoY delta,1,"Operating margin rose 14,245 bps year over year (-98.9% to 43.5%).",87.68841653936049,87.68841653936049,0.0,0.0,0.0,0.06666666666666667,False,False,0.8666666666666667,False,0001193125-11-044721,10-K,2011-02-24 00:00:00,https://www.sec.gov/Archives/edgar/data/1141391/000119312511044721/0001193125-11-044721-index.htm
621,87.68804603481364,MMM,3M,Industrials,66740,Q,2023,Q3,2023-09-30,Net margin,net_margin,-0.3309409888357257,0.4477317554240631,YoY delta + Trend,2,"Net margin fell 7,787 bps year over year (44.8% to -33.1%), 5.0x its usual yearly move; 27.5 sigma below its rolling median of 16.1%. Reverses the prior year's flagged move.",87.68804603481364,45.37971207679968,77.45900940233459,0.0,0.0,0.07142857142857142,False,True,0.023809523809523808,False,0000066740-25-000006,10-K,2025-02-05 00:00:00,https://www.sec.gov/Archives/edgar/data/66740/000006674025000006/0000066740-25-000006-index.htm
622,87.6835966055364,TMUS,T-Mobile US,Communication Services,1283699,Q,2012,Q3,2012-09-30,Accruals / assets,accruals,-3.2833396148309872,-0.088020496361713,YoY delta + Trend,2,"Accruals / assets fell 31,953 bps year over year (-8.8% to -328.3%); 56.1 sigma below its rolling median of -6.8%.",99.26444898739967,94.10953748317576,87.51284792154347,0.0,0.0,0.16666666666666666,False,False,0.08333333333333333,False,0001283699-14-000012,10-K,2014-02-25 00:00:00,https://www.sec.gov/Archives/edgar/data/1283699/000128369914000012/0001283699-14-000012-index.htm
623,87.67796197591818,EBAY,eBay Inc.,Consumer Discretionary,1065088,Q,2014,Q1,2014-03-31,Days sales outstanding,dso,34.39390414146114,18.089314300960513,YoY delta + Trend,2,"Days sales outstanding rose 90% year over year (18 days to 34 days), 6.8x its usual yearly move; 22.5 sigma above its rolling median of 18 days.",87.67796197591818,53.05630022486108,73.75145528983745,0.0,0.0,0.029411764705882353,False,False,0.7647058823529411,False,0001065088-14-000060,10-Q,2014-05-01 00:00:00,https://www.sec.gov/Archives/edgar/data/1065088/000106508814000060/0001065088-14-000060-index.htm
624,87.6635587115403,BBY,Best Buy,Consumer Discretionary,764478,Q,2012,Q4,2012-03-04,Return on assets,roa,-0.3505277010812066,0.12954901619362702,YoY delta + Trend,2,"Return on assets fell 4,801 bps year over year (13.0% to -35.1%), 21.9x its usual yearly move; 29.5 sigma below its rolling median of 4.1%.",95.40028950691844,78.46088126714892,78.64485288311184,0.0,0.0,0.14634146341463414,False,False,0.04878048780487805,False,0000764478-13-000014,10-KT,2013-03-27 00:00:00,https://www.sec.gov/Archives/edgar/data/764478/000076447813000014/0000764478-13-000014-index.htm
625,87.66259180070344,SPG,Simon Property Group,Real Estate,1063761,Q,2020,Q2,2020-06-30,Cash conversion (CFO / EBITDA),cash_conversion,0.09419902762294066,1.01643669361434,YoY delta + Trend,2,"Cash conversion (CFO / EBITDA) fell 91% year over year (1.02x to 0.09x), 17.2x its usual yearly move; 8.8 sigma below its rolling median of 0.89x.",87.66259180070344,74.08978281209706,52.3840031527922,0.0,0.0,0.041666666666666664,False,False,0.041666666666666664,False,0001558370-21-010076,10-Q,2021-08-04 00:00:00,https://www.sec.gov/Archives/edgar/data/1063761/000155837021010076/0001558370-21-010076-index.htm
626,87.65561122637338,SO,Southern Company,Utilities,92122,Q,2017,Q2,2017-06-30,Net margin,net_margin,-0.25432780847145486,0.14509979816102264,YoY delta + Trend,2,"Net margin fell 3,994 bps year over year (14.5% to -25.4%), 10.8x its usual yearly move; 15.1 sigma below its rolling median of 13.0%. An input changed XBRL tag versus the comparison period.",87.65561122637338,64.2921082351384,65.42952226103101,0.0,0.0,0.03333333333333333,False,False,0.06666666666666667,True,0000092122-19-000006,10-K,2019-02-20 00:00:00,https://www.sec.gov/Archives/edgar/data/92122/000009212219000006/0000092122-19-000006-index.htm
627,87.61473038966156,PAYX,Paychex,Industrials,723531,Q,2026,Q4,2026-05-31,Debt / EBITDA,debt_to_ebitda,1.5428194101114083,2.0470792652655967,Trend,1,Debt / EBITDA of 1.54x is 56.6 sigma above its rolling median of 0.36x.,87.61473038966156,0.0,87.61473038966156,0.0,0.0,0.03389830508474576,False,False,0.3050847457627119,False,0000723531-26-000006,10-Q,2026-09-24 00:00:00,https://www.sec.gov/Archives/edgar/data/723531/000072353126000006/0000723531-26-000006-index.htm
628,87.6127993933805,PCAR,Paccar,Industrials,75362,Q,2016,Q1,2016-03-31,Return on assets,roa,-0.112012470947825,0.07393224180375914,YoY delta + Trend,2,"Return on assets fell 1,859 bps year over year (7.4% to -11.2%), 9.8x its usual yearly move; 16.5 sigma below its rolling median of 6.5%.",87.6127993933805,62.05608220548513,67.35392303530085,0.0,0.0,0.08955223880597014,False,False,0.029850746268656716,False,0001564590-18-002675,10-K,2018-02-21 00:00:00,https://www.sec.gov/Archives/edgar/data/75362/000156459018002675/0001564590-18-002675-index.htm
629,87.60716912520938,RL,Ralph Lauren Corporation,Consumer Discretionary,1037038,A,2017,FY,2017-04-01,Cash conversion (CFO / EBITDA),cash_conversion,4.426579925650557,1.1395427034297243,YoY delta + Trend,2,"Cash conversion (CFO / EBITDA) rose 288% year over year (1.14x to 4.43x), 4.7x its usual yearly move; 37.5 sigma above its rolling median of 0.72x.",90.17614057172958,44.15329784373859,82.40923984950294,0.0,0.0,0.11627906976744186,False,False,1.0,False,0001037038-19-000005,10-K,2019-05-16 00:00:00,https://www.sec.gov/Archives/edgar/data/1037038/000103703819000005/0001037038-19-000005-index.htm
630,87.60317166153919,AWK,American Water Works,Utilities,1410636,Q,2021,Q4,2021-12-31,Net margin,net_margin,0.6782334384858044,0.1570964247020585,YoY delta + Trend,2,"Net margin rose 5,211 bps year over year (15.7% to 67.8%), 15.5x its usual yearly move; 10.0 sigma above its rolling median of 17.3%.",87.60317166153919,72.12309079408952,55.53011904263613,0.0,0.0,0.06451612903225806,False,False,1.0,False,0001410636-23-000020,10-K,2023-02-15 00:00:00,https://www.sec.gov/Archives/edgar/data/1410636/000141063623000020/0001410636-23-000020-index.htm
631,87.58464116548927,MO,Altria,Consumer Staples,764180,Q,2016,Q4,2016-12-31,Accruals / assets,accruals,1.0128572515405878,-0.05962999149043462,YoY delta + Trend,2,"Accruals / assets rose 10,725 bps year over year (-6.0% to 101.3%), 18.9x its usual yearly move; 12.1 sigma above its rolling median of -10.5%.",90.37565400991306,75.87479692218076,60.106673676311644,0.0,0.0,0.11764705882352941,False,False,1.0,False,0000764180-18-000028,10-K,2018-02-27 00:00:00,https://www.sec.gov/Archives/edgar/data/764180/000076418018000028/0000764180-18-000028-index.htm
632,87.57877037783398,TEL,TE Connectivity,Information Technology,1385157,Q,2018,Q4,2018-09-28,Return on equity,roe,0.6538404763076318,0.1837814948126191,YoY delta + Trend,2,"Return on equity rose 4,701 bps year over year (18.4% to 65.4%), 4.4x its usual yearly move; 29.3 sigma above its rolling median of 19.1%.",87.57877037783398,42.125275409624045,78.53773005386955,0.0,0.0,0.03076923076923077,False,False,0.9384615384615385,False,0001558370-19-010758,10-K,2019-11-12 00:00:00,https://www.sec.gov/Archives/edgar/data/1385157/000155837019010758/0001558370-19-010758-index.htm
633,87.57761778020729,PNR,Pentair,Industrials,77360,Q,2011,Q4,2011-12-31,Operating margin,operating_margin,-0.2150591665396007,0.10559681000931209,YoY delta + Trend,2,"Operating margin fell 3,207 bps year over year (10.6% to -21.5%); 16.7 sigma below its rolling median of 10.5%.",87.57761778020729,61.58691938472138,67.66106227144986,0.0,0.0,0.06451612903225806,False,False,0.04838709677419355,False,0001193125-13-077034,10-K,2013-02-26 00:00:00,https://www.sec.gov/Archives/edgar/data/77360/000119312513077034/0001193125-13-077034-index.htm
634,87.5195709656839,WBD,Warner Bros. Discovery,Communication Services,1437107,Q,2022,Q3,2022-09-30,Debt / EBITDA,debt_to_ebitda,83.81344537815126,4.357500736811081,Trend,1,Debt / EBITDA of 83.81x is 56.1 sigma above its rolling median of 3.93x. An input changed XBRL tag versus the comparison period.,87.5195709656839,0.0,87.5195709656839,0.0,0.0,0.06666666666666667,False,False,1.0,True,0001437107-22-000231,10-Q,2022-11-04 00:00:00,https://www.sec.gov/Archives/edgar/data/1437107/000143710722000231/0001437107-22-000231-index.htm
635,87.50697559939798,ILMN,"Illumina, Inc.",Health Care,1110803,A,2021,FY,2022-01-02,SG&A % of revenue,sga_pct,0.4622182942996023,0.29052176597715346,YoY delta + Trend,2,"SG&A % of revenue rose 1,717 bps year over year (29.1% to 46.2%), 8.4x its usual yearly move; 19.8 sigma above its rolling median of 24.4%.",88.03824084588175,58.39078643568299,71.25213833799455,0.0,0.0,0.10344827586206896,False,False,1.0,False,0001110803-24-000010,10-K,2024-02-16 00:00:00,https://www.sec.gov/Archives/edgar/data/1110803/000111080324000010/0001110803-24-000010-index.htm
636,87.50245429396638,EFX,Equifax,Industrials,33185,Q,2019,Q1,2019-03-31,Return on assets,roa,-0.30544761852176494,0.050396756644374374,YoY delta + Trend,2,"Return on assets fell 3,558 bps year over year (5.0% to -30.5%), 13.8x its usual yearly move; 14.5 sigma below its rolling median of 7.6%.",89.2376304414388,69.6813872228654,64.50243407350793,0.0,0.0,0.1111111111111111,False,False,0.024691358024691357,False,0000033185-21-000025,10-K,2021-02-25 00:00:00,https://www.sec.gov/Archives/edgar/data/33185/000003318521000025/0000033185-21-000025-index.htm
637,87.50173086267222,ROP,Roper Technologies,Information Technology,882835,A,2022,FY,2022-12-31,Net margin,net_margin,0.8460292639338769,0.23844594315031653,YoY delta + Trend,2,"Net margin rose 6,076 bps year over year (23.8% to 84.6%), 9.0x its usual yearly move; 17.5 sigma above its rolling median of 20.3%.",87.50173086267222,60.11845455081424,68.66152252486759,0.0,0.0,0.0958904109589041,False,False,1.0,False,0000882835-25-000008,10-K,2025-02-24 00:00:00,https://www.sec.gov/Archives/edgar/data/882835/000088283525000008/0000882835-25-000008-index.htm
638,87.50068712279398,TPR,"Tapestry, Inc.",Consumer Discretionary,1116132,Q,2024,Q3,2024-03-30,Debt / EBITDA,debt_to_ebitda,5.7281374428550365,1.2641509433962264,Trend,1,Debt / EBITDA of 5.73x is 66.3 sigma above its rolling median of 1.26x.,89.23582822721198,0.0,89.23582822721198,0.0,0.0,0.1111111111111111,False,False,0.8888888888888888,False,0001116132-24-000013,10-Q,2024-05-09 00:00:00,https://www.sec.gov/Archives/edgar/data/1116132/000111613224000013/0001116132-24-000013-index.htm
639,87.47723478542991,VRT,Vertiv,Industrials,1674101,Q,2020,Q3,2020-09-30,Days payables outstanding,dpo,79.89552736982644,0.15655958090075062,YoY delta,1,"Days payables outstanding rose 50,932% year over year (0 days to 80 days).",87.47723478542991,87.47723478542991,0.0,0.0,0.0,0.09090909090909091,False,False,0.8363636363636363,False,0001628280-20-015793,10-Q,2020-11-05 00:00:00,https://www.sec.gov/Archives/edgar/data/1674101/000162828020015793/0001628280-20-015793-index.htm
640,87.47620065048662,SO,Southern Company,Utilities,92122,Q,2017,Q2,2017-06-30,Operating margin,operating_margin,-0.303683241252302,0.2657546535097555,YoY delta + Trend,2,"Operating margin fell 5,694 bps year over year (26.6% to -30.4%), 10.7x its usual yearly move; 15.0 sigma below its rolling median of 23.7%.",87.47620065048662,64.06394738279408,65.14976343418122,0.0,0.0,0.03571428571428571,False,False,0.03571428571428571,False,0000092122-19-000006,10-K,2019-02-20 00:00:00,https://www.sec.gov/Archives/edgar/data/92122/000009212219000006/0000092122-19-000006-index.htm
641,87.46327691585773,CCI,Crown Castle,Real Estate,1051470,Q,2024,Q2,2024-06-30,Days payables outstanding,dpo,821.25,223.46938775510205,YoY delta + Trend,2,"Days payables outstanding rose 268% year over year (223 days to 821 days), 4.2x its usual yearly move; 29.6 sigma above its rolling median of 189 days.",87.46327691585773,41.10277315114427,78.71423875980702,0.0,0.0,,False,False,,False,0001051470-24-000186,10-Q,2024-07-30 00:00:00,https://www.sec.gov/Archives/edgar/data/1051470/000105147024000186/0001051470-24-000186-index.htm
642,87.45401394372368,LUV,Southwest Airlines,Industrials,92380,Q,2020,Q3,2020-09-30,Net margin,net_margin,-0.645287228109314,0.11686469232133356,YoY delta + Trend,2,"Net margin fell 7,622 bps year over year (11.7% to -64.5%), 4.5x its usual yearly move; 28.3 sigma below its rolling median of 10.5%.",87.45401394372368,42.994742515668264,77.9915281327785,0.0,0.0,0.06493506493506493,False,False,0.03896103896103896,False,0000092380-21-000160,10-Q,2021-10-26 00:00:00,https://www.sec.gov/Archives/edgar/data/92380/000009238021000160/0000092380-21-000160-index.htm
643,87.45175110971334,HWM,Howmet Aerospace,Industrials,4281,Q,2019,Q2,2019-06-30,Days inventory outstanding,dio,178.125468164794,83.58034791594902,YoY delta + Trend,2,"Days inventory outstanding rose 113% year over year (84 days to 178 days), 3.1x its usual yearly move; 34.2 sigma above its rolling median of 86 days.",87.45175110971334,33.84395990896996,81.03234584019782,0.0,0.0,0.0625,False,False,1.0,False,0000004281-19-000096,10-Q,2019-08-02 00:00:00,https://www.sec.gov/Archives/edgar/data/4281/000000428119000096/0000004281-19-000096-index.htm
644,87.44604967689796,FIX,Comfort Systems USA,Industrials,1035983,A,2025,FY,2025-12-31,Asset turnover,asset_turnover,0.3284153153931083,1.7532163927976552,YoY delta + Trend,2,"Asset turnover fell 81% year over year (1.75x to 0.33x), 18.1x its usual yearly move; 7.9 sigma below its rolling median of 1.76x.",87.44604967689796,75.07369896454406,49.635726916541245,0.0,0.0,0.05063291139240506,False,False,0.06329113924050633,False,0001104659-26-047689,10-Q,2026-04-23 00:00:00,https://www.sec.gov/Archives/edgar/data/1035983/000110465926047689/0001104659-26-047689-index.htm
645,87.44328500617127,NOW,ServiceNow,Information Technology,1373715,Q,2016,Q1,2016-03-31,EBITDA margin,ebitda_margin,-1.0026840678830518,-0.19063614576060087,YoY delta + Trend,2,"EBITDA margin fell 8,120 bps year over year (-19.1% to -100.3%), 11.1x its usual yearly move; 14.4 sigma below its rolling median of -12.2%.",87.44328500617127,64.86031080785101,64.26628896696621,0.0,0.0,0.05172413793103448,False,False,0.017241379310344827,False,0001373715-17-000050,10-Q,2017-05-05 00:00:00,https://www.sec.gov/Archives/edgar/data/1373715/000137371517000050/0001373715-17-000050-index.htm
646,87.44027064135452,LH,Labcorp,Health Care,920148,Q,2016,Q1,2016-03-31,Asset turnover,asset_turnover,2.7050369804068723,0.66871771922955,YoY delta + Trend,2,"Asset turnover rose 305% year over year (0.67x to 2.71x), 3.1x its usual yearly move; 34.2 sigma above its rolling median of 0.85x. Reverses the prior year's flagged move.",87.44027064135452,33.792531187884904,81.02973941763621,0.0,0.0,0.08333333333333333,False,True,0.9375,False,0000920148-18-000024,10-K,2018-02-27 00:00:00,https://www.sec.gov/Archives/edgar/data/920148/000092014818000024/0000920148-18-000024-index.htm
647,87.43505069245042,STZ,Constellation Brands,Consumer Staples,16918,Q,2013,Q2,2013-08-31,Net margin,net_margin,0.9434079216512737,0.15619907233295724,YoY delta + Trend,2,"Net margin rose 7,872 bps year over year (15.6% to 94.3%), 5.9x its usual yearly move; 24.1 sigma above its rolling median of 12.2%.",87.43505069245042,49.610502451459546,75.06434888451567,0.0,0.0,0.03571428571428571,False,False,1.0,False,0000016918-15-000016,10-K,2015-04-28 00:00:00,https://www.sec.gov/Archives/edgar/data/16918/000001691815000016/0000016918-15-000016-index.htm
648,87.43111612537511,STZ,Constellation Brands,Consumer Staples,16918,Q,2013,Q2,2013-08-31,Return on assets,roa,0.516474939767213,0.0662382797185139,YoY delta + Trend,2,"Return on assets rose 4,502 bps year over year (6.6% to 51.6%), 6.4x its usual yearly move; 22.8 sigma above its rolling median of 5.6%.",87.43111612537511,51.54275892620959,74.0619077848756,0.0,0.0,0.03571428571428571,False,False,1.0,False,0000016918-15-000016,10-K,2015-04-28 00:00:00,https://www.sec.gov/Archives/edgar/data/16918/000001691815000016/0000016918-15-000016-index.htm
649,87.42067184149293,HIG,Hartford (The),Financials,874766,A,2020,FY,2020-12-31,Asset turnover,asset_turnover,0.28321649370722013,0.31158919503620686,Trend,1,Asset turnover of 0.28x is 55.6 sigma above its rolling median of 0.07x.,87.42067184149293,0.0,87.42067184149293,0.0,0.0,0.08450704225352113,False,False,0.6619718309859155,False,0000874766-23-000023,10-K,2023-02-24 00:00:00,https://www.sec.gov/Archives/edgar/data/874766/000087476623000023/0000874766-23-000023-index.htm
650,87.39976677172636,CRM,Salesforce,Information Technology,1108524,A,2013,FY,2013-01-31,SG&A % of revenue,sga_pct,0.06506778841423466,0.15344143648090766,YoY delta + Trend,2,"SG&A % of revenue fell 884 bps year over year (15.3% to 6.5%), 15.5x its usual yearly move; 17.7 sigma below its rolling median of 15.3%. An input changed XBRL tag versus the comparison period.",87.39976677172636,59.56155234989002,68.84095715716879,0.0,0.0,0.078125,False,False,0.296875,True,0001108524-15-000008,10-K,2015-03-06 00:00:00,https://www.sec.gov/Archives/edgar/data/1108524/000110852415000008/0001108524-15-000008-index.htm
651,87.39965668094611,APD,Air Products,Materials,2969,Q,2016,Q2,2016-03-31,Return on assets,roa,-0.11113230861345832,0.06604192523598602,YoY delta + Trend,2,"Return on assets fell 1,772 bps year over year (6.6% to -11.1%), 7.1x its usual yearly move; 25.8 sigma below its rolling median of 6.7%.",89.13279434884022,54.120799177998094,76.31343733880323,0.0,0.0,0.1111111111111111,False,False,0.1111111111111111,False,0000002969-17-000039,10-K,2017-11-16 00:00:00,https://www.sec.gov/Archives/edgar/data/2969/000000296917000039/0000002969-17-000039-index.htm
652,87.39662397414439,SNPS,Synopsys,Information Technology,883241,Q,2024,Q4,2024-10-31,Quick ratio,quick_ratio,1.8809982189485759,0.818055630455834,YoY delta + Trend + Benford,3,"Quick ratio rose 130% year over year (0.82x to 1.88x), 4.0x its usual yearly move; 17.2 sigma above its rolling median of 0.90x; the filing's leading digits also depart from Benford's Law.",89.37933456484339,40.112128914292306,68.27533106608897,44.09949199398369,0.0,0.11267605633802817,False,False,0.8309859154929577,False,0000883241-25-000028,10-K,2025-12-22 00:00:00,https://www.sec.gov/Archives/edgar/data/883241/000088324125000028/0000883241-25-000028-index.htm
653,87.3850678805354,SLB,Schlumberger,Energy,87347,Q,2019,Q3,2019-09-30,Accruals / assets,accruals,-0.8167925276673847,-0.06750260338654228,YoY delta + Trend,2,"Accruals / assets fell 7,493 bps year over year (-6.8% to -81.7%), 11.4x its usual yearly move; 17.4 sigma below its rolling median of -5.5%.",89.11791625210408,65.49449160636094,68.46276361515085,0.0,0.0,0.1111111111111111,False,False,0.05555555555555555,False,0001564590-20-047045,10-Q,2020-10-21 00:00:00,https://www.sec.gov/Archives/edgar/data/87347/000156459020047045/0001564590-20-047045-index.htm
654,87.3835662214099,COHR,Coherent Corp.,Information Technology,820318,Q,2014,Q1,2013-09-30,Debt / EBITDA,debt_to_ebitda,1.840514121781289,0.16372634376575174,YoY delta + Trend,2,"Debt / EBITDA rose 1,024% year over year (0.16x to 1.84x); 21.5 sigma above its rolling median of 0.17x.",89.11638481503557,59.86948471402378,72.87945318567154,0.0,0.0,0.1111111111111111,False,False,0.5833333333333334,False,0001193125-13-435304,10-Q,2013-11-08 00:00:00,https://www.sec.gov/Archives/edgar/data/820318/000119312513435304/0001193125-13-435304-index.htm
655,87.38356118683332,SNPS,Synopsys,Information Technology,883241,Q,2025,Q4,2025-10-31,Asset turnover,asset_turnover,0.1870191584305825,0.5293972290946878,YoY delta + Trend + Benford,3,"Asset turnover fell 65% year over year (0.53x to 0.19x), 6.4x its usual yearly move; 9.2 sigma below its rolling median of 0.54x; the filing's leading digits also depart from Benford's Law.",87.38356118683332,51.56143224285473,53.406027627635915,44.09949199398369,0.0,0.06666666666666667,False,False,0.013333333333333334,False,0000883241-25-000028,10-K,2025-12-22 00:00:00,https://www.sec.gov/Archives/edgar/data/883241/000088324125000028/0000883241-25-000028-index.htm
656,87.38256110387366,KDP,Keurig Dr Pepper,Consumer Staples,1418135,Q,2017,Q3,2017-09-30,Gross margin,gross_margin,0.3218390804597701,0.593452380952381,YoY delta + Trend,2,"Gross margin fell 2,716 bps year over year (59.3% to 32.2%), 3.2x its usual yearly move; 33.4 sigma below its rolling median of 59.0%.",87.38256110387366,34.6879149734079,80.68131052470748,0.0,0.0,0.03125,False,False,0.4375,False,0001418135-19-000007,10-K,2019-02-28 00:00:00,https://www.sec.gov/Archives/edgar/data/1418135/000141813519000007/0001418135-19-000007-index.htm
657,87.36240505190297,KIM,Kimco Realty,Real Estate,879101,Q,2020,Q2,2020-06-30,Return on equity,roe,0.5771835932156562,0.07614780748685271,YoY delta + Trend,2,"Return on equity rose 5,010 bps year over year (7.6% to 57.7%), 6.0x its usual yearly move; 24.9 sigma above its rolling median of 8.2%.",87.89279259341495,50.1477789541405,75.71380541812267,0.0,0.0,0.10344827586206896,False,False,1.0,False,0001437749-21-017996,10-Q,2021-07-30 00:00:00,https://www.sec.gov/Archives/edgar/data/879101/000143774921017996/0001437749-21-017996-index.htm
658,87.35101680076006,COHR,Coherent Corp.,Information Technology,820318,Q,2020,Q1,2019-09-30,Operating margin,operating_margin,-0.05427294813004357,0.11834953710329386,YoY delta + Trend,2,"Operating margin fell 1,726 bps year over year (11.8% to -5.4%), 6.3x its usual yearly move; 22.7 sigma below its rolling median of 11.6%.",87.35101680076006,51.40174261050028,73.97235234617094,0.0,0.0,0.09090909090909091,False,False,0.09090909090909091,False,0000820318-20-000029,10-Q,2020-11-09 00:00:00,https://www.sec.gov/Archives/edgar/data/820318/000082031820000029/0000820318-20-000029-index.htm
659,87.34755019520706,AVY,Avery Dennison,Materials,8818,Q,2019,Q1,2019-03-30,Debt / EBITDA,debt_to_ebitda,6.631678189817725,2.129802312569937,YoY delta + Trend,2,"Debt / EBITDA rose 211% year over year (2.13x to 6.63x), 6.9x its usual yearly move; 21.4 sigma above its rolling median of 2.12x. An input changed XBRL tag versus the comparison period.",87.34755019520706,53.55817486105501,72.7563467479169,0.0,0.0,0.1,False,False,1.0,True,0001104659-19-025335,10-Q,2019-04-30 00:00:00,https://www.sec.gov/Archives/edgar/data/8818/000110465919025335/0001104659-19-025335-index.htm
660,87.32501041462682,SNPS,Synopsys,Information Technology,883241,Q,2026,Q3,2026-07-31,Debt / EBITDA,debt_to_ebitda,3.8405815955615075,10.02414650496764,Trend,1,Debt / EBITDA of 3.84x is 692.8 sigma above its rolling median of 0.01x.,98.85850235618129,0.0,98.85850235618129,0.0,0.0,0.16666666666666666,False,False,1.0,False,0000883241-26-000025,10-Q,2026-08-26 00:00:00,https://www.sec.gov/Archives/edgar/data/883241/000088324126000025/0000883241-26-000025-index.htm
661,87.32014154637771,VRSN,Verisign,Information Technology,1014473,Q,2010,Q3,2010-09-30,Accruals / assets,accruals,1.3043436222441225,-0.072961051396502,YoY delta,1,"Accruals / assets rose 13,773 bps year over year (-7.3% to 130.4%).",87.32014154637771,87.32014154637771,0.0,0.0,0.0,0.09615384615384616,False,False,1.0,False,0001193125-11-285850,10-Q,2011-10-28 00:00:00,https://www.sec.gov/Archives/edgar/data/1014473/000119312511285850/0001193125-11-285850-index.htm
662,87.3144400028664,VRSK,Verisk Analytics,Industrials,1442145,Q,2022,Q1,2022-03-31,EBITDA margin,ebitda_margin,1.0447482908638905,0.4116512877014185,YoY delta + Trend,2,"EBITDA margin rose 6,331 bps year over year (41.2% to 104.5%), 9.4x its usual yearly move; 16.6 sigma above its rolling median of 41.7%.",87.3144400028664,60.926321526894334,67.5342570936467,0.0,0.0,0.05970149253731343,False,False,1.0,False,0001437749-23-012195,10-Q,2023-05-03 00:00:00,https://www.sec.gov/Archives/edgar/data/1442145/000143774923012195/0001437749-23-012195-index.htm
663,87.3107554520506,KDP,Keurig Dr Pepper,Consumer Staples,1418135,Q,2017,Q3,2017-09-30,Trade working capital % of revenue,nwc_pct,-0.07370689655172413,0.07380952380952381,YoY delta + Trend,2,"Trade working capital % of revenue fell 1,475 bps year over year (7.4% to -7.4%), 7.4x its usual yearly move; 20.2 sigma below its rolling median of 7.8%.",87.3107554520506,55.27270355765709,71.62975284163026,0.0,0.0,0.03571428571428571,False,False,0.07142857142857142,False,0001418135-18-000016,10-Q,2018-08-07 00:00:00,https://www.sec.gov/Archives/edgar/data/1418135/000141813518000016/0001418135-18-000016-index.htm
664,87.30742762395661,ETR,Entergy,Utilities,65984,Q,2016,Q4,2016-12-31,EBITDA margin,ebitda_margin,-0.961063891901899,0.12392108935435214,YoY delta + Trend,2,"EBITDA margin fell 10,850 bps year over year (12.4% to -96.1%), 6.5x its usual yearly move; 29.3 sigma below its rolling median of 36.4%.",89.72304815110166,52.07632257632676,78.55558587867937,0.0,0.0,0.11538461538461539,False,False,0.07692307692307693,False,0000065984-18-000072,10-K,2018-02-26 00:00:00,https://www.sec.gov/Archives/edgar/data/65984/000006598418000072/0000065984-18-000072-index.htm
665,87.29776965544994,LH,Labcorp,Health Care,920148,Q,2014,Q1,2014-03-31,Return on equity,roe,0.8191323158274246,0.15247170935080406,YoY delta + Trend,2,"Return on equity rose 6,667 bps year over year (15.2% to 81.9%), 13.8x its usual yearly move; 31.6 sigma above its rolling median of 21.2%.",93.86856952198919,69.63085548474727,79.81032862176497,0.0,0.0,0.14,False,False,0.98,False,0000920148-17-000018,10-K,2017-02-27 00:00:00,https://www.sec.gov/Archives/edgar/data/920148/000092014817000018/0000920148-17-000018-index.htm
666,87.28843837618199,EW,Edwards Lifesciences,Health Care,1099800,Q,2024,Q3,2024-09-30,Accruals / assets,accruals,0.9428490929975509,-0.01158107843350676,YoY delta + Trend,2,"Accruals / assets rose 9,544 bps year over year (-1.2% to 94.3%), 8.1x its usual yearly move; 18.7 sigma above its rolling median of 2.5%.",87.28843837618199,57.58758874869284,70.02867498266502,0.0,0.0,0.0847457627118644,False,False,1.0,False,0001099800-25-000062,10-Q,2025-11-05 00:00:00,https://www.sec.gov/Archives/edgar/data/1099800/000109980025000062/0001099800-25-000062-index.htm
667,87.28796300938087,APD,Air Products,Materials,2969,Q,2025,Q2,2025-03-31,EBITDA margin,ebitda_margin,-0.6667581098690076,0.3405910859327008,YoY delta + Trend,2,"EBITDA margin fell 10,073 bps year over year (34.1% to -66.7%), 12.1x its usual yearly move; 26.0 sigma below its rolling median of 33.2%. An input changed XBRL tag versus the comparison period.",92.19853727741723,66.87818032376317,76.44615302286692,0.0,0.0,0.13043478260869565,False,False,0.043478260869565216,True,0000002969-26-000020,10-Q,2026-04-30 00:00:00,https://www.sec.gov/Archives/edgar/data/2969/000000296926000020/0000002969-26-000020-index.htm
668,87.28443823107712,DAL,Delta Air Lines,Industrials,27904,Q,2020,Q3,2020-09-30,Net margin,net_margin,-1.7566949706074462,0.11902866242038217,Trend,1,Net margin of -175.7% is 54.9 sigma below its rolling median of 9.1%.,87.28443823107712,0.0,87.28443823107712,0.0,0.0,0.06493506493506493,False,False,0.012987012987012988,False,0000027904-21-000012,10-Q,2021-10-13 00:00:00,https://www.sec.gov/Archives/edgar/data/27904/000002790421000012/0000027904-21-000012-index.htm
669,87.2742167148664,GPN,Global Payments,Financials,1123360,Q,2026,Q1,2026-03-31,Return on assets,roa,-0.12244763042460105,0.025880501313557083,YoY delta + Trend,2,"Return on assets fell 1,483 bps year over year (2.6% to -12.2%), 5.6x its usual yearly move; 24.5 sigma below its rolling median of 2.5%.",87.2742167148664,48.354280588158666,75.35946167454135,0.0,0.0,0.05333333333333334,False,False,0.013333333333333334,False,0001123360-26-000072,10-Q,2026-05-08 00:00:00,https://www.sec.gov/Archives/edgar/data/1123360/000112336026000072/0001123360-26-000072-index.htm
670,87.2607760733577,TSLA,"Tesla, Inc.",Consumer Discretionary,1318605,Q,2012,Q2,2012-06-30,Return on equity,roe,-3.909611317558969,-0.6761677361587822,YoY delta,1,"Return on equity fell 32,334 bps year over year (-67.6% to -391.0%).",88.99115973486904,88.99115973486904,0.0,0.0,0.0,0.1111111111111111,False,False,0.027777777777777776,False,0001193125-14-069681,10-K,2014-02-26 00:00:00,https://www.sec.gov/Archives/edgar/data/1318605/000119312514069681/0001193125-14-069681-index.htm
671,87.24977171399648,VRTX,Vertex Pharmaceuticals,Health Care,875320,Q,2011,Q4,2011-12-31,Net margin,net_margin,0.28158660844250366,-2.7530675782919234,YoY delta,1,"Net margin rose 30,347 bps year over year (-275.3% to 28.2%).",93.81695883225429,93.81695883225429,0.0,0.0,0.0,0.14,False,False,0.94,False,0000875320-13-000009,10-K,2013-03-01 00:00:00,https://www.sec.gov/Archives/edgar/data/875320/000087532013000009/0000875320-13-000009-index.htm
672,87.23556325038118,J,Jacobs Solutions,Industrials,52988,Q,2013,Q1,2012-12-28,Debt / EBITDA,debt_to_ebitda,0.7602665236356739,0.0,Trend,1,Debt / EBITDA of 0.76x is 145.1 sigma above its rolling median of 0.00x.,94.77443908683387,0.0,94.77443908683387,0.0,0.0,0.14545454545454545,False,False,0.16363636363636364,False,0000052988-13-000006,10-Q,2013-01-24 00:00:00,https://www.sec.gov/Archives/edgar/data/52988/000005298813000006/0000052988-13-000006-index.htm
673,87.23178919285668,ORCL,Oracle Corporation,Information Technology,1341439,Q,2018,Q4,2018-05-31,Gross margin,gross_margin,0.17758931518675572,0.6265491600110162,YoY delta + Trend,2,"Gross margin fell 4,490 bps year over year (62.7% to 17.8%), 4.1x its usual yearly move; 29.1 sigma below its rolling median of 60.8%.",87.23178919285668,40.80352879390272,78.43079064174322,0.0,0.0,0.06060606060606061,False,False,0.10606060606060606,False,0001193125-18-201034,10-K,2018-06-22 00:00:00,https://www.sec.gov/Archives/edgar/data/1341439/000119312518201034/0001193125-18-201034-index.htm
674,87.22896138410569,BDX,Becton Dickinson,Health Care,10795,A,2017,FY,2017-09-30,Quick ratio,quick_ratio,4.764512268102933,0.7179545454545454,YoY delta + Trend,2,"Quick ratio rose 564% year over year (0.72x to 4.76x), 7.6x its usual yearly move; 32.3 sigma above its rolling median of 1.40x.",91.21982889841117,55.741459117421094,80.16163450827881,0.0,0.0,0.125,False,False,0.9285714285714286,False,0000010795-18-000036,10-K,2018-11-21 00:00:00,https://www.sec.gov/Archives/edgar/data/10795/000001079518000036/0000010795-18-000036-index.htm
675,87.22858907757256,ROP,Roper Technologies,Information Technology,882835,Q,2019,Q4,2019-12-31,Net margin,net_margin,0.6245339833667909,0.18680520235413792,YoY delta + Trend,2,"Net margin rose 4,377 bps year over year (18.7% to 62.5%), 9.6x its usual yearly move; 21.9 sigma above its rolling median of 18.3%. Reverses the prior year's flagged move.",89.73198130976529,61.61393618187254,73.25066008621145,0.0,0.0,0.11594202898550725,False,True,0.9565217391304348,False,0000882835-21-000011,10-K,2021-02-22 00:00:00,https://www.sec.gov/Archives/edgar/data/882835/000088283521000011/0000882835-21-000011-index.htm
676,87.22836672025595,PPL,PPL Corporation,Utilities,922224,Q,2021,Q3,2021-09-30,Current ratio,current_ratio,2.61929150661545,0.4952223447262036,YoY delta + Trend,2,"Current ratio rose 429% year over year (0.50x to 2.62x), 4.6x its usual yearly move; 27.6 sigma above its rolling median of 0.59x.",87.22836672025595,43.235637685741615,77.50061348520424,0.0,0.0,0.06666666666666667,False,False,1.0,False,0000922224-21-000052,10-Q,2021-11-04 00:00:00,https://www.sec.gov/Archives/edgar/data/922224/000092222421000052/0000922224-21-000052-index.htm
677,87.20863897661789,ETN,Eaton Corporation,Industrials,1551182,Q,2017,Q3,2017-09-30,Net margin,net_margin,0.2688543465745538,0.10487266893924203,YoY delta + Trend,2,"Net margin rose 1,640 bps year over year (10.5% to 26.9%), 6.3x its usual yearly move; 22.5 sigma above its rolling median of 10.0%. An input changed XBRL tag versus the comparison period.",87.20863897661789,51.22519436253122,73.77465505765996,0.0,0.0,0.05128205128205128,False,False,1.0,True,0001551182-18-000225,10-Q,2018-10-30 00:00:00,https://www.sec.gov/Archives/edgar/data/1551182/000155118218000225/0001551182-18-000225-index.htm
678,87.20849124154894,EQIX,Equinix,Real Estate,1101239,Q,2015,Q3,2015-09-30,Days payables outstanding,dpo,95.42688528518933,12.695986212884637,Trend,1,Days payables outstanding of 95 days is 54.5 sigma above its rolling median of 10 days. An input changed XBRL tag versus the comparison period.,87.20849124154894,0.0,87.20849124154894,0.0,0.0,,False,False,,True,0001193125-15-359693,10-Q,2015-10-30 00:00:00,https://www.sec.gov/Archives/edgar/data/1101239/000119312515359693/0001193125-15-359693-index.htm
679,87.20670821270384,DLTR,Dollar Tree,Consumer Staples,935703,A,2015,FY,2016-01-30,Debt / EBITDA,debt_to_ebitda,4.856241462304039,0.6074466377788477,YoY delta + Trend,2,"Debt / EBITDA rose 699% year over year (0.61x to 4.86x), 4.1x its usual yearly move; 29.1 sigma above its rolling median of 0.37x. An input changed XBRL tag versus the comparison period.",87.20670821270384,40.69318337698385,78.42863179014186,0.0,0.0,0.06451612903225806,False,False,0.967741935483871,True,0000935703-17-000011,10-K,2017-03-28 00:00:00,https://www.sec.gov/Archives/edgar/data/935703/000093570317000011/0000935703-17-000011-index.htm
680,87.20579820701263,MRNA,Moderna,Health Care,1682852,A,2020,FY,2020-12-31,Trade working capital % of revenue,nwc_pct,1.7683686176836861,-0.02858376654652959,YoY delta,1,"Trade working capital % of revenue rose 17,970 bps year over year (-2.9% to 176.8%). An input changed XBRL tag versus the comparison period.",89.9847386658097,89.9847386658097,0.0,0.0,0.0,0.11764705882352941,False,False,1.0,True,0001682852-22-000012,10-K,2022-02-25 00:00:00,https://www.sec.gov/Archives/edgar/data/1682852/000168285222000012/0001682852-22-000012-index.htm
681,87.1717057538493,GD,General Dynamics,Industrials,40533,Q,2012,Q4,2012-12-31,EBITDA margin,ebitda_margin,-0.2230750185689527,0.11424510768557997,YoY delta + Trend,2,"EBITDA margin fell 3,373 bps year over year (11.4% to -22.3%), 35.1x its usual yearly move; 47.3 sigma below its rolling median of 13.1%.",96.68958697134063,77.13345579210842,85.52289756352035,0.0,0.0,0.15625,False,False,0.03125,False,0000040533-15-000009,10-K,2015-02-09 00:00:00,https://www.sec.gov/Archives/edgar/data/40533/000004053315000009/0000040533-15-000009-index.htm
682,87.16488391317294,EBAY,eBay Inc.,Consumer Discretionary,1065088,Q,2016,Q4,2016-12-31,Net margin,net_margin,2.478496868475992,0.2054263565891473,YoY delta + Trend,2,"Net margin rose 22,731 bps year over year (20.5% to 247.8%), 5.8x its usual yearly move; 23.6 sigma above its rolling median of 21.5%.",87.16488391317294,49.35819526084959,74.65509739840606,0.0,0.0,0.09090909090909091,False,False,1.0,False,0001065088-18-000009,10-K,2018-02-05 00:00:00,https://www.sec.gov/Archives/edgar/data/1065088/000106508818000009/0001065088-18-000009-index.htm
683,87.15368834842253,VRTX,Vertex Pharmaceuticals,Health Care,875320,Q,2011,Q4,2011-12-31,Operating margin,operating_margin,0.3974544679944616,-2.543098711922349,YoY delta,1,"Operating margin rose 29,406 bps year over year (-254.3% to 39.7%).",93.63169516507605,93.63169516507605,0.0,0.0,0.0,0.13953488372093023,False,False,0.9534883720930233,False,0000875320-13-000009,10-K,2013-03-01 00:00:00,https://www.sec.gov/Archives/edgar/data/875320/000087532013000009/0000875320-13-000009-index.htm
684,87.1403420975036,IEX,IDEX Corporation,Industrials,832101,Q,2012,Q4,2012-12-31,Return on assets,roa,-0.16579853991720103,0.0661631617664383,YoY delta + Trend,2,"Return on assets fell 2,320 bps year over year (6.6% to -16.6%); 42.3 sigma below its rolling median of 7.0%.",94.57622657849389,65.90538134519478,84.09199564183511,0.0,0.0,0.14492753623188406,False,False,0.043478260869565216,False,0001445305-14-000435,10-K,2014-02-13 00:00:00,https://www.sec.gov/Archives/edgar/data/832101/000144530514000435/0001445305-14-000435-index.htm
685,87.13302106763818,JNJ,Johnson & Johnson,Health Care,200406,Q,2023,Q3,2023-10-01,Return on equity,roe,1.4225185650751142,0.23625427276822386,YoY delta + Trend,2,"Return on equity rose 11,863 bps year over year (23.6% to 142.3%), 6.4x its usual yearly move; 22.0 sigma above its rolling median of 24.6%. An input changed XBRL tag versus the comparison period.",87.13302106763818,51.69865263311849,73.36103518059572,0.0,0.0,0.08620689655172414,False,False,1.0,True,0000200406-24-000096,10-Q,2024-10-23 00:00:00,https://www.sec.gov/Archives/edgar/data/200406/000020040624000096/0000200406-24-000096-index.htm
686,87.12211133583067,NDSN,Nordson Corporation,Industrials,72331,Q,2010,Q4,2010-11-01,Return on equity,roe,0.44613641664722936,-2.2599628083983827,YoY delta,1,"Return on equity rose 27,061 bps year over year (-226.0% to 44.6%).",87.12211133583067,87.12211133583067,0.0,0.0,0.0,0.05970149253731343,False,False,0.9552238805970149,False,0001193125-11-343516,10-K,2011-12-16 00:00:00,https://www.sec.gov/Archives/edgar/data/72331/000119312511343516/0001193125-11-343516-index.htm
687,87.12061557680613,MAS,Masco,Industrials,62996,A,2015,FY,2015-12-31,Days sales outstanding,dso,43.59353122374685,42.720525264059376,Trend,1,Days sales outstanding of 44 days is 54.1 sigma above its rolling median of 4 days.,87.12061557680613,0.0,87.12061557680613,0.0,0.0,0.0625,False,False,0.265625,False,0000062996-17-000008,10-K,2017-02-09 00:00:00,https://www.sec.gov/Archives/edgar/data/62996/000006299617000008/0000062996-17-000008-index.htm
688,87.11934573388311,CNP,CenterPoint Energy,Utilities,1130310,Q,2020,Q1,2020-03-31,Days payables outstanding,dpo,1053.65234375,2292.898936170213,YoY delta + Trend,2,Days payables outstanding fell 54% year over year (2293 days to 1054 days); 25.2 sigma above its rolling median of 87 days. Reverses the prior year's flagged move.,87.11934573388311,46.556557693012756,75.89853177471528,0.0,0.0,0.09090909090909091,False,True,1.0,False,0001130310-20-000044,10-Q,2020-05-07 00:00:00,https://www.sec.gov/Archives/edgar/data/1130310/000113031020000044/0001130310-20-000044-index.htm
689,87.11583207415593,ISRG,Intuitive Surgical,Health Care,1035267,Q,2014,Q1,2014-03-31,SG&A % of revenue,sga_pct,0.4643856251344954,0.23143604841347726,YoY delta + Trend,2,"SG&A % of revenue rose 2,329 bps year over year (23.1% to 46.4%), 9.6x its usual yearly move; 23.6 sigma above its rolling median of 25.0%.",90.27547365197506,61.590594612479734,74.68191384398634,0.0,0.0,0.12,False,False,0.96,False,0001035267-15-000036,10-Q,2015-04-22 00:00:00,https://www.sec.gov/Archives/edgar/data/1035267/000103526715000036/0001035267-15-000036-index.htm
690,87.09269105026824,IBM,IBM,Information Technology,51143,Q,2022,Q3,2022-09-30,EBITDA margin,ebitda_margin,-0.25661019352094705,0.16149724549090635,YoY delta + Trend,2,"EBITDA margin fell 4,181 bps year over year (16.1% to -25.7%), 11.8x its usual yearly move; 12.9 sigma below its rolling median of 16.1%.",87.09269105026824,66.29187569100141,61.708611160289124,0.0,0.0,0.0945945945945946,False,False,0.013513513513513514,False,0000051143-23-000032,10-Q,2023-10-31 00:00:00,https://www.sec.gov/Archives/edgar/data/51143/000005114323000032/0000051143-23-000032-index.htm
691,87.06308152842631,IEX,IDEX Corporation,Industrials,832101,Q,2012,Q4,2012-12-31,EBITDA margin,ebitda_margin,-0.23626125116637262,0.17727275564145184,YoY delta + Trend,2,"EBITDA margin fell 4,135 bps year over year (17.7% to -23.6%), 31.8x its usual yearly move; 37.4 sigma below its rolling median of 18.8%.",96.56910256185934,80.52709291413643,82.38117491644927,0.0,0.0,0.15625,False,False,0.015625,False,0001445305-14-000435,10-K,2014-02-13 00:00:00,https://www.sec.gov/Archives/edgar/data/832101/000144530514000435/0001445305-14-000435-index.htm
692,87.06050145177127,PM,Philip Morris International,Consumer Staples,1413329,A,2023,FY,2023-12-31,Days sales outstanding,dso,35.914738158867344,17.41995066258414,YoY delta + Trend,2,"Days sales outstanding rose 106% year over year (17 days to 36 days), 5.2x its usual yearly move; 25.2 sigma above its rolling median of 14 days. An input changed XBRL tag versus the comparison period.",87.06050145177127,46.2547252766995,75.9243977915346,0.0,0.0,0.03125,False,False,0.78125,True,0001413329-25-000013,10-K,2025-02-06 00:00:00,https://www.sec.gov/Archives/edgar/data/1413329/000141332925000013/0001413329-25-000013-index.htm
693,87.04709256667078,JBL,Jabil,Information Technology,898293,Q,2024,Q2,2024-02-29,Return on equity,roe,1.4280762564991334,0.31833910034602075,YoY delta + Trend,2,"Return on equity rose 11,097 bps year over year (31.8% to 142.8%), 7.1x its usual yearly move; 20.3 sigma above its rolling median of 33.6%.",87.04709256667078,54.2409614528441,71.6932264213093,0.0,0.0,0.09523809523809523,False,False,0.9841269841269841,False,0001628280-25-017004,10-Q,2025-04-08 00:00:00,https://www.sec.gov/Archives/edgar/data/898293/000162828025017004/0001628280-25-017004-index.htm
694,87.03559238577604,DLR,Digital Realty,Real Estate,1297996,Q,2014,Q4,2014-12-31,EBITDA margin,ebitda_margin,0.3084814757311701,0.5902145007888567,YoY delta + Trend,2,"EBITDA margin fell 2,817 bps year over year (59.0% to 30.8%), 15.6x its usual yearly move; 16.8 sigma below its rolling median of 58.3%.",91.01761295244553,72.18479562177191,67.70691696018851,0.0,0.0,0.125,False,False,0.25,False,0001297996-17-000020,10-K,2017-03-01 00:00:00,https://www.sec.gov/Archives/edgar/data/1297996/000129799617000020/0001297996-17-000020-index.htm
695,87.03541977462623,VRTX,Vertex Pharmaceuticals,Health Care,875320,Q,2012,Q1,2012-03-31,EBITDA margin,ebitda_margin,0.22840334870320944,-2.050460210149059,YoY delta,1,"EBITDA margin rose 22,789 bps year over year (-205.0% to 22.8%).",91.9317866735432,91.9317866735432,0.0,0.0,0.0,0.13043478260869565,False,False,0.6521739130434783,False,0000875320-14-000015,10-K,2014-02-11 00:00:00,https://www.sec.gov/Archives/edgar/data/875320/000087532014000015/0000875320-14-000015-index.htm
696,87.02986151894561,CCI,Crown Castle,Real Estate,1051470,Q,2025,Q1,2025-03-31,Net margin,net_margin,-0.43732327992459946,0.2791741472172352,Trend,1,Net margin of -43.7% is 53.7 sigma below its rolling median of 23.8%.,87.02986151894561,0.0,87.02986151894561,0.0,0.0,0.06451612903225806,False,False,0.03225806451612903,False,0001051470-26-000059,10-Q,2026-05-07 00:00:00,https://www.sec.gov/Archives/edgar/data/1051470/000105147026000059/0001051470-26-000059-index.htm
697,87.01442643095055,BALL,Ball Corporation,Materials,9389,Q,2016,Q2,2016-06-30,Debt / EBITDA,debt_to_ebitda,16.86813186813187,2.9018914787925105,YoY delta + Trend,2,"Debt / EBITDA rose 481% year over year (2.90x to 16.87x), 5.7x its usual yearly move; 32.1 sigma above its rolling median of 3.18x. An input changed XBRL tag versus the comparison period.",89.78726854787007,48.7959884692082,80.05482159149103,0.0,0.0,0.11764705882352941,False,False,1.0,True,0001558370-16-007939,10-Q,2016-08-12 00:00:00,https://www.sec.gov/Archives/edgar/data/9389/000155837016007939/0001558370-16-007939-index.htm
698,86.98057551685454,ARES,Ares Management,Financials,1176948,Q,2014,Q2,2014-06-30,Net margin,net_margin,0.13555896609886187,-1.5311415197867908,YoY delta,1,"Net margin rose 16,667 bps year over year (-153.1% to 13.6%). An input changed XBRL tag versus the comparison period.",89.28590839761257,89.28590839761257,0.0,0.0,0.0,0.11475409836065574,False,False,0.4262295081967213,True,0001558370-16-003647,10-K,2016-02-29 00:00:00,https://www.sec.gov/Archives/edgar/data/1176948/000155837016003647/0001558370-16-003647-index.htm
699,86.97007723350893,IVZ,Invesco,Financials,914208,Q,2025,Q4,2025-12-31,Return on equity,roe,-0.303667395927826,0.05711907539690662,YoY delta + Trend,2,"Return on equity fell 3,608 bps year over year (5.7% to -30.4%), 6.0x its usual yearly move; 22.8 sigma below its rolling median of 3.8%. Reverses the prior year's flagged move. An input changed XBRL tag versus the comparison period.",86.97007723350893,49.82787233635773,74.02955909335826,0.0,0.0,0.04285714285714286,False,True,0.014285714285714285,True,0000914208-26-000079,10-K,2026-02-24 00:00:00,https://www.sec.gov/Archives/edgar/data/914208/000091420826000079/0000914208-26-000079-index.htm
700,86.95572567441064,KMB,Kimberly-Clark,Consumer Staples,55785,Q,2014,Q4,2014-12-31,Interest coverage,interest_coverage,0.38571428571428573,11.416666666666666,YoY delta + Trend,2,"Interest coverage fell 97% year over year (11.42x to 0.39x), 13.3x its usual yearly move; 11.1 sigma below its rolling median of 10.91x.",86.95572567441064,68.93591414462335,58.0085041410236,0.0,0.0,0.08695652173913043,False,False,0.043478260869565216,False,0000055785-17-000017,10-K,2017-02-08 00:00:00,https://www.sec.gov/Archives/edgar/data/55785/000005578517000017/0000055785-17-000017-index.htm
701,86.92434556374535,GILD,Gilead Sciences,Health Care,882095,Q,2026,Q2,2026-06-30,Return on assets,roa,-0.7948504354411208,0.13980651776559225,YoY delta + Trend,2,"Return on assets fell 9,347 bps year over year (14.0% to -79.5%), 6.2x its usual yearly move; 22.1 sigma below its rolling median of 12.2%.",86.92434556374535,50.73446690243254,73.45881874380798,0.0,0.0,0.07692307692307693,False,False,0.019230769230769232,False,0000882095-26-000031,10-Q,2026-08-06 00:00:00,https://www.sec.gov/Archives/edgar/data/882095/000088209526000031/0000882095-26-000031-index.htm
702,86.92309964915597,GD,General Dynamics,Industrials,40533,Q,2016,Q4,2016-12-31,Gross margin,gross_margin,0.4952022349082959,0.4898194391087207,Trend,1,Gross margin of 49.5% is 53.2 sigma above its rolling median of 19.3%.,86.92309964915597,0.0,86.92309964915597,0.0,0.0,0.078125,False,False,0.859375,False,0000040533-19-000010,10-K,2019-02-13 00:00:00,https://www.sec.gov/Archives/edgar/data/40533/000004053319000010/0000040533-19-000010-index.htm
703,86.9048085939701,DLTR,Dollar Tree,Consumer Staples,935703,Q,2018,Q4,2019-02-02,Accruals / assets,accruals,-0.8018706157443491,0.030564825499797273,YoY delta + Trend,2,"Accruals / assets fell 8,324 bps year over year (3.1% to -80.2%), 8.4x its usual yearly move; 17.4 sigma below its rolling median of -2.7%.",86.9048085939701,58.422866804592275,68.5038616191164,0.0,0.0,0.0967741935483871,False,False,0.03225806451612903,False,0000935703-20-000006,10-K,2020-03-20 00:00:00,https://www.sec.gov/Archives/edgar/data/935703/000093570320000006/0000935703-20-000006-index.htm
704,86.90207665690049,APA,APA Corporation,Energy,1841666,Q,2024,Q3,2024-09-30,Return on equity,roe,-0.16930815222549112,2.484611080022384,YoY delta,1,"Return on equity fell 26,539 bps year over year (248.5% to -16.9%). An input changed XBRL tag versus the comparison period.",86.90207665690049,86.90207665690049,0.0,0.0,0.0,0.05,False,False,0.05,True,0001841666-25-000031,10-Q,2025-11-06 00:00:00,https://www.sec.gov/Archives/edgar/data/1841666/000184166625000031/0001841666-25-000031-index.htm
705,86.89205081094572,VTRS,Viatris,Health Care,1792044,Q,2025,Q1,2025-03-31,EBITDA margin,ebitda_margin,-0.6814061395691854,0.24428126876671943,YoY delta + Trend,2,"EBITDA margin fell 9,257 bps year over year (24.4% to -68.1%), 12.1x its usual yearly move; 12.2 sigma below its rolling median of 25.7%.",86.89205081094572,66.9235326106914,60.370770449049836,0.0,0.0,0.08771929824561403,False,False,0.017543859649122806,False,0001792044-26-000029,10-Q,2026-05-07 00:00:00,https://www.sec.gov/Archives/edgar/data/1792044/000179204426000029/0001792044-26-000029-index.htm
706,86.88746754682653,VRTX,Vertex Pharmaceuticals,Health Care,875320,Q,2024,Q2,2024-06-30,Net margin,net_margin,-1.3583308134260659,0.3672789988769453,Trend,1,Net margin of -135.8% is 54.2 sigma below its rolling median of 37.0%.,87.14595130068449,0.0,87.14595130068449,0.0,0.0,0.1016949152542373,False,False,0.03389830508474576,False,0000875320-25-000216,10-Q,2025-08-05 00:00:00,https://www.sec.gov/Archives/edgar/data/875320/000087532025000216/0000875320-25-000216-index.htm
707,86.85552420597415,NRG,NRG Energy,Utilities,1013871,A,2015,FY,2015-12-31,Return on assets,roa,-0.17401974150624422,0.0036037005163511186,YoY delta + Trend,2,"Return on assets fell 1,776 bps year over year (0.4% to -17.4%), 12.9x its usual yearly move; 13.1 sigma below its rolling median of 1.0%.",87.95496122123964,68.21261416201969,62.10748867442677,0.0,0.0,0.10714285714285714,False,False,0.03571428571428571,False,0001013871-18-000011,10-K,2018-03-01 00:00:00,https://www.sec.gov/Archives/edgar/data/1013871/000101387118000011/0001013871-18-000011-index.htm
708,86.85348004148821,INCY,Incyte,Health Care,879169,Q,2016,Q3,2016-09-30,Return on equity,roe,0.44227035794971586,-2.2003599446880364,YoY delta,1,"Return on equity rose 26,426 bps year over year (-220.0% to 44.2%).",86.85348004148821,86.85348004148821,0.0,0.0,0.0,0.07692307692307693,False,False,0.9038461538461539,False,0001558370-18-000722,10-K,2018-02-15 00:00:00,https://www.sec.gov/Archives/edgar/data/879169/000155837018000722/0001558370-18-000722-index.htm
709,86.85223968937783,T,AT&T,Communication Services,732717,Q,2018,Q2,2018-06-30,Days sales outstanding,dso,59.66616221207613,35.101735238290665,YoY delta + Trend,2,"Days sales outstanding rose 70% year over year (35 days to 60 days), 9.0x its usual yearly move; 19.8 sigma above its rolling median of 36 days.",86.85223968937783,54.31138697008471,71.22311350967583,0.0,0.0,0.07142857142857142,False,False,0.6428571428571429,False,0001193125-18-236782,10-Q,2018-08-02 00:00:00,https://www.sec.gov/Archives/edgar/data/732717/000119312518236782/0001193125-18-236782-index.htm
710,86.84681639967664,DPZ,Domino's,Consumer Discretionary,1286681,A,2024,FY,2024-12-29,Current ratio,current_ratio,0.5614259436811534,1.493178039645565,YoY delta + Trend,2,"Current ratio fell 62% year over year (1.49x to 0.56x), 6.7x its usual yearly move; 20.7 sigma below its rolling median of 1.48x.",86.84681639967664,52.786976816845936,72.14077236846694,0.0,0.0,0.09302325581395349,False,False,0.13953488372093023,False,0001193125-26-062321,10-K,2026-02-23 00:00:00,https://www.sec.gov/Archives/edgar/data/1286681/000119312526062321/0001193125-26-062321-index.htm
711,86.82981176343209,KLAC,KLA Corporation,Information Technology,319201,Q,2015,Q3,2015-03-31,Return on equity,roe,0.9607911831253193,0.2265114632757243,YoY delta + Trend,2,"Return on equity rose 7,343 bps year over year (22.7% to 96.1%), 9.3x its usual yearly move; 15.8 sigma above its rolling median of 15.7%.",86.82981176343209,60.753536697530976,66.44235651231443,0.0,0.0,0.07692307692307693,False,False,0.9807692307692307,False,0000319201-16-000090,10-K,2016-08-05 00:00:00,https://www.sec.gov/Archives/edgar/data/319201/000031920116000090/0000319201-16-000090-index.htm
712,86.82626333865822,ROP,Roper Technologies,Information Technology,882835,Q,2022,Q4,2022-12-31,Return on equity,roe,0.516035804600008,0.1005147100554001,YoY delta + Trend,2,"Return on equity rose 4,155 bps year over year (10.1% to 51.6%), 4.2x its usual yearly move; 27.7 sigma above its rolling median of 10.1%.",86.82626333865822,41.22213109353686,77.58725025858635,0.0,0.0,0.08955223880597014,False,False,0.8656716417910447,False,0000882835-24-000008,10-K,2024-02-22 00:00:00,https://www.sec.gov/Archives/edgar/data/882835/000088283524000008/0000882835-24-000008-index.htm
713,86.81717354921071,F,Ford Motor Company,Consumer Discretionary,37996,Q,2025,Q4,2025-12-31,Gross margin,gross_margin,-0.1249073872303334,0.14332828607579184,YoY delta + Trend,2,"Gross margin fell 2,682 bps year over year (14.3% to -12.5%), 7.3x its usual yearly move; 19.4 sigma below its rolling median of 14.2%.",86.81717354921071,54.821023351025694,70.82088301110603,0.0,0.0,0.03125,False,False,0.03125,False,0000037996-26-000015,10-K,2026-02-11 00:00:00,https://www.sec.gov/Archives/edgar/data/37996/000003799626000015/0000037996-26-000015-index.htm
714,86.81656722416301,DAL,Delta Air Lines,Industrials,27904,Q,2020,Q2,2020-06-30,Days sales outstanding,dso,85.46917574931881,20.7015794511806,YoY delta + Trend,2,"Days sales outstanding rose 313% year over year (21 days to 85 days), 15.3x its usual yearly move; 26.6 sigma above its rolling median of 21 days.",93.4998296991365,71.85712614187055,76.90296188786049,0.0,0.0,0.14084507042253522,False,False,0.8591549295774648,False,0000027904-20-000010,10-Q,2020-07-15 00:00:00,https://www.sec.gov/Archives/edgar/data/27904/000002790420000010/0000027904-20-000010-index.htm
715,86.81189104879688,NI,NiSource,Utilities,1111711,Q,2018,Q3,2018-09-30,EBITDA margin,ebitda_margin,-0.1870391061452514,0.2772082878953108,YoY delta + Trend,2,"EBITDA margin fell 4,642 bps year over year (27.7% to -18.7%), 8.5x its usual yearly move; 17.1 sigma below its rolling median of 29.9%.",86.81189104879688,58.65328904532316,68.10360813062114,0.0,0.0,0.07142857142857142,False,False,0.03571428571428571,False,0001111711-20-000013,10-K,2020-02-28 00:00:00,https://www.sec.gov/Archives/edgar/data/1111711/000111171120000013/0001111711-20-000013-index.htm
716,86.80822017760815,ABBV,AbbVie,Health Care,1551152,Q,2018,Q4,2018-12-31,Operating margin,operating_margin,-0.2939193257074052,0.23181289572296163,YoY delta + Trend,2,"Operating margin fell 5,257 bps year over year (23.2% to -29.4%), 4.1x its usual yearly move; 28.2 sigma below its rolling median of 36.8%.",86.80822017760815,40.36737277212178,77.87825149480466,0.0,0.0,0.09302325581395349,False,False,0.06976744186046512,False,0001551152-21-000008,10-K,2021-02-19 00:00:00,https://www.sec.gov/Archives/edgar/data/1551152/000155115221000008/0001551152-21-000008-index.htm
717,86.80682124757672,EMR,Emerson Electric,Industrials,32604,A,2023,FY,2023-09-30,Return on assets,roa,0.33714198270805174,0.10700978687465845,YoY delta + Trend,2,"Return on assets rose 2,301 bps year over year (10.7% to 33.7%), 10.3x its usual yearly move; 14.3 sigma above its rolling median of 10.2%.",86.80682124757672,63.23414376064832,64.11567660349444,0.0,0.0,0.09876543209876543,False,False,1.0,False,0000032604-25-000087,10-K,2025-11-10 00:00:00,https://www.sec.gov/Archives/edgar/data/32604/000003260425000087/0000032604-25-000087-index.htm
718,86.79799878913184,ALGN,Align Technology,Health Care,1097149,Q,2015,Q1,2015-03-31,SG&A % of revenue,sga_pct,0.44567006249810687,0.16152585720137727,YoY delta + Trend,2,"SG&A % of revenue rose 2,841 bps year over year (16.2% to 44.6%), 8.2x its usual yearly move; 17.6 sigma above its rolling median of 16.3%. An input changed XBRL tag versus the comparison period.",86.79799878913184,57.72005200538837,68.77479316542517,0.0,0.0,0.061224489795918366,False,False,0.9591836734693877,True,0001097149-16-000051,10-Q,2016-05-05 00:00:00,https://www.sec.gov/Archives/edgar/data/1097149/000109714916000051/0001097149-16-000051-index.htm
719,86.7747526336795,PM,Philip Morris International,Consumer Staples,1413329,Q,2023,Q2,2023-06-30,Days sales outstanding,dso,41.82418869187019,17.08841687490813,YoY delta + Trend,2,"Days sales outstanding rose 145% year over year (17 days to 42 days), 7.1x its usual yearly move; 19.6 sigma above its rolling median of 16 days. An input changed XBRL tag versus the comparison period.",86.7747526336795,54.33325502400663,71.03965396860909,0.0,0.0,0.038461538461538464,False,False,0.8461538461538461,True,0001413329-23-000176,10-Q,2023-07-27 00:00:00,https://www.sec.gov/Archives/edgar/data/1413329/000141332923000176/0001413329-23-000176-index.htm
720,86.76276116720523,PYPL,PayPal,Financials,1633917,Q,2018,Q3,2018-09-30,Accruals / assets,accruals,-0.3966229903631105,-0.06855484524510273,YoY delta + Trend,2,"Accruals / assets fell 3,281 bps year over year (-6.9% to -39.7%), 5.1x its usual yearly move; 24.5 sigma below its rolling median of -5.1%.",86.76276116720523,46.165755187391,75.41111818532586,0.0,0.0,0.0410958904109589,False,False,0.0136986301369863,False,0001633917-20-000028,10-K,2020-02-06 00:00:00,https://www.sec.gov/Archives/edgar/data/1633917/000163391720000028/0001633917-20-000028-index.htm
721,86.7529944764731,ROK,Rockwell Automation,Industrials,1024478,A,2020,FY,2020-09-30,Return on equity,roe,1.4293296089385474,0.6883316021170303,YoY delta + Trend,2,"Return on equity rose 7,410 bps year over year (68.8% to 142.9%), 4.4x its usual yearly move; 37.1 sigma above its rolling median of 34.2%.",89.80224997950866,42.48041854257616,82.27082019357225,0.0,0.0,0.11940298507462686,False,False,0.9850746268656716,False,0001024478-22-000093,10-K,2022-11-08 00:00:00,https://www.sec.gov/Archives/edgar/data/1024478/000102447822000093/0001024478-22-000093-index.htm
722,86.74444668058216,ES,Eversource Energy,Utilities,72741,A,2023,FY,2023-12-31,Net margin,net_margin,-0.036496580177243915,0.11492891072389916,YoY delta + Trend,2,"Net margin fell 1,514 bps year over year (11.5% to -3.6%), 10.9x its usual yearly move; 16.0 sigma below its rolling median of 12.4%.",86.74444668058216,60.22678542196082,66.67215999499092,0.0,0.0,0.06451612903225806,False,False,0.03225806451612903,False,0000072741-24-000005,10-K,2024-02-14 00:00:00,https://www.sec.gov/Archives/edgar/data/72741/000007274124000005/0000072741-24-000005-index.htm
723,86.7422814618723,PM,Philip Morris International,Consumer Staples,1413329,Q,2024,Q1,2024-03-31,Gross margin,gross_margin,0.6366427840327533,0.2578424267522518,YoY delta + Trend,2,"Gross margin rose 3,788 bps year over year (25.8% to 63.7%), 4.4x its usual yearly move; 27.0 sigma above its rolling median of 25.7%. An input changed XBRL tag versus the comparison period.",86.7422814618723,42.06826110842805,77.11493079304672,0.0,0.0,0.0625,False,False,0.96875,True,0001413329-25-000094,10-Q,2025-04-24 00:00:00,https://www.sec.gov/Archives/edgar/data/1413329/000141332925000094/0001413329-25-000094-index.htm
724,86.73571787491176,GD,General Dynamics,Industrials,40533,A,2015,FY,2015-12-31,Gross margin,gross_margin,0.49699505994147447,0.5029495656683521,Trend,1,Gross margin of 49.7% is 52.3 sigma above its rolling median of 18.1%.,86.73571787491176,0.0,86.73571787491176,0.0,0.0,0.06779661016949153,False,False,0.8305084745762712,False,0000040533-18-000008,10-K,2018-02-12 00:00:00,https://www.sec.gov/Archives/edgar/data/40533/000004053318000008/0000040533-18-000008-index.htm
725,86.7337044003414,CNP,CenterPoint Energy,Utilities,1130310,Q,2011,Q3,2011-09-30,Return on equity,roe,1.0351063829787235,0.15896607431340873,YoY delta + Trend,2,"Return on equity rose 8,761 bps year over year (15.9% to 103.5%); 51.1 sigma above its rolling median of 15.9%.",95.75695602585462,68.65548425326753,86.46320138288402,0.0,0.0,0.15384615384615385,False,False,1.0,False,0001130310-13-000006,10-K,2013-02-27 00:00:00,https://www.sec.gov/Archives/edgar/data/1130310/000113031013000006/0001130310-13-000006-index.htm
726,86.72944341442785,GEN,Gen Digital,Information Technology,849399,Q,2016,Q4,2016-04-01,Accruals / assets,accruals,0.605830485592541,-0.09477881146762863,YoY delta + Trend,2,"Accruals / assets rose 7,006 bps year over year (-9.5% to 60.6%), 12.8x its usual yearly move; 11.2 sigma above its rolling median of -2.9%.",86.72944341442785,68.08105792515119,58.424196658983355,0.0,0.0,0.06153846153846154,False,False,1.0,False,0001193125-18-309091,10-K,2018-10-26 00:00:00,https://www.sec.gov/Archives/edgar/data/849399/000119312518309091/0001193125-18-309091-index.htm
727,86.72467017574368,ECL,Ecolab,Materials,31462,Q,2011,Q4,2011-12-31,Days payables outstanding,dpo,77.01254526642525,40.67069669516397,YoY delta + Trend,2,Days payables outstanding rose 89% year over year (41 days to 77 days); 27.1 sigma above its rolling median of 42 days.,86.72467017574368,41.70124220072678,77.22879470268607,0.0,0.0,0.1,False,False,0.9,False,0001104659-13-014387,10-K,2013-02-26 00:00:00,https://www.sec.gov/Archives/edgar/data/31462/000110465913014387/0001104659-13-014387-index.htm
728,86.71746945707544,CHD,Church & Dwight,Consumer Staples,313927,Q,2022,Q4,2022-12-31,Operating margin,operating_margin,-0.1381615598885794,0.12888142032585664,YoY delta + Trend,2,"Operating margin fell 2,670 bps year over year (12.9% to -13.8%), 12.8x its usual yearly move; 11.2 sigma below its rolling median of 21.3%.",86.71746945707544,68.09409481616485,58.36967963643909,0.0,0.0,0.0967741935483871,False,False,0.03225806451612903,False,0000950170-25-019801,10-K,2025-02-13 00:00:00,https://www.sec.gov/Archives/edgar/data/313927/000095017025019801/0000950170-25-019801-index.htm
729,86.7073419903506,PLTR,Palantir Technologies,Information Technology,1321655,Q,2020,Q3,2020-09-30,SG&A % of revenue,sga_pct,1.1714472329160994,0.3886932471226665,YoY delta,1,"SG&A % of revenue rose 7,828 bps year over year (38.9% to 117.1%). An input changed XBRL tag versus the comparison period.",86.7073419903506,86.7073419903506,0.0,0.0,0.0,0.09859154929577464,False,False,1.0,True,0001193125-21-323920,10-Q,2021-11-09 00:00:00,https://www.sec.gov/Archives/edgar/data/1321655/000119312521323920/0001193125-21-323920-index.htm
730,86.7043235252784,HPQ,HP Inc.,Information Technology,47217,Q,2015,Q1,2015-01-31,Days sales outstanding,dso,80.95820103911099,43.728955033032605,YoY delta + Trend,2,"Days sales outstanding rose 85% year over year (44 days to 81 days), 7.7x its usual yearly move; 18.4 sigma above its rolling median of 48 days.",86.7043235252784,56.20573229209867,69.64060099508686,0.0,0.0,0.05263157894736842,False,False,0.9298245614035088,False,0001047469-15-001999,10-Q,2015-03-11 00:00:00,https://www.sec.gov/Archives/edgar/data/47217/000104746915001999/0001047469-15-001999-index.htm
731,86.6951099623188,COHR,Coherent Corp.,Information Technology,820318,Q,2014,Q2,2013-12-31,Interest coverage,interest_coverage,8.184773310521814,50.0,YoY delta + Trend,2,"Interest coverage fell 84% year over year (50.00x to 8.18x), 10.8x its usual yearly move; 16.7 sigma below its rolling median of 50.00x.",88.4142764488237,64.19129361612055,67.64551216406964,0.0,0.0,0.1111111111111111,False,False,0.37777777777777777,False,0001564590-15-007628,10-K,2015-08-28 00:00:00,https://www.sec.gov/Archives/edgar/data/820318/000156459015007628/0001564590-15-007628-index.htm
732,86.66883724404688,HPE,Hewlett Packard Enterprise,Information Technology,1645590,Q,2017,Q2,2017-04-30,Gross margin,gross_margin,0.2950940070505288,0.6061816899753203,YoY delta + Trend,2,"Gross margin fell 3,111 bps year over year (60.6% to 29.5%); 8.7 sigma below its rolling median of 54.9%. Reverses the prior year's flagged move. An input changed XBRL tag versus the comparison period.",86.66883724404688,72.16343571084228,52.1091661403574,0.0,0.0,0.07692307692307693,False,True,0.13846153846153847,True,0001628280-18-015054,10-K,2018-12-12 00:00:00,https://www.sec.gov/Archives/edgar/data/1645590/000162828018015054/0001628280-18-015054-index.htm
733,86.66203377413828,UBER,Uber,Industrials,1543151,Q,2019,Q1,2019-03-31,Net margin,net_margin,-0.32655695385608263,1.4504643962848298,YoY delta,1,"Net margin fell 17,770 bps year over year (145.0% to -32.7%).",89.88377136211781,89.88377136211781,0.0,0.0,0.0,0.12048192771084337,False,False,0.04819277108433735,False,0001543151-20-000022,10-Q,2020-05-08 00:00:00,https://www.sec.gov/Archives/edgar/data/1543151/000154315120000022/0001543151-20-000022-index.htm
734,86.64225797373544,OMC,Omnicom Group,Communication Services,29989,Q,2025,Q4,2025-12-31,Gross margin,gross_margin,-0.10580957893213717,0.19848688168062562,YoY delta + Trend,2,"Gross margin fell 3,043 bps year over year (19.8% to -10.6%), 9.8x its usual yearly move; 18.1 sigma below its rolling median of 19.1%.",88.36037640380951,61.98246959940383,69.38353577009838,0.0,0.0,0.1111111111111111,False,False,0.1111111111111111,False,0000029989-26-000006,10-K,2026-02-20 00:00:00,https://www.sec.gov/Archives/edgar/data/29989/000002998926000006/0000029989-26-000006-index.htm
735,86.63839249895753,ABNB,Airbnb,Consumer Discretionary,1559720,Q,2021,Q4,2021-12-31,Return on equity,roe,0.04726920205630266,-20.39908284559223,YoY delta,1,"Return on equity rose 204,464 bps year over year (-2039.9% to 4.7%).",98.08119905542361,98.08119905542361,0.0,0.0,0.0,0.16666666666666666,False,False,0.2222222222222222,False,0001559720-24-000006,10-K,2024-02-16 00:00:00,https://www.sec.gov/Archives/edgar/data/1559720/000155972024000006/0001559720-24-000006-index.htm
736,86.6305434080946,LYV,Live Nation Entertainment,Communication Services,1335258,A,2020,FY,2020-12-31,Trade working capital % of revenue,nwc_pct,0.22694121679925294,0.0788428683866401,YoY delta + Trend,2,"Trade working capital % of revenue rose 1,481 bps year over year (7.9% to 22.7%), 19.7x its usual yearly move; 16.1 sigma above its rolling median of 6.2%.",86.6305434080946,59.69340358780229,66.83059900374148,0.0,0.0,0.0625,False,False,1.0,False,0001335258-22-000019,10-K,2022-02-23 00:00:00,https://www.sec.gov/Archives/edgar/data/1335258/000133525822000019/0001335258-22-000019-index.htm
737,86.6245557463136,LH,Labcorp,Health Care,920148,Q,2014,Q1,2014-03-31,Return on assets,roa,0.29298696832708854,0.08811469276585555,YoY delta + Trend,2,"Return on assets rose 2,049 bps year over year (8.8% to 29.3%), 10.7x its usual yearly move; 26.9 sigma above its rolling median of 8.9%.",91.77614102058213,64.15163158051698,77.05932140847914,0.0,0.0,0.1320754716981132,False,False,0.9811320754716981,False,0000920148-17-000018,10-K,2017-02-27 00:00:00,https://www.sec.gov/Archives/edgar/data/920148/000092014817000018/0000920148-17-000018-index.htm
738,86.62286745492887,SNPS,Synopsys,Information Technology,883241,A,2024,FY,2024-10-31,Quick ratio,quick_ratio,1.8809982189485759,0.818055630455834,YoY delta + Trend + Benford,3,"Quick ratio rose 130% year over year (0.82x to 1.88x), 3.9x its usual yearly move; 12.3 sigma above its rolling median of 0.87x; the filing's leading digits also depart from Benford's Law.",86.62286745492887,39.3282712838424,60.557820416417314,44.09949199398369,0.0,0.09722222222222222,False,False,0.8472222222222222,False,0000883241-25-000028,10-K,2025-12-22 00:00:00,https://www.sec.gov/Archives/edgar/data/883241/000088324125000028/0000883241-25-000028-index.htm
739,86.59524645627708,PLD,Prologis,Real Estate,1045609,Q,2012,Q4,2012-12-31,EBITDA margin,ebitda_margin,0.05338386273285544,0.5428360009369999,YoY delta + Trend,2,"EBITDA margin fell 4,895 bps year over year (54.3% to 5.3%); 9.3 sigma below its rolling median of 55.0%. Reverses the prior year's flagged move.",86.59524645627708,70.99145989728142,53.790320035903235,0.0,0.0,0.08333333333333333,False,True,0.041666666666666664,False,0001193125-14-070012,10-K,2014-02-26 00:00:00,https://www.sec.gov/Archives/edgar/data/1045609/000119312514070012/0001193125-14-070012-index.htm
740,86.59147394245974,WM,Waste Management,Industrials,823768,Q,2013,Q4,2013-12-31,Net margin,net_margin,-0.17285714285714285,0.06523005241700641,YoY delta + Trend,2,"Net margin fell 2,381 bps year over year (6.5% to -17.3%), 18.0x its usual yearly move; 18.7 sigma below its rolling median of 6.7%.",91.14891993943131,70.4218315872887,70.07563167175383,0.0,0.0,0.12857142857142856,False,False,0.02857142857142857,False,0001193125-14-056656,10-K,2014-02-18 00:00:00,https://www.sec.gov/Archives/edgar/data/823768/000119312514056656/0001193125-14-056656-index.htm
741,86.5819932645343,KHC,Kraft Heinz,Consumer Staples,1637459,Q,2018,Q4,2018-12-29,Return on equity,roe,-0.8602621581847428,0.5135020046118124,YoY delta + Trend,2,"Return on equity fell 13,738 bps year over year (51.4% to -86.0%), 9.7x its usual yearly move; 61.5 sigma below its rolling median of 6.2%. Reverses the prior year's flagged move.",95.58946177825443,61.70351757833782,88.48317667094467,0.0,0.0,0.15384615384615385,False,True,0.038461538461538464,False,0001637459-19-000049,10-K,2019-06-07 00:00:00,https://www.sec.gov/Archives/edgar/data/1637459/000163745919000049/0001637459-19-000049-index.htm
742,86.57674209369445,IFF,International Flavors & Fragrances,Materials,51253,Q,2023,Q4,2023-12-31,Return on equity,roe,-0.6607363322675615,-0.005558450581900296,YoY delta + Trend,2,"Return on equity fell 6,552 bps year over year (-0.6% to -66.1%), 5.1x its usual yearly move; 34.1 sigma below its rolling median of 0.6%.",89.7168311851756,45.82682075831958,81.01797059214752,0.0,0.0,0.12,False,False,0.04,False,0000051253-26-000006,10-K,2026-02-27 00:00:00,https://www.sec.gov/Archives/edgar/data/51253/000005125326000006/0000051253-26-000006-index.htm
743,86.5690180794579,MO,Altria,Consumer Staples,764180,Q,2019,Q1,2019-03-31,Debt / EBITDA,debt_to_ebitda,3.1485319516407597,1.417193554966347,YoY delta + Trend,2,"Debt / EBITDA rose 122% year over year (1.42x to 3.15x), 5.5x its usual yearly move; 23.0 sigma above its rolling median of 1.47x.",86.5690180794579,47.99350023519311,74.1744166954475,0.0,0.0,0.041666666666666664,False,False,0.75,False,0000764180-19-000037,10-Q,2019-04-25 00:00:00,https://www.sec.gov/Archives/edgar/data/764180/000076418019000037/0000764180-19-000037-index.htm
744,86.56547078588662,T,AT&T,Communication Services,732717,Q,2022,Q4,2022-12-31,EBITDA margin,ebitda_margin,-0.5263376192451265,0.33982955459077024,YoY delta + Trend,2,"EBITDA margin fell 8,662 bps year over year (34.0% to -52.6%), 5.7x its usual yearly move; 35.2 sigma below its rolling median of 33.6%.",90.52598252118861,48.842113965504645,81.48082688087788,0.0,0.0,0.125,False,False,0.0625,False,0000732717-24-000009,10-K,2024-02-23 00:00:00,https://www.sec.gov/Archives/edgar/data/732717/000073271724000009/0000732717-24-000009-index.htm
745,86.5649271895588,NOW,ServiceNow,Information Technology,1373715,Q,2016,Q1,2016-03-31,Return on equity,roe,-3.0680488281924134,-0.5259754296417436,YoY delta + Trend,2,"Return on equity fell 25,421 bps year over year (-52.6% to -306.8%), 11.8x its usual yearly move; 20.5 sigma below its rolling median of -36.9%.",90.52541405444057,66.21396104941425,71.95709754725432,0.0,0.0,0.125,False,False,0.017857142857142856,False,0001373715-17-000050,10-Q,2017-05-05 00:00:00,https://www.sec.gov/Archives/edgar/data/1373715/000137371517000050/0001373715-17-000050-index.htm
746,86.5491639925799,COHR,Coherent Corp.,Information Technology,820318,Q,2020,Q1,2019-09-30,SG&A % of revenue,sga_pct,0.3099066123398618,0.17022068294358417,YoY delta + Trend,2,"SG&A % of revenue rose 1,397 bps year over year (17.0% to 31.0%), 7.6x its usual yearly move; 18.8 sigma above its rolling median of 17.5%.",86.76923088249929,55.75315432452683,70.09782524489702,0.0,0.0,0.10144927536231885,False,False,0.9420289855072463,False,0000820318-21-000017,10-K,2021-08-20 00:00:00,https://www.sec.gov/Archives/edgar/data/820318/000082031821000017/0000820318-21-000017-index.htm
747,86.5425193920508,CHTR,Charter Communications,Communication Services,1091667,Q,2016,Q2,2016-06-30,Net margin,net_margin,0.49780879727316996,-0.050205761316872426,YoY delta + Trend,2,"Net margin rose 5,480 bps year over year (-5.0% to 49.8%), 18.6x its usual yearly move; 22.3 sigma above its rolling median of -2.8%.",93.5594804238387,75.57811520567554,73.62808140976063,0.0,0.0,0.14285714285714285,False,False,1.0,False,0001091667-18-000025,10-K,2018-02-02 00:00:00,https://www.sec.gov/Archives/edgar/data/1091667/000109166718000025/0001091667-18-000025-index.htm
748,86.52667009576066,RCL,Royal Caribbean Group,Consumer Discretionary,884887,Q,2020,Q1,2020-03-31,Days payables outstanding,dpo,85.42615131263241,32.09135363555596,YoY delta + Trend,2,"Days payables outstanding rose 166% year over year (32 days to 85 days), 7.5x its usual yearly move; 18.4 sigma above its rolling median of 30 days.",86.52667009576066,55.557055942975175,69.68398428566823,0.0,0.0,0.03225806451612903,False,False,0.8387096774193549,False,0000884887-20-000029,10-Q,2020-05-21 00:00:00,https://www.sec.gov/Archives/edgar/data/884887/000088488720000029/0000884887-20-000029-index.htm
749,86.52103910881306,PNR,Pentair,Industrials,77360,Q,2011,Q4,2011-12-31,Return on assets,roa,-0.14742146872082176,0.03368716297955864,YoY delta + Trend,2,"Return on assets fell 1,811 bps year over year (3.4% to -14.7%); 15.7 sigma below its rolling median of 3.9%.",86.52103910881306,60.14727332047837,66.17807107759802,0.0,0.0,0.0958904109589041,False,False,0.0410958904109589,False,0001193125-13-077034,10-K,2013-02-26 00:00:00,https://www.sec.gov/Archives/edgar/data/77360/000119312513077034/0001193125-13-077034-index.htm
750,86.49907079597027,EBAY,eBay Inc.,Consumer Discretionary,1065088,Q,2014,Q1,2014-03-31,EBITDA margin,ebitda_margin,0.5863192182410424,0.3012273212379936,YoY delta + Trend,2,"EBITDA margin rose 2,851 bps year over year (30.1% to 58.6%), 5.0x its usual yearly move; 24.4 sigma above its rolling median of 29.3%.",86.49907079597027,45.36904287332994,75.28703520107508,0.0,0.0,0.05714285714285714,False,False,1.0,False,0001065088-15-000116,10-Q,2015-04-23 00:00:00,https://www.sec.gov/Archives/edgar/data/1065088/000106508815000116/0001065088-15-000116-index.htm
751,86.49745937468208,PANW,Palo Alto Networks,Information Technology,1327567,Q,2023,Q4,2023-07-31,Debt / EBITDA,debt_to_ebitda,2.974607916355489,25.0,YoY delta + Trend,2,Debt / EBITDA fell 88% year over year (25.00x to 2.97x); 17.6 sigma below its rolling median of 25.00x.,86.49745937468208,56.75758423488551,68.77477729583508,0.0,0.0,0.08928571428571429,False,False,0.7321428571428571,False,0001327567-23-000024,10-K,2023-09-01 00:00:00,https://www.sec.gov/Archives/edgar/data/1327567/000132756723000024/0001327567-23-000024-index.htm
752,86.49042501537714,GD,General Dynamics,Industrials,40533,Q,2014,Q4,2014-12-31,Gross margin,gross_margin,0.4776369289643626,0.18046132971506107,Trend,1,Gross margin of 47.8% is 51.2 sigma above its rolling median of 18.6%. An input changed XBRL tag versus the comparison period.,86.49042501537714,0.0,86.49042501537714,0.0,0.0,0.057692307692307696,False,False,0.7692307692307693,True,0000040533-17-000006,10-K,2017-02-06 00:00:00,https://www.sec.gov/Archives/edgar/data/40533/000004053317000006/0000040533-17-000006-index.htm
753,86.46999008664324,WM,Waste Management,Industrials,823768,A,2019,FY,2019-12-31,Quick ratio,quick_ratio,1.7525445292620865,0.640926640926641,YoY delta + Trend,2,"Quick ratio rose 173% year over year (0.64x to 1.75x), 5.0x its usual yearly move; 58.8 sigma above its rolling median of 0.63x.",93.48107036393863,45.60135600468789,88.01637475260752,0.0,0.0,0.14285714285714285,False,False,0.9,False,0001558370-21-001348,10-K,2021-02-22 00:00:00,https://www.sec.gov/Archives/edgar/data/823768/000155837021001348/0001558370-21-001348-index.htm
754,86.45537059304473,ERIE,Erie Indemnity,Financials,922621,Q,2016,Q3,2016-09-30,Return on assets,roa,0.15828729920019752,0.01095777139066991,YoY delta + Trend,2,"Return on assets rose 1,473 bps year over year (1.1% to 15.8%), 3.5x its usual yearly move; 29.4 sigma above its rolling median of 1.1%.",86.45537059304473,36.71964725762453,78.59583769689522,0.0,0.0,0.07142857142857142,False,False,0.9142857142857143,False,0000922621-18-000016,10-K,2018-02-22 00:00:00,https://www.sec.gov/Archives/edgar/data/922621/000092262118000016/0000922621-18-000016-index.htm
755,86.44531651382222,HST,Host Hotels & Resorts,Real Estate,1070750,A,2020,FY,2020-12-31,Asset turnover,asset_turnover,0.1285969438380631,0.44837056773929085,YoY delta + Trend,2,"Asset turnover fell 71% year over year (0.45x to 0.13x), 12.8x its usual yearly move; 10.8 sigma below its rolling median of 0.45x.",86.44531651382222,68.07493144832968,57.54219457903531,0.0,0.0,0.1,False,False,0.43333333333333335,False,0000950170-23-003778,10-K,2023-02-22 00:00:00,https://www.sec.gov/Archives/edgar/data/1070750/000095017023003778/0000950170-23-003778-index.htm
756,86.4322593922289,CCI,Crown Castle,Real Estate,1051470,Q,2024,Q4,2024-12-31,Net margin,net_margin,-2.8914493632504548,0.2168458781362007,YoY delta + Trend,2,"Net margin fell 31,083 bps year over year (21.7% to -289.1%), 12.2x its usual yearly move; 248.8 sigma below its rolling median of 23.8%.",98.97474915595807,67.09046449868937,96.88463897036436,0.0,0.0,0.1724137931034483,False,False,0.034482758620689655,False,0001051470-26-000016,10-K,2026-02-23 00:00:00,https://www.sec.gov/Archives/edgar/data/1051470/000105147026000016/0001051470-26-000016-index.htm
757,86.42601770015781,EFX,Equifax,Industrials,33185,Q,2019,Q1,2019-03-31,Debt / EBITDA,debt_to_ebitda,1363.3,2.5004738438210765,YoY delta + Trend,2,"Debt / EBITDA rose 900% year over year (2.50x to 1363.30x), 7.5x its usual yearly move; 77.8 sigma above its rolling median of 2.59x.",95.86248063795666,55.631685021550744,90.6746078500997,0.0,0.0,0.15625,False,False,1.0,False,0000033185-19-000017,10-Q,2019-05-10 00:00:00,https://www.sec.gov/Archives/edgar/data/33185/000003318519000017/0000033185-19-000017-index.htm
758,86.40934243621473,VRTX,Vertex Pharmaceuticals,Health Care,875320,A,2011,FY,2011-12-31,EBITDA margin,ebitda_margin,0.10552832572205531,-4.642658854711585,YoY delta,1,"EBITDA margin rose 47,482 bps year over year (-464.3% to 10.6%).",95.95811571577465,95.95811571577465,0.0,0.0,0.0,0.1568627450980392,False,False,0.29411764705882354,False,0000875320-14-000015,10-K,2014-02-11 00:00:00,https://www.sec.gov/Archives/edgar/data/875320/000087532014000015/0000875320-14-000015-index.htm
759,86.38308039753768,ABBV,AbbVie,Health Care,1551152,Q,2018,Q4,2018-12-31,EBITDA margin,ebitda_margin,-0.27922937989163155,0.2448636774777103,YoY delta + Trend,2,"EBITDA margin fell 5,241 bps year over year (24.5% to -27.9%), 4.0x its usual yearly move; 27.1 sigma below its rolling median of 38.3%.",86.38308039753768,40.194844348906344,77.23119444433165,0.0,0.0,0.1,False,False,0.04,False,0001551152-21-000008,10-K,2021-02-19 00:00:00,https://www.sec.gov/Archives/edgar/data/1551152/000155115221000008/0001551152-21-000008-index.htm
760,86.37585683118313,DOC,Healthpeak Properties,Real Estate,765880,Q,2018,Q4,2018-12-31,Accruals / assets,accruals,0.19091382230202325,-0.07654810341983233,YoY delta + Trend + Benford,3,"Accruals / assets rose 2,675 bps year over year (-7.7% to 19.1%), 5.3x its usual yearly move; 9.7 sigma above its rolling median of -3.9%; the filing's leading digits also depart from Benford's Law.",86.90025492122501,46.78862109428036,54.90405067268842,45.4090317413071,0.0,0.10344827586206896,False,False,1.0,False,0001628280-20-001456,10-K,2020-02-13 00:00:00,https://www.sec.gov/Archives/edgar/data/765880/000162828020001456/0001628280-20-001456-index.htm
761,86.36204055046626,TDY,Teledyne Technologies,Information Technology,1094285,Q,2021,Q1,2021-04-04,Current ratio,current_ratio,6.56131207847946,1.7954186413902053,YoY delta + Trend,2,"Current ratio rose 265% year over year (1.80x to 6.56x), 7.2x its usual yearly move; 18.7 sigma above its rolling median of 1.84x.",86.36204055046626,54.40879592482347,70.08642406757728,0.0,0.0,0.07042253521126761,False,False,1.0,False,0001094285-21-000111,10-Q,2021-04-30 00:00:00,https://www.sec.gov/Archives/edgar/data/1094285/000109428521000111/0001094285-21-000111-index.htm
762,86.33318691092089,TDY,Teledyne Technologies,Information Technology,1094285,Q,2024,Q4,2024-12-29,SG&A % of revenue,sga_pct,0.007188976902083472,0.21263157894736842,YoY delta + Trend,2,"SG&A % of revenue fell 2,054 bps year over year (21.3% to 0.7%), 7.7x its usual yearly move; 17.6 sigma below its rolling median of 21.0%.",86.33318691092089,56.32158147801208,68.71037562360648,0.0,0.0,0.0547945205479452,False,False,0.0136986301369863,False,0001094285-26-000017,10-K,2026-02-20 00:00:00,https://www.sec.gov/Archives/edgar/data/1094285/000109428526000017/0001094285-26-000017-index.htm
763,86.33243088453963,CMI,Cummins,Industrials,26172,Q,2023,Q4,2023-12-31,Operating margin,operating_margin,-0.14187053728198526,0.10321750321750321,YoY delta + Trend,2,"Operating margin fell 2,451 bps year over year (10.3% to -14.2%), 7.1x its usual yearly move; 18.9 sigma below its rolling median of 11.2%.",86.33243088453963,54.09577710172025,70.22590024942441,0.0,0.0,0.08333333333333333,False,False,0.013888888888888888,False,0000026172-26-000009,10-K,2026-02-10 00:00:00,https://www.sec.gov/Archives/edgar/data/26172/000002617226000009/0000026172-26-000009-index.htm
764,86.32263145105846,PHM,PulteGroup,Consumer Discretionary,822416,Q,2013,Q3,2013-09-30,Accruals / assets,accruals,1.089132419379832,-0.05282414008538036,YoY delta + Trend,2,"Accruals / assets rose 11,420 bps year over year (-5.3% to 108.9%), 8.4x its usual yearly move; 16.3 sigma above its rolling median of -6.3%.",86.32263145105846,58.38426186814663,67.1341440452004,0.0,0.0,0.075,False,False,1.0,False,0000822416-15-000007,10-K,2015-02-04 00:00:00,https://www.sec.gov/Archives/edgar/data/822416/000082241615000007/0000822416-15-000007-index.htm
765,86.32117957834642,ABT,Abbott Laboratories,Health Care,1800,Q,2017,Q2,2017-06-30,Debt / EBITDA,debt_to_ebitda,8.299827288428325,2.3894849785407724,Trend,1,Debt / EBITDA of 8.30x is 50.5 sigma above its rolling median of 2.36x.,86.32117957834642,0.0,86.32117957834642,0.0,0.0,0.09090909090909091,False,False,0.9545454545454546,False,0001104659-17-048855,10-Q,2017-08-02 00:00:00,https://www.sec.gov/Archives/edgar/data/1800/000110465917048855/0001104659-17-048855-index.htm
766,86.32058474433724,OMC,Omnicom Group,Communication Services,29989,A,2025,FY,2025-12-31,Gross margin,gross_margin,0.08494143666880888,0.18639692525383866,YoY delta + Trend,2,"Gross margin fell 1,015 bps year over year (18.6% to 8.5%), 8.3x its usual yearly move; 20.1 sigma below its rolling median of 18.5%.",88.03232438515978,57.95401086695543,71.53670097527886,0.0,0.0,0.1111111111111111,False,False,0.1111111111111111,False,0000029989-26-000006,10-K,2026-02-20 00:00:00,https://www.sec.gov/Archives/edgar/data/29989/000002998926000006/0000029989-26-000006-index.htm
767,86.30109796053092,CAH,Cardinal Health,Health Care,721371,Q,2022,Q3,2022-03-31,Debt / EBITDA,debt_to_ebitda,25.16591928251121,4.7805397727272725,YoY delta + Trend,2,"Debt / EBITDA rose 423% year over year (4.78x to 25.17x), 3.7x its usual yearly move; 28.2 sigma above its rolling median of 4.75x.",86.30109796053092,37.99374024182276,77.90722728173829,0.0,0.0,0.08695652173913043,False,False,1.0,False,0000721371-22-000032,10-Q,2022-05-05 00:00:00,https://www.sec.gov/Archives/edgar/data/721371/000072137122000032/0000721371-22-000032-index.htm
768,86.29333948780587,PPL,PPL Corporation,Utilities,922224,Q,2021,Q4,2021-12-31,Quick ratio,quick_ratio,1.7882049074472666,0.06941215543008968,YoY delta + Trend,2,"Quick ratio rose 2,476% year over year (0.07x to 1.79x), 5.0x its usual yearly move; 25.2 sigma above its rolling median of 0.31x. Reverses the prior year's flagged move.",86.81723660525135,45.338214869925814,75.88303535389726,0.0,0.0,0.10344827586206896,False,True,1.0,False,0000922224-23-000010,10-K,2023-02-17 00:00:00,https://www.sec.gov/Archives/edgar/data/922224/000092222423000010/0000922224-23-000010-index.htm
769,86.2917258860474,LUV,Southwest Airlines,Industrials,92380,Q,2020,Q4,2020-12-31,Current ratio,current_ratio,2.0214495070610177,0.66733690795353,YoY delta + Trend,2,"Current ratio rose 203% year over year (0.67x to 2.02x), 4.0x its usual yearly move; 31.9 sigma above its rolling median of 0.68x.",88.00289325489253,40.20486251681931,79.93631714872794,0.0,0.0,0.1111111111111111,False,False,0.7638888888888888,False,0000092380-22-000007,10-K,2022-02-07 00:00:00,https://www.sec.gov/Archives/edgar/data/92380/000009238022000007/0000092380-22-000007-index.htm
770,86.28928360720192,CNC,Centene Corporation,Health Care,1071739,A,2024,FY,2024-12-31,Gross margin,gross_margin,0.10467219799964432,0.11452671770595912,Trend,1,Gross margin of 10.5% is 50.3 sigma below its rolling median of 95.7%.,86.28928360720192,0.0,86.28928360720192,0.0,0.0,0.09615384615384616,False,False,0.07692307692307693,False,0001071739-26-000049,10-K,2026-02-17 00:00:00,https://www.sec.gov/Archives/edgar/data/1071739/000107173926000049/0001071739-26-000049-index.htm
771,86.28260251059638,CLX,Clorox,Consumer Staples,21076,Q,2017,Q1,2016-09-30,Days payables outstanding,dpo,99.31818181818181,49.97875816993464,YoY delta + Trend,2,"Days payables outstanding rose 99% year over year (50 days to 99 days), 10.2x its usual yearly move; 33.6 sigma above its rolling median of 45 days. An input changed XBRL tag versus the comparison period.",92.41719197810878,60.61075557787912,80.74903915234093,0.0,0.0,0.13793103448275862,False,False,0.8620689655172413,True,0001206774-16-007477,10-Q,2016-11-02 00:00:00,https://www.sec.gov/Archives/edgar/data/21076/000120677416007477/0001206774-16-007477-index.htm
772,86.27830847820874,XYZ,"Block, Inc.",Financials,1512673,Q,2019,Q4,2019-12-31,Net margin,net_margin,0.297648369268533,-0.03024466825660999,YoY delta + Trend,2,"Net margin rose 3,279 bps year over year (-3.0% to 29.8%), 5.0x its usual yearly move; 33.9 sigma above its rolling median of -2.8%.",89.60453752260861,45.60687414913622,80.8882789602975,0.0,0.0,0.12121212121212122,False,False,0.7575757575757576,False,0001628280-22-003825,10-K,2022-02-24 00:00:00,https://www.sec.gov/Archives/edgar/data/1512673/000162828022003825/0001628280-22-003825-index.htm
773,86.2679977822638,HON,Honeywell Technologies,Industrials,773840,Q,2026,Q2,2026-06-30,Return on equity,roe,1.4148846764403773,0.3742773705226772,YoY delta + Trend,2,"Return on equity rose 10,406 bps year over year (37.4% to 141.5%), 5.5x its usual yearly move; 22.5 sigma above its rolling median of 33.8%.",86.2679977822638,47.723743748363454,73.73185609995492,0.0,0.0,0.029411764705882353,False,False,1.0,False,0000773840-26-000124,10-Q,2026-07-23 00:00:00,https://www.sec.gov/Archives/edgar/data/773840/000077384026000124/0000773840-26-000124-index.htm
774,86.25788336315144,C,Citigroup,Financials,831001,Q,2020,Q2,2020-06-30,Gross margin,gross_margin,0.5908864044719505,0.8884209403987632,YoY delta + Trend,2,"Gross margin fell 2,975 bps year over year (88.8% to 59.1%); 40.2 sigma below its rolling median of 88.8%.",95.23163343702494,71.25986243661671,83.40868566666066,0.0,0.0,0.15384615384615385,False,False,0.6923076923076923,False,0000831001-22-000036,10-K,2022-02-28 00:00:00,https://www.sec.gov/Archives/edgar/data/831001/000083100122000036/0000831001-22-000036-index.htm
775,86.25659501323494,CNC,Centene Corporation,Health Care,1071739,A,2021,FY,2021-12-31,Gross margin,gross_margin,0.11499261799304662,0.9702740404085857,YoY delta + Trend,2,"Gross margin fell 8,553 bps year over year (97.0% to 11.5%), 48.6x its usual yearly move; 72.2 sigma below its rolling median of 96.1%.",98.90502625552848,89.01864296820676,90.02879387946909,0.0,0.0,0.17307692307692307,False,False,0.07692307692307693,False,0001071739-24-000037,10-K,2024-02-20 00:00:00,https://www.sec.gov/Archives/edgar/data/1071739/000107173924000037/0001071739-24-000037-index.htm
776,86.24631987212173,PCG,PG&E Corporation,Utilities,1004980,A,2019,FY,2019-12-31,Quick ratio,quick_ratio,0.37439391953872364,0.06753807410960547,YoY delta + Trend,2,"Quick ratio rose 454% year over year (0.07x to 0.37x), 4.1x its usual yearly move; 26.6 sigma above its rolling median of 0.19x. Reverses the prior year's flagged move.",86.24631987212173,40.49201898592968,76.88767137869071,0.0,0.0,0.07142857142857142,False,True,0.7857142857142857,False,0001004980-21-000007,10-K,2021-02-25 00:00:00,https://www.sec.gov/Archives/edgar/data/1004980/000100498021000007/0001004980-21-000007-index.htm
777,86.24115075174097,COIN,Coinbase,Financials,1679788,Q,2022,Q2,2022-06-30,Net margin,net_margin,-1.3529879689481334,0.7209947925503217,YoY delta + Trend,2,"Net margin fell 20,740 bps year over year (72.1% to -135.3%); 8.8 sigma below its rolling median of 30.2%. Reverses the prior year's flagged move.",95.82350083526775,91.20485856857557,52.51356447993086,0.0,0.0,0.15714285714285714,False,True,0.02857142857142857,False,0001679788-23-000106,10-Q,2023-08-03 00:00:00,https://www.sec.gov/Archives/edgar/data/1679788/000167978823000106/0001679788-23-000106-index.htm
778,86.2262627534582,DHR,Danaher Corporation,Health Care,313616,Q,2015,Q3,2015-10-02,Net margin,net_margin,0.3995501395136951,0.14459008731490727,YoY delta + Trend,2,"Net margin rose 2,550 bps year over year (14.5% to 40.0%), 6.9x its usual yearly move; 19.1 sigma above its rolling median of 13.6%.",86.2262627534582,53.35224276441027,70.47288430828742,0.0,0.0,0.09433962264150944,False,False,0.9811320754716981,False,0000313616-17-000066,10-K,2017-02-22 00:00:00,https://www.sec.gov/Archives/edgar/data/313616/000031361617000066/0000313616-17-000066-index.htm
779,86.21947974248954,COIN,Coinbase,Financials,1679788,Q,2022,Q1,2022-03-31,Accruals / assets,accruals,-0.06417947480151528,-1.3155034906056267,YoY delta,1,"Accruals / assets rose 12,513 bps year over year (-131.6% to -6.4%).",86.21947974248954,86.21947974248954,0.0,0.0,0.0,0.06756756756756757,False,False,0.0945945945945946,False,0001679788-23-000073,10-Q,2023-05-04 00:00:00,https://www.sec.gov/Archives/edgar/data/1679788/000167978823000073/0001679788-23-000073-index.htm
780,86.21734602995332,SPG,Simon Property Group,Real Estate,1063761,Q,2025,Q4,2025-12-31,Accruals / assets,accruals,0.25184567088153453,-0.03821940476519082,YoY delta + Trend,2,"Accruals / assets rose 2,901 bps year over year (-3.8% to 25.2%), 11.2x its usual yearly move; 12.2 sigma above its rolling median of -3.8%.",86.21734602995332,65.2051931574687,60.38876136768919,0.0,0.0,0.1,False,False,1.0,False,0001104659-26-019419,10-K,2026-02-25 00:00:00,https://www.sec.gov/Archives/edgar/data/1063761/000110465926019419/0001104659-26-019419-index.htm
781,86.20808825361638,VRSK,Verisk Analytics,Industrials,1442145,Q,2022,Q1,2022-03-31,Operating margin,operating_margin,0.9676817899316346,0.3448560804296929,YoY delta + Trend,2,"Operating margin rose 6,228 bps year over year (34.5% to 96.8%), 9.3x its usual yearly move; 14.7 sigma above its rolling median of 34.8%.",86.20808825361638,60.835032681366016,64.7850804159316,0.0,0.0,0.06349206349206349,False,False,1.0,False,0001437749-23-012195,10-Q,2023-05-03 00:00:00,https://www.sec.gov/Archives/edgar/data/1442145/000143774923012195/0001437749-23-012195-index.htm
782,86.2055011245723,IFF,International Flavors & Fragrances,Materials,51253,Q,2023,Q4,2023-12-31,Return on assets,roa,-0.32423531604865397,-0.0027405472530295893,YoY delta + Trend,2,"Return on assets fell 3,215 bps year over year (-0.3% to -32.4%), 5.4x its usual yearly move; 31.5 sigma below its rolling median of 0.3%.",89.3321255176915,47.29105196065537,79.7607903797559,0.0,0.0,0.12,False,False,0.04,False,0000051253-26-000006,10-K,2026-02-27 00:00:00,https://www.sec.gov/Archives/edgar/data/51253/000005125326000006/0000051253-26-000006-index.htm
783,86.20389096568363,FTV,Fortive,Industrials,1659166,Q,2019,Q2,2019-06-28,SG&A % of revenue,sga_pct,0.4592953651445186,0.2179418103448276,YoY delta + Trend,2,"SG&A % of revenue rose 2,414 bps year over year (21.8% to 45.9%), 3.0x its usual yearly move; 30.6 sigma above its rolling median of 22.5%. An input changed XBRL tag versus the comparison period.",86.20389096568363,33.465659990470556,79.26467891266313,0.0,0.0,0.09523809523809523,False,False,0.9841269841269841,True,0001659166-20-000136,10-Q,2020-07-28 00:00:00,https://www.sec.gov/Archives/edgar/data/1659166/000165916620000136/0001659166-20-000136-index.htm
784,86.20275800672516,DOC,Healthpeak Properties,Real Estate,765880,Q,2015,Q1,2015-03-31,Net margin,net_margin,-0.5329709518936424,0.48889605880843484,YoY delta + Trend + Benford,3,"Net margin fell 10,219 bps year over year (48.9% to -53.3%), 4.0x its usual yearly move; 37.5 sigma below its rolling median of 42.9%; the filing's leading digits also depart from Benford's Law.",94.13445768176256,40.24202628889646,82.39922236333128,44.232592788880346,0.0,0.14814814814814814,False,False,0.037037037037037035,False,0001558370-17-000535,10-K,2017-02-13 00:00:00,https://www.sec.gov/Archives/edgar/data/765880/000155837017000535/0001558370-17-000535-index.htm
785,86.20058835746245,SNDK,Sandisk,Information Technology,2023554,Q,2026,Q3,2026-04-03,Gross margin,gross_margin,0.7835294117647059,0.22536873156342183,YoY delta + Trend,2,"Gross margin rose 5,582 bps year over year (22.5% to 78.4%); 5.1 sigma above its rolling median of 29.8%.",89.23042750019287,82.30507850080855,39.137494900447955,0.0,0.0,0.11940298507462686,False,False,0.835820895522388,False,0001628280-26-029401,10-Q,2026-05-01 00:00:00,https://www.sec.gov/Archives/edgar/data/2023554/000162828026029401/0001628280-26-029401-index.htm
786,86.19736401116911,LOW,Lowe's,Consumer Discretionary,60667,Q,2018,Q4,2019-02-01,Gross margin,gross_margin,0.25800472934108776,0.33729185491157865,YoY delta + Trend,2,"Gross margin fell 793 bps year over year (33.7% to 25.8%), 10.4x its usual yearly move; 17.0 sigma below its rolling median of 34.3%.",86.19736401116911,56.9235133870036,67.95784179699892,0.0,0.0,0.058823529411764705,False,False,0.29411764705882354,False,0000060667-21-000026,10-K,2021-03-22 00:00:00,https://www.sec.gov/Archives/edgar/data/60667/000006066721000026/0000060667-21-000026-index.htm
787,86.19699913313858,MLM,Martin Marietta Materials,Materials,916076,Q,2026,Q1,2026-03-31,Net margin,net_margin,1.1108663729809105,0.09982788296041308,YoY delta + Trend,2,"Net margin rose 10,110 bps year over year (10.0% to 111.1%), 5.9x its usual yearly move; 32.9 sigma above its rolling median of 19.7%. Reverses the prior year's flagged move.",90.14065268824949,49.55754141475492,80.45426890703844,0.0,0.0,0.125,False,True,1.0,False,0001193125-26-196029,10-Q,2026-04-30 00:00:00,https://www.sec.gov/Archives/edgar/data/916076/000119312526196029/0001193125-26-196029-index.htm
788,86.19608367991701,BBY,Best Buy,Consumer Discretionary,764478,Q,2012,Q4,2012-03-04,Net margin,net_margin,-0.1021046301864101,0.04047752285021451,YoY delta + Trend,2,"Net margin fell 1,426 bps year over year (4.0% to -10.2%), 18.9x its usual yearly move; 15.9 sigma below its rolling median of 1.7%.",86.19608367991701,58.77685198675676,66.51416258736867,0.0,0.0,0.05,False,False,0.05,False,0000764478-13-000014,10-KT,2013-03-27 00:00:00,https://www.sec.gov/Archives/edgar/data/764478/000076447813000014/0000764478-13-000014-index.htm
789,86.19551871512792,DHR,Danaher Corporation,Health Care,313616,Q,2019,Q4,2019-12-31,Quick ratio,quick_ratio,4.684367396593674,0.7885159557988227,YoY delta + Trend,2,"Quick ratio rose 494% year over year (0.79x to 4.68x), 4.8x its usual yearly move; 27.8 sigma above its rolling median of 0.92x.",87.58897975671196,44.48619882551693,77.64336078468219,0.0,0.0,0.10909090909090909,False,False,0.9454545454545454,False,0000313616-21-000045,10-K,2021-02-25 00:00:00,https://www.sec.gov/Archives/edgar/data/313616/000031361621000045/0000313616-21-000045-index.htm
790,86.1923743467466,EBAY,eBay Inc.,Consumer Discretionary,1065088,Q,2014,Q1,2014-03-31,Gross margin,gross_margin,0.8152629129827826,0.6926360725720384,YoY delta + Trend,2,"Gross margin rose 1,226 bps year over year (69.3% to 81.5%), 10.4x its usual yearly move; 13.2 sigma above its rolling median of 69.4%.",86.1923743467466,63.37022582908395,62.30491187626099,0.0,0.0,0.1,False,False,0.9666666666666667,False,0001065088-16-000265,10-K,2016-02-01 00:00:00,https://www.sec.gov/Archives/edgar/data/1065088/000106508816000265/0001065088-16-000265-index.htm
791,86.19132359719009,PNR,Pentair,Industrials,77360,Q,2012,Q3,2012-09-29,Days payables outstanding,dpo,93.62787495743956,41.52432399221322,YoY delta + Trend,2,"Days payables outstanding rose 125% year over year (42 days to 94 days), 8.6x its usual yearly move; 15.8 sigma above its rolling median of 43 days.",86.19132359719009,58.939289650755185,66.3700986043368,0.0,0.0,0.03773584905660377,False,False,0.9433962264150944,False,0001193125-12-445897,10-Q,2012-11-01 00:00:00,https://www.sec.gov/Archives/edgar/data/77360/000119312512445897/0001193125-12-445897-index.htm
792,86.1887707407644,ORCL,Oracle Corporation,Information Technology,1341439,Q,2017,Q1,2016-08-31,Gross margin,gross_margin,0.5945317044793484,0.9158380681818182,YoY delta + Trend,2,"Gross margin fell 3,213 bps year over year (91.6% to 59.5%), 3.0x its usual yearly move; 47.7 sigma below its rolling median of 91.9%.",90.42338710889209,33.3478509717796,85.63195181140641,0.0,0.0,0.1267605633802817,False,False,0.6056338028169014,False,0001193125-17-287455,10-Q,2017-09-18 00:00:00,https://www.sec.gov/Archives/edgar/data/1341439/000119312517287455/0001193125-17-287455-index.htm
793,86.18364184814214,FE,FirstEnergy,Utilities,1031296,Q,2016,Q4,2016-12-31,Accruals / assets,accruals,-0.5540590270111135,-0.10428362685534108,YoY delta + Trend,2,"Accruals / assets fell 4,498 bps year over year (-10.4% to -55.4%), 11.0x its usual yearly move; 14.2 sigma below its rolling median of -5.9%.",87.27457402343508,64.69728973149954,63.953402218187684,0.0,0.0,0.10714285714285714,False,False,0.03571428571428571,False,0001031296-18-000015,10-K,2018-02-20 00:00:00,https://www.sec.gov/Archives/edgar/data/1031296/000103129618000015/0001031296-18-000015-index.htm
794,86.17091727197437,TSLA,"Tesla, Inc.",Consumer Discretionary,1318605,Q,2021,Q2,2021-06-30,Interest coverage,interest_coverage,17.493333333333332,1.923529411764706,YoY delta + Trend,2,Interest coverage rose 809% year over year (1.92x to 17.49x); 21.6 sigma above its rolling median of 2.02x.,88.55509284866932,57.64845086063817,72.97641436049926,0.0,0.0,0.11538461538461539,False,False,0.7307692307692307,False,0000950170-22-012936,10-Q,2022-07-25 00:00:00,https://www.sec.gov/Archives/edgar/data/1318605/000095017022012936/0000950170-22-012936-index.htm
795,86.16780798967169,ETN,Eaton Corporation,Industrials,1551182,Q,2017,Q3,2017-09-30,Return on assets,roa,0.1749063670411985,0.06706095430430671,YoY delta + Trend,2,"Return on assets rose 1,078 bps year over year (6.7% to 17.5%), 5.6x its usual yearly move; 21.8 sigma above its rolling median of 6.6%.",86.16780798967169,48.40752095591075,73.1895185759386,0.0,0.0,0.05194805194805195,False,False,0.961038961038961,False,0001551182-18-000225,10-Q,2018-10-30 00:00:00,https://www.sec.gov/Archives/edgar/data/1551182/000155118218000225/0001551182-18-000225-index.htm
796,86.15961120524604,PCG,PG&E Corporation,Utilities,1004980,A,2020,FY,2020-12-31,Accruals / assets,accruals,0.19476432926163056,-0.1536213476703393,YoY delta + Trend,2,"Accruals / assets rose 3,484 bps year over year (-15.4% to 19.5%), 10.9x its usual yearly move; 12.5 sigma above its rolling median of -5.6%.",86.15961120524604,64.55775496330426,60.94945796908723,0.0,0.0,0.06666666666666667,False,False,1.0,False,0001004980-23-000029,10-K,2023-02-23 00:00:00,https://www.sec.gov/Archives/edgar/data/1004980/000100498023000029/0001004980-23-000029-index.htm
797,86.13346905994912,PM,Philip Morris International,Consumer Staples,1413329,Q,2023,Q2,2023-06-30,Asset turnover,asset_turnover,0.578852236782648,1.9744355628650552,YoY delta + Trend,2,"Asset turnover fell 71% year over year (1.97x to 0.58x), 14.4x its usual yearly move; 8.9 sigma below its rolling median of 1.92x. An input changed XBRL tag versus the comparison period.",86.13346905994912,70.6354239489357,52.778031203524584,0.0,0.0,0.06666666666666667,False,False,0.3,True,0001413329-24-000145,10-Q,2024-07-25 00:00:00,https://www.sec.gov/Archives/edgar/data/1413329/000141332924000145/0001413329-24-000145-index.htm
798,86.12192121877513,LHX,L3Harris,Industrials,202058,Q,2012,Q4,2012-06-29,EBITDA margin,ebitda_margin,0.6918443002780352,0.17428331534124986,YoY delta + Trend,2,"EBITDA margin rose 5,176 bps year over year (17.4% to 69.2%), 7.6x its usual yearly move; 17.4 sigma above its rolling median of 20.8%.",86.12192121877513,55.93516845020556,68.5053175216561,0.0,0.0,0.06153846153846154,False,False,1.0,False,0001193125-14-320240,10-K,2014-08-25 00:00:00,https://www.sec.gov/Archives/edgar/data/202058/000119312514320240/0001193125-14-320240-index.htm
799,86.1017358289519,AMD,Advanced Micro Devices,Information Technology,2488,Q,2012,Q1,2012-03-31,Accruals / assets,accruals,-0.5608529470931403,0.5331760542612799,YoY delta + Trend,2,"Accruals / assets fell 10,940 bps year over year (53.3% to -56.1%); 4.4 sigma below its rolling median of 0.8%.",90.04103093223728,84.54439585274625,35.564026013617216,0.0,0.0,0.125,False,False,0.017857142857142856,False,0001193125-14-057240,10-K,2014-02-18 00:00:00,https://www.sec.gov/Archives/edgar/data/2488/000119312514057240/0001193125-14-057240-index.htm
800,86.10006108269656,GEN,Gen Digital,Information Technology,849399,Q,2020,Q3,2020-01-03,Return on assets,roa,0.654474350126524,0.015907005200367086,YoY delta + Trend,2,"Return on assets rose 6,386 bps year over year (1.6% to 65.4%), 3.5x its usual yearly move; 28.9 sigma above its rolling median of 0.2%.",86.3189860473093,36.84073383538866,78.33886493070705,0.0,0.0,0.10144927536231885,False,False,0.9855072463768116,False,0000849399-21-000005,10-Q,2021-02-05 00:00:00,https://www.sec.gov/Archives/edgar/data/849399/000084939921000005/0000849399-21-000005-index.htm
801,86.08633927640398,FTV,Fortive,Industrials,1659166,A,2019,FY,2019-12-31,SG&A % of revenue,sga_pct,0.3766515480181424,0.1957010243773924,YoY delta + Trend,2,"SG&A % of revenue rose 1,810 bps year over year (19.6% to 37.7%), 16.9x its usual yearly move; 15.4 sigma above its rolling median of 21.2%. An input changed XBRL tag versus the comparison period.",91.04927084283732,73.796349503159,65.84167096015211,0.0,0.0,0.13114754098360656,False,False,0.9672131147540983,True,0001659166-22-000054,10-K,2022-03-01 00:00:00,https://www.sec.gov/Archives/edgar/data/1659166/000165916622000054/0001659166-22-000054-index.htm
802,86.08498931692301,LVS,Las Vegas Sands,Consumer Discretionary,1300514,Q,2020,Q3,2020-09-30,Net margin,net_margin,-1.2668161434977578,0.164,YoY delta + Trend,2,"Net margin fell 14,308 bps year over year (16.4% to -126.7%), 11.8x its usual yearly move; 97.7 sigma below its rolling median of 16.9%.",97.45470488708266,66.37935238437387,92.42936917213234,0.0,0.0,0.16666666666666666,False,False,0.047619047619047616,False,0001300514-22-000007,10-K,2022-02-04 00:00:00,https://www.sec.gov/Archives/edgar/data/1300514/000130051422000007/0001300514-22-000007-index.htm
803,86.07221952057657,IVZ,Invesco,Financials,914208,Q,2025,Q4,2025-12-31,Return on assets,roa,-0.1434681062937466,0.030716454326151364,YoY delta + Trend,2,"Return on assets fell 1,742 bps year over year (3.1% to -14.3%), 6.2x its usual yearly move; 20.2 sigma below its rolling median of 2.0%. Reverses the prior year's flagged move. An input changed XBRL tag versus the comparison period.",86.07221952057657,50.97080949234194,71.59288102615523,0.0,0.0,0.039473684210526314,False,True,0.013157894736842105,True,0000914208-26-000079,10-K,2026-02-24 00:00:00,https://www.sec.gov/Archives/edgar/data/914208/000091420826000079/0000914208-26-000079-index.htm
804,86.06417957463066,CDNS,Cadence Design Systems,Information Technology,813672,Q,2019,Q4,2019-12-28,Net margin,net_margin,1.100274370157867,0.17272089146266562,YoY delta + Trend,2,"Net margin rose 9,276 bps year over year (17.3% to 110.0%), 3.6x its usual yearly move; 35.7 sigma above its rolling median of 15.6%.",88.53415416547917,37.40277066517823,81.68314164003648,0.0,0.0,0.11594202898550725,False,False,0.9855072463768116,False,0000813672-22-000012,10-K,2022-02-22 00:00:00,https://www.sec.gov/Archives/edgar/data/813672/000081367222000012/0000813672-22-000012-index.htm
805,86.06081971282178,MGM,MGM Resorts,Consumer Discretionary,789570,Q,2019,Q4,2019-12-31,Interest coverage,interest_coverage,14.765008978451716,1.5649954786564617,YoY delta + Trend,2,"Interest coverage rose 843% year over year (1.56x to 14.77x), 3.0x its usual yearly move; 30.1 sigma above its rolling median of 1.87x.",86.06081971282178,33.590067801021014,79.01039825577097,0.0,0.0,0.08,False,False,0.72,False,0000789570-22-000005,10-K,2022-02-25 00:00:00,https://www.sec.gov/Archives/edgar/data/789570/000078957022000005/0000789570-22-000005-index.htm
806,86.05632289134904,PEG,Public Service Enterprise Group,Utilities,788784,Q,2021,Q3,2021-09-30,Return on equity,roe,-0.417804788459612,0.14683819069811982,YoY delta + Trend,2,"Return on equity fell 5,646 bps year over year (14.7% to -41.8%), 6.9x its usual yearly move; 18.7 sigma below its rolling median of 11.6%.",86.05632289134904,53.436633215896784,70.05440527249127,0.0,0.0,0.1,False,False,0.03333333333333333,False,0001628280-22-027422,10-Q,2022-10-31 00:00:00,https://www.sec.gov/Archives/edgar/data/788784/000162828022027422/0001628280-22-027422-index.htm
807,86.04243853655423,JBL,Jabil,Information Technology,898293,Q,2024,Q2,2024-02-29,Return on assets,roa,0.20297232941949256,0.04132458263668804,YoY delta + Trend,2,"Return on assets rose 1,616 bps year over year (4.1% to 20.3%), 5.4x its usual yearly move; 26.3 sigma above its rolling median of 4.5%.",87.74866253019694,47.50000045980708,76.66411890075602,0.0,0.0,0.1111111111111111,False,False,0.8472222222222222,False,0001628280-25-017004,10-Q,2025-04-08 00:00:00,https://www.sec.gov/Archives/edgar/data/898293/000162828025017004/0001628280-25-017004-index.htm
808,86.03501476946317,LNT,Alliant Energy,Utilities,352541,Q,2014,Q4,2014-12-31,Days sales outstanding,dso,48.49039298594702,51.87199735767475,Trend,1,Days sales outstanding of 48 days is 65.8 sigma above its rolling median of 11 days.,89.15545571965096,0.0,89.15545571965096,0.0,0.0,0.12,False,False,0.96,False,0000352541-16-000076,10-K,2016-02-24 00:00:00,https://www.sec.gov/Archives/edgar/data/352541/000035254116000076/0000352541-16-000076-index.htm
809,86.0304153842867,ARE,Alexandria Real Estate Equities,Real Estate,1035443,Q,2016,Q2,2016-06-30,Net margin,net_margin,-0.49371007979617476,0.18695017535610023,YoY delta + Trend,2,"Net margin fell 6,807 bps year over year (18.7% to -49.4%), 3.5x its usual yearly move; 33.2 sigma below its rolling median of 19.1%.",87.73640095847935,36.77587930051423,80.60297414050015,0.0,0.0,0.1111111111111111,False,False,0.037037037037037035,False,0001035443-17-000142,10-Q,2017-08-01 00:00:00,https://www.sec.gov/Archives/edgar/data/1035443/000103544317000142/0001035443-17-000142-index.htm
810,86.00666963349587,MMM,3M,Industrials,66740,Q,2022,Q3,2022-09-30,Return on assets,roa,0.3362596667029735,0.11877620748563442,YoY delta + Trend,2,"Return on assets rose 2,175 bps year over year (11.9% to 33.6%), 6.2x its usual yearly move; 20.2 sigma above its rolling median of 11.7%.",86.00666963349587,50.61941445184465,71.66228344364609,0.0,0.0,0.04819277108433735,False,False,1.0,False,0000066740-23-000092,10-Q,2023-10-24 00:00:00,https://www.sec.gov/Archives/edgar/data/66740/000006674023000092/0000066740-23-000092-index.htm
811,85.99852989590958,BKR,Baker Hughes,Energy,1701605,Q,2026,Q2,2026-06-30,Quick ratio,quick_ratio,1.533050208918419,0.7669196963643627,YoY delta + Trend,2,"Quick ratio rose 100% year over year (0.77x to 1.53x), 3.1x its usual yearly move; 34.9 sigma above its rolling median of 0.75x.",87.70388317996444,34.10771291092947,81.33906506627373,0.0,0.0,0.1111111111111111,False,False,0.8888888888888888,False,0001701605-26-000023,10-Q,2026-07-27 00:00:00,https://www.sec.gov/Archives/edgar/data/1701605/000170160526000023/0001701605-26-000023-index.htm
812,85.9960261690053,LYV,Live Nation Entertainment,Communication Services,1335258,A,2020,FY,2020-12-31,Net margin,net_margin,-0.926582519243189,0.006052059890358209,YoY delta + Trend,2,"Net margin fell 9,326 bps year over year (0.6% to -92.7%), 55.1x its usual yearly move; 101.5 sigma below its rolling median of -0.3%.",99.28233921039661,90.17686284615061,92.69417927935423,0.0,0.0,0.17647058823529413,False,False,0.058823529411764705,False,0001335258-23-000014,10-K,2023-02-23 00:00:00,https://www.sec.gov/Archives/edgar/data/1335258/000133525823000014/0001335258-23-000014-index.htm
813,85.99215483620497,GEV,GE Vernova,Industrials,1996810,Q,2025,Q4,2025-12-31,Return on assets,roa,0.2496465498151839,0.03783540815728273,YoY delta + Trend,2,"Return on assets rose 2,118 bps year over year (3.8% to 25.0%); 12.7 sigma above its rolling median of 2.7%.",85.99215483620497,63.834849125192854,61.2670075336172,0.0,0.0,0.05063291139240506,False,False,1.0,False,0001996810-26-000015,10-K,2026-01-29 00:00:00,https://www.sec.gov/Archives/edgar/data/1996810/000199681026000015/0001996810-26-000015-index.htm
814,85.99133912198045,LUV,Southwest Airlines,Industrials,92380,Q,2021,Q3,2021-09-30,Debt / EBITDA,debt_to_ebitda,6.932757557063541,,Trend,1,Debt / EBITDA of 6.93x is 77.1 sigma above its rolling median of 0.75x.,90.59410408772791,0.0,90.59410408772791,0.0,0.0,0.12903225806451613,False,False,0.9516129032258065,False,0000092380-21-000160,10-Q,2021-10-26 00:00:00,https://www.sec.gov/Archives/edgar/data/92380/000009238021000160/0000092380-21-000160-index.htm
815,85.98799558680363,CVS,CVS Health,Health Care,64803,Q,2019,Q2,2019-06-30,Gross margin,gross_margin,0.3856316312213271,0.15346745663015215,YoY delta + Trend,2,"Gross margin rose 2,322 bps year over year (15.3% to 38.6%), 5.1x its usual yearly move; 23.0 sigma above its rolling median of 15.7%.",85.98799558680363,45.709141553326766,74.19085861948646,0.0,0.0,0.0784313725490196,False,False,0.21568627450980393,False,0000064803-20-000030,10-Q,2020-08-05 00:00:00,https://www.sec.gov/Archives/edgar/data/64803/000006480320000030/0000064803-20-000030-index.htm
816,85.9832664000089,COHR,Coherent Corp.,Information Technology,820318,Q,2020,Q1,2019-09-30,Days sales outstanding,dso,137.81066305532462,66.49581150833404,YoY delta + Trend,2,"Days sales outstanding rose 107% year over year (66 days to 138 days), 7.7x its usual yearly move; 17.0 sigma above its rolling median of 64 days.",85.9832664000089,56.11552730798216,68.05992475206244,0.0,0.0,0.029850746268656716,False,False,1.0,False,0001564590-19-042658,10-Q,2019-11-12 00:00:00,https://www.sec.gov/Archives/edgar/data/820318/000156459019042658/0001564590-19-042658-index.htm
817,85.98307780021987,WBD,Warner Bros. Discovery,Communication Services,1437107,Q,2018,Q3,2018-09-30,Debt / EBITDA,debt_to_ebitda,11.836154366960054,6.133444537114262,Trend,1,Debt / EBITDA of 11.84x is 49.1 sigma above its rolling median of 3.43x.,85.98307780021987,0.0,85.98307780021987,0.0,0.0,0.09090909090909091,False,False,1.0,False,0001437107-18-000091,10-Q,2018-11-09 00:00:00,https://www.sec.gov/Archives/edgar/data/1437107/000143710718000091/0001437107-18-000091-index.htm
818,85.98260758086325,ITW,Illinois Tool Works,Industrials,49826,Q,2014,Q2,2014-06-30,Return on equity,roe,0.7012925969447709,0.18137493905411994,YoY delta + Trend,2,"Return on equity rose 5,199 bps year over year (18.1% to 70.1%), 4.8x its usual yearly move; 23.7 sigma above its rolling median of 19.2%.",85.98260758086325,44.511298334178186,74.73829446658193,0.0,0.0,0.08823529411764706,False,False,0.9411764705882353,False,0000049826-16-000151,10-K,2016-02-12 00:00:00,https://www.sec.gov/Archives/edgar/data/49826/000004982616000151/0000049826-16-000151-index.htm
819,85.97798391021786,FITB,Fifth Third Bancorp,Financials,35527,Q,2019,Q2,2019-06-30,Net margin,net_margin,3.167832167832168,4.394160583941606,YoY delta,1,"Net margin fell 12,263 bps year over year (439.4% to 316.8%).",85.97798391021786,85.97798391021786,0.0,0.0,0.0,0.07462686567164178,False,False,1.0,False,0000035527-20-000077,10-Q,2020-08-07 00:00:00,https://www.sec.gov/Archives/edgar/data/35527/000003552720000077/0000035527-20-000077-index.htm
820,85.97462698891441,FANG,Diamondback Energy,Energy,1539838,Q,2015,Q2,2015-06-30,Debt / EBITDA,debt_to_ebitda,36.790325886452145,1.7077419932378926,YoY delta + Trend,2,"Debt / EBITDA rose 1,364% year over year (1.71x to 36.79x); 13.5 sigma above its rolling median of 1.68x.",85.97462698891441,62.331059406988736,62.76674419219601,0.0,0.0,0.08333333333333333,False,False,1.0,False,0001539838-15-000037,10-Q,2015-08-10 00:00:00,https://www.sec.gov/Archives/edgar/data/1539838/000153983815000037/0001539838-15-000037-index.htm
821,85.96730404993559,GPN,Global Payments,Financials,1123360,Q,2026,Q1,2026-03-31,Net margin,net_margin,-0.606084422507191,0.16795636806316258,YoY delta + Trend,2,"Net margin fell 7,740 bps year over year (16.8% to -60.6%), 7.6x its usual yearly move; 17.1 sigma below its rolling median of 14.7%.",85.96730404993559,55.93292848488487,68.15605061196055,0.0,0.0,0.07142857142857142,False,False,0.014285714285714285,False,0001123360-26-000072,10-Q,2026-05-08 00:00:00,https://www.sec.gov/Archives/edgar/data/1123360/000112336026000072/0001123360-26-000072-index.htm
822,85.9536045962189,BDX,Becton Dickinson,Health Care,10795,Q,2015,Q1,2014-12-31,Quick ratio,quick_ratio,4.599231138875541,1.3980971457185778,YoY delta + Trend,2,"Quick ratio rose 229% year over year (1.40x to 4.60x), 5.8x its usual yearly move; 20.8 sigma above its rolling median of 1.48x.",85.9536045962189,49.36199791755202,72.26115797200885,0.0,0.0,0.08,False,False,0.98,False,0001193125-15-037325,10-Q,2015-02-06 00:00:00,https://www.sec.gov/Archives/edgar/data/10795/000119312515037325/0001193125-15-037325-index.htm
823,85.94387991010534,KDP,Keurig Dr Pepper,Consumer Staples,1418135,Q,2016,Q4,2016-12-31,Gross margin,gross_margin,0.4497528830313015,0.6054333764553687,YoY delta + Trend,2,"Gross margin fell 1,557 bps year over year (60.5% to 45.0%), 9.9x its usual yearly move; 13.5 sigma below its rolling median of 59.3%.",85.94387991010534,62.20467343070276,62.809899091299144,0.0,0.0,0.08823529411764706,False,False,0.7647058823529411,False,0001418135-19-000007,10-K,2019-02-28 00:00:00,https://www.sec.gov/Archives/edgar/data/1418135/000141813519000007/0001418135-19-000007-index.htm
824,85.94217497126846,SRE,Sempra,Utilities,1032208,Q,2018,Q2,2018-06-30,Debt / EBITDA,debt_to_ebitda,13.033907146583203,3.617716620081703,YoY delta + Trend,2,"Debt / EBITDA rose 260% year over year (3.62x to 13.03x), 6.3x its usual yearly move; 19.9 sigma above its rolling median of 4.28x.",85.94217497126846,51.02531969871024,71.2957288495841,0.0,0.0,0.07407407407407407,False,False,0.9259259259259259,False,0000086521-18-000059,10-Q,2018-08-06 00:00:00,https://www.sec.gov/Archives/edgar/data/1032208/000008652118000059/0000086521-18-000059-index.htm
825,85.93379310956541,D,Dominion Energy,Utilities,715957,Q,2010,Q2,2010-06-30,EBITDA margin,ebitda_margin,1.0258025802580257,0.3534938344098649,YoY delta + Trend,2,"EBITDA margin rose 6,723 bps year over year (35.3% to 102.6%); 11.9 sigma above its rolling median of 27.5%. An input changed XBRL tag versus the comparison period.",90.76818560367414,77.07233809681267,59.735037810189965,0.0,0.0,0.13043478260869565,False,False,1.0,True,0001193125-11-201833,10-Q,2011-07-29 00:00:00,https://www.sec.gov/Archives/edgar/data/715957/000119312511201833/0001193125-11-201833-index.htm
826,85.92495305982428,MKC,McCormick & Company,Consumer Staples,63754,Q,2017,Q4,2017-11-30,Debt / EBITDA,debt_to_ebitda,5.763049782503625,1.9265039349072963,YoY delta + Trend,2,"Debt / EBITDA rose 199% year over year (1.93x to 5.76x), 4.0x its usual yearly move; 26.2 sigma above its rolling median of 1.92x. An input changed XBRL tag versus the comparison period.",85.92495305982428,39.780133156575125,76.62723669454193,0.0,0.0,0.08333333333333333,False,False,1.0,True,0000063754-19-000017,10-K,2019-01-25 00:00:00,https://www.sec.gov/Archives/edgar/data/63754/000006375419000017/0000063754-19-000017-index.htm
827,85.91843342570154,TPR,"Tapestry, Inc.",Consumer Discretionary,1116132,A,2015,FY,2015-06-27,SG&A % of revenue,sga_pct,0.546473900181315,0.4529357912696101,YoY delta + Trend,2,"SG&A % of revenue rose 935 bps year over year (45.3% to 54.6%), 6.8x its usual yearly move; 18.6 sigma above its rolling median of 41.3%.",85.91843342570154,53.208308196070334,69.90584005104115,0.0,0.0,0.07317073170731707,False,False,1.0,False,0001116132-17-000011,10-K,2017-08-18 00:00:00,https://www.sec.gov/Archives/edgar/data/1116132/000111613217000011/0001116132-17-000011-index.htm
828,85.91692668995816,SNPS,Synopsys,Information Technology,883241,A,2024,FY,2024-10-31,Current ratio,current_ratio,2.4412728480219763,1.1491141539419003,YoY delta + Trend + Benford,3,"Current ratio rose 112% year over year (1.15x to 2.44x), 3.6x its usual yearly move; 11.8 sigma above its rolling median of 1.06x; the filing's leading digits also depart from Benford's Law.",85.91692668995816,37.5056644288878,59.68737948416275,44.09949199398369,0.0,0.0958904109589041,False,False,0.726027397260274,False,0000883241-25-000028,10-K,2025-12-22 00:00:00,https://www.sec.gov/Archives/edgar/data/883241/000088324125000028/0000883241-25-000028-index.htm
829,85.90771469256725,FANG,Diamondback Energy,Energy,1539838,Q,2016,Q1,2016-03-31,Cash conversion (CFO / EBITDA),cash_conversion,5.029724872113922,1.6222633111889255,Trend,1,Cash conversion (CFO / EBITDA) of 5.03x is 48.8 sigma above its rolling median of 0.90x. An input changed XBRL tag versus the comparison period.,85.90771469256725,0.0,85.90771469256725,0.0,0.0,0.07692307692307693,False,False,1.0,True,0001539838-17-000076,10-Q,2017-05-04 00:00:00,https://www.sec.gov/Archives/edgar/data/1539838/000153983817000076/0001539838-17-000076-index.htm
830,85.90749462166148,PPG,PPG Industries,Materials,79879,Q,2013,Q1,2013-03-31,Accruals / assets,accruals,0.6396621232482242,0.004107338444687842,YoY delta + Trend,2,"Accruals / assets rose 6,356 bps year over year (0.4% to 64.0%), 11.8x its usual yearly move; 12.2 sigma above its rolling median of -3.2%.",86.70610346940602,66.37416890170314,60.46522540444415,0.0,0.0,0.10526315789473684,False,False,1.0,False,0000079879-15-000009,10-K,2015-02-19 00:00:00,https://www.sec.gov/Archives/edgar/data/79879/000007987915000009/0000079879-15-000009-index.htm
831,85.90210243083831,WBD,Warner Bros. Discovery,Communication Services,1437107,Q,2022,Q2,2022-06-30,Debt / EBITDA,debt_to_ebitda,42.95008183306056,4.185535465924896,YoY delta + Trend,2,"Debt / EBITDA rose 497% year over year (4.19x to 42.95x), 3.0x its usual yearly move; 66.6 sigma above its rolling median of 3.88x. An input changed XBRL tag versus the comparison period.",92.86713776306844,33.482145431980825,89.2767704501989,0.0,0.0,0.14285714285714285,False,False,1.0,True,0001437107-22-000209,10-Q,2022-08-05 00:00:00,https://www.sec.gov/Archives/edgar/data/1437107/000143710722000209/0001437107-22-000209-index.htm
832,85.89325534909084,HAS,Hasbro,Consumer Discretionary,46080,Q,2023,Q4,2023-12-31,Operating margin,operating_margin,-0.9299402591356971,-0.07488829311885613,YoY delta + Trend,2,"Operating margin fell 8,551 bps year over year (-7.5% to -93.0%), 10.3x its usual yearly move; 12.9 sigma below its rolling median of 9.4%.",85.89325534909084,63.20766852398375,61.65846499805291,0.0,0.0,0.07692307692307693,False,False,0.02564102564102564,False,0000046080-26-000011,10-K,2026-02-25 00:00:00,https://www.sec.gov/Archives/edgar/data/46080/000004608026000011/0000046080-26-000011-index.htm
833,85.88889937191112,HIG,Hartford (The),Financials,874766,Q,2018,Q3,2018-09-30,Asset turnover,asset_turnover,0.3169574182567997,0.07451219132853709,Trend,1,Asset turnover of 0.32x is 48.7 sigma above its rolling median of 0.07x.,85.88889937191112,0.0,85.88889937191112,0.0,0.0,0.057971014492753624,False,False,0.6666666666666666,False,0000874766-20-000020,10-K,2020-02-21 00:00:00,https://www.sec.gov/Archives/edgar/data/874766/000087476620000020/0000874766-20-000020-index.htm
834,85.8775250480527,LDOS,Leidos,Industrials,1336920,Q,2015,Q2,2014-08-01,Operating margin,operating_margin,-0.31393568147013784,0.0068634179821551134,YoY delta + Trend,2,"Operating margin fell 3,208 bps year over year (0.7% to -31.4%), 5.8x its usual yearly move; 20.8 sigma below its rolling median of 6.0%.",85.8775250480527,49.146652587286894,72.22901604228173,0.0,0.0,0.034482758620689655,False,False,0.017241379310344827,False,0001336920-16-000076,10-KT,2016-02-26 00:00:00,https://www.sec.gov/Archives/edgar/data/1336920/000133692016000076/0001336920-16-000076-index.htm
835,85.87576905686134,DD,DuPont,Industrials,1666700,Q,2021,Q1,2021-03-31,Return on assets,roa,0.363516894538654,-0.03588279839226423,YoY delta + Trend,2,"Return on assets rose 3,994 bps year over year (-3.6% to 36.4%), 9.1x its usual yearly move; 21.0 sigma above its rolling median of 1.1%.",88.99043425581486,60.158260908566604,72.36675407436628,0.0,0.0,0.12,False,False,1.0,False,0001666700-22-000017,10-Q,2022-05-06 00:00:00,https://www.sec.gov/Archives/edgar/data/1666700/000166670022000017/0001666700-22-000017-index.htm
836,85.8694866394093,LHX,L3Harris,Industrials,202058,A,2015,FY,2015-07-03,Days sales outstanding,dso,109.73487773487774,41.219074221867515,YoY delta + Trend,2,"Days sales outstanding rose 166% year over year (41 days to 110 days), 11.4x its usual yearly move; 11.6 sigma above its rolling median of 53 days.",85.8694866394093,65.45855128820243,59.09113865347389,0.0,0.0,0.0625,False,False,0.984375,False,0000202058-16-000022,10-K,2016-08-29 00:00:00,https://www.sec.gov/Archives/edgar/data/202058/000020205816000022/0000202058-16-000022-index.htm
837,85.85655137719634,DAL,Delta Air Lines,Industrials,27904,Q,2021,Q3,2021-09-30,Debt / EBITDA,debt_to_ebitda,10.08665699782451,,Trend,1,Debt / EBITDA of 10.09x is 75.8 sigma above its rolling median of 1.25x.,90.45210170579733,0.0,90.45210170579733,0.0,0.0,0.12903225806451613,False,False,0.967741935483871,False,0000027904-21-000012,10-Q,2021-10-13 00:00:00,https://www.sec.gov/Archives/edgar/data/27904/000002790421000012/0000027904-21-000012-index.htm
838,85.85028944983246,VRSN,Verisign,Information Technology,1014473,Q,2010,Q3,2010-09-30,Net margin,net_margin,4.555814169462406,0.3418916247361406,YoY delta + Trend,2,"Net margin rose 42,139 bps year over year (34.2% to 455.6%); 25.2 sigma above its rolling median of 22.6%.",98.90786252936736,95.46888288198534,75.8969489821714,0.0,0.0,0.17543859649122806,False,False,1.0,False,0001193125-11-285850,10-Q,2011-10-28 00:00:00,https://www.sec.gov/Archives/edgar/data/1014473/000119312511285850/0001193125-11-285850-index.htm
839,85.83979599498403,ABT,Abbott Laboratories,Health Care,1800,A,2012,FY,2012-12-31,Gross margin,gross_margin,1.2994330708661417,1.0889288550474143,Trend,1,Gross margin of 129.9% is 48.5 sigma above its rolling median of 57.3%.,85.83979599498403,0.0,85.83979599498403,0.0,0.0,0.057692307692307696,False,False,1.0,False,0001047469-14-001176,10-K,2014-02-21 00:00:00,https://www.sec.gov/Archives/edgar/data/1800/000104746914001176/0001047469-14-001176-index.htm
840,85.82930406309572,HPQ,HP Inc.,Information Technology,47217,Q,2015,Q2,2015-04-30,Gross margin,gross_margin,0.23203478465244726,0.5069757222893552,YoY delta + Trend,2,"Gross margin fell 2,749 bps year over year (50.7% to 23.2%), 4.3x its usual yearly move; 24.9 sigma below its rolling median of 50.5%. An input changed XBRL tag versus the comparison period.",85.82930406309572,41.80806715213949,75.64834979110806,0.0,0.0,0.031746031746031744,False,False,0.1111111111111111,True,0001047469-15-005313,10-Q,2015-06-08 00:00:00,https://www.sec.gov/Archives/edgar/data/47217/000104746915005313/0001047469-15-005313-index.htm
841,85.82578015816269,HWM,Howmet Aerospace,Industrials,4281,Q,2015,Q2,2015-06-30,Gross margin,gross_margin,-0.45536828963795256,0.1835161069225497,YoY delta + Trend,2,"Gross margin fell 6,389 bps year over year (18.4% to -45.5%), 4.4x its usual yearly move; 24.6 sigma below its rolling median of 16.3%. An input changed XBRL tag versus the comparison period.",85.82578015816269,42.291677395947985,75.43817043671608,0.0,0.0,0.08928571428571429,False,False,0.017857142857142856,True,0001193125-17-062657,10-K,2017-02-28 00:00:00,https://www.sec.gov/Archives/edgar/data/4281/000119312517062657/0001193125-17-062657-index.htm
842,85.82501076770548,EIX,Edison International,Utilities,827052,Q,2025,Q1,2025-03-31,Interest coverage,interest_coverage,7.089700996677741,0.5518018018018018,YoY delta + Trend,2,"Interest coverage rose 1,185% year over year (0.55x to 7.09x), 7.0x its usual yearly move; 18.0 sigma above its rolling median of 1.78x. Reverses the prior year's flagged move. An input changed XBRL tag versus the comparison period.",85.82501076770548,53.94387374664335,69.22235892285575,0.0,0.0,0.03333333333333333,False,True,0.9666666666666667,True,0000827052-26-000042,10-Q,2026-04-28 00:00:00,https://www.sec.gov/Archives/edgar/data/827052/000082705226000042/0000827052-26-000042-index.htm
843,85.82209164035606,ATO,Atmos Energy,Utilities,731802,Q,2012,Q3,2012-06-30,Gross margin,gross_margin,0.5086118657770283,0.3139966969446738,YoY delta + Trend,2,"Gross margin rose 1,946 bps year over year (31.4% to 50.9%); 13.5 sigma above its rolling median of 31.7%.",85.82209164035606,61.858164548975374,62.82845806450809,0.0,0.0,,False,False,,False,0000731802-13-000017,10-K,2013-11-13 00:00:00,https://www.sec.gov/Archives/edgar/data/731802/000073180213000017/0000731802-13-000017-index.htm
844,85.8045212209958,TEL,TE Connectivity,Information Technology,1385157,Q,2018,Q4,2018-09-28,Return on assets,roa,0.3372674433361253,0.09155393824328244,YoY delta + Trend,2,"Return on assets rose 2,457 bps year over year (9.2% to 33.7%), 5.2x its usual yearly move; 22.2 sigma above its rolling median of 9.4%.",85.8045212209958,46.327573260626764,73.55163602358485,0.0,0.0,0.057971014492753624,False,False,0.9565217391304348,False,0001558370-19-010758,10-K,2019-11-12 00:00:00,https://www.sec.gov/Archives/edgar/data/1385157/000155837019010758/0001558370-19-010758-index.htm
845,85.79898121008918,V,Visa Inc.,Financials,1403161,Q,2012,Q3,2012-06-30,Operating margin,operating_margin,-1.016374269005848,0.5792420327304049,YoY delta + Trend,2,"Operating margin fell 15,956 bps year over year (57.9% to -101.6%), 8.0x its usual yearly move; 25.3 sigma below its rolling median of 57.6%.",89.7244247948645,57.25344149790534,75.961631613848,0.0,0.0,0.125,False,False,0.041666666666666664,False,0001403161-13-000007,10-Q,2013-07-24 00:00:00,https://www.sec.gov/Archives/edgar/data/1403161/000140316113000007/0001403161-13-000007-index.htm
846,85.79520298361116,HOOD,Robinhood Markets,Financials,1783879,Q,2021,Q4,2021-12-31,Net margin,net_margin,-1.166947421239382,0.041027643587304985,YoY delta,1,"Net margin fell 12,080 bps year over year (4.1% to -116.7%).",85.79520298361116,85.79520298361116,0.0,0.0,0.0,0.043478260869565216,False,False,0.014492753623188406,False,0001783879-24-000054,10-K,2024-02-27 00:00:00,https://www.sec.gov/Archives/edgar/data/1783879/000178387924000054/0001783879-24-000054-index.htm
847,85.79458343437263,HAL,Halliburton,Energy,45012,Q,2015,Q4,2015-12-31,Quick ratio,quick_ratio,2.884391980513397,1.680020456870099,YoY delta + Trend,2,"Quick ratio rose 72% year over year (1.68x to 2.88x), 4.8x its usual yearly move; 23.2 sigma above its rolling median of 1.70x.",85.79458343437263,44.59041919497166,74.36288750205044,0.0,0.0,0.0625,False,False,1.0,False,0000045012-17-000047,10-K,2017-02-07 00:00:00,https://www.sec.gov/Archives/edgar/data/45012/000004501217000047/0000045012-17-000047-index.htm
848,85.79073537189528,COIN,Coinbase,Financials,1679788,Q,2022,Q3,2022-09-30,Net margin,net_margin,-0.9225800768710859,0.30954914521445104,YoY delta + Trend,2,"Net margin fell 12,321 bps year over year (31.0% to -92.3%); 7.4 sigma below its rolling median of 28.0%.",92.74674094258948,86.03477975899756,48.06197874262899,0.0,0.0,0.14285714285714285,False,False,0.014285714285714285,False,0001679788-23-000113,10-Q,2023-11-02 00:00:00,https://www.sec.gov/Archives/edgar/data/1679788/000167978823000113/0001679788-23-000113-index.htm
849,85.78957523091026,MGM,MGM Resorts,Consumer Discretionary,789570,Q,2011,Q2,2011-06-30,Net margin,net_margin,1.905876848368065,-0.5709684236513373,YoY delta + Trend,2,"Net margin rose 24,768 bps year over year (-57.1% to 190.6%); 12.8 sigma above its rolling median of -17.3%. Reverses the prior year's flagged move.",97.1202738463135,92.52851847319809,61.457093303968364,0.0,0.0,0.16666666666666666,False,True,1.0,False,0001104659-12-056073,10-Q,2012-08-09 00:00:00,https://www.sec.gov/Archives/edgar/data/789570/000110465912056073/0001104659-12-056073-index.htm
850,85.76435882901461,BSX,Boston Scientific,Health Care,885725,Q,2012,Q2,2012-06-30,Return on equity,roe,-1.4967580004183225,0.05098432930289406,YoY delta + Trend,2,"Return on equity fell 15,477 bps year over year (5.1% to -149.7%), 6.6x its usual yearly move; 59.6 sigma below its rolling median of 3.9%.",94.38183029030316,52.52299939967397,88.16654456124537,0.0,0.0,0.15217391304347827,False,False,0.021739130434782608,False,0000885725-13-000037,10-Q,2013-08-07 00:00:00,https://www.sec.gov/Archives/edgar/data/885725/000088572513000037/0000885725-13-000037-index.htm
851,85.74490220161861,CVS,CVS Health,Health Care,64803,Q,2018,Q2,2018-06-30,Debt / EBITDA,debt_to_ebitda,7.5112327517390804,2.1858486707566462,YoY delta + Trend,2,"Debt / EBITDA rose 244% year over year (2.19x to 7.51x), 4.3x its usual yearly move; 47.4 sigma above its rolling median of 2.23x. An input changed XBRL tag versus the comparison period.",91.57222565221406,41.66986293276861,85.55159515899632,0.0,0.0,0.13636363636363635,False,False,0.9545454545454546,True,0001558370-18-006683,10-Q,2018-08-08 00:00:00,https://www.sec.gov/Archives/edgar/data/64803/000155837018006683/0001558370-18-006683-index.htm
852,85.71658843556625,ROK,Rockwell Automation,Industrials,1024478,Q,2025,Q4,2025-09-30,Days payables outstanding,dpo,119.86228813559322,62.04047750810341,YoY delta + Trend,2,"Days payables outstanding rose 93% year over year (62 days to 120 days), 8.1x its usual yearly move; 15.9 sigma above its rolling median of 69 days.",85.71658843556625,57.40279682474443,66.46866343391558,0.0,0.0,0.01818181818181818,False,False,0.9818181818181818,False,0001024478-26-000030,10-Q,2026-08-04 00:00:00,https://www.sec.gov/Archives/edgar/data/1024478/000102447826000030/0001024478-26-000030-index.htm
853,85.71310487004871,KR,Kroger,Consumer Staples,56873,Q,2024,Q3,2024-11-09,Current ratio,current_ratio,1.5377288927123018,0.8006553470360441,YoY delta + Trend,2,"Current ratio rose 92% year over year (0.80x to 1.54x), 7.1x its usual yearly move; 17.6 sigma above its rolling median of 0.78x.",85.71310487004871,54.358915703361376,68.69729247207326,0.0,0.0,0.06060606060606061,False,False,0.8181818181818182,False,0001558370-24-016233,10-Q,2024-12-13 00:00:00,https://www.sec.gov/Archives/edgar/data/56873/000155837024016233/0001558370-24-016233-index.htm
854,85.70766579034425,VRTX,Vertex Pharmaceuticals,Health Care,875320,Q,2012,Q1,2012-03-31,Return on assets,roa,0.1610330094373273,-0.43161670291638954,YoY delta + Trend,2,"Return on assets rose 5,926 bps year over year (-43.2% to 16.1%); 5.6 sigma above its rolling median of -39.9%. Reverses the prior year's flagged move.",90.0673066997469,83.16143290037012,41.01224147230783,0.0,0.0,0.1276595744680851,False,True,0.9574468085106383,False,0000875320-14-000015,10-K,2014-02-11 00:00:00,https://www.sec.gov/Archives/edgar/data/875320/000087532014000015/0000875320-14-000015-index.htm
855,85.69501611828152,ANET,Arista Networks,Information Technology,1596532,Q,2018,Q2,2018-06-30,Operating margin,operating_margin,-0.46129711740999724,0.28783522658565536,YoY delta + Trend,2,"Operating margin fell 7,491 bps year over year (28.8% to -46.1%), 15.3x its usual yearly move; 13.1 sigma below its rolling median of 21.8%.",89.30141960221721,71.82772646184901,62.024433763591226,0.0,0.0,0.12307692307692308,False,False,0.03076923076923077,False,0001596532-20-000024,10-K,2020-02-14 00:00:00,https://www.sec.gov/Archives/edgar/data/1596532/000159653220000024/0001596532-20-000024-index.htm
856,85.6931194105281,VRTX,Vertex Pharmaceuticals,Health Care,875320,Q,2011,Q4,2011-12-31,SG&A % of revenue,sga_pct,0.21635424432846947,0.9535132165313472,YoY delta,1,"SG&A % of revenue fell 7,372 bps year over year (95.4% to 21.6%).",86.00026320769845,86.00026320769845,0.0,0.0,0.0,0.10204081632653061,False,False,0.3673469387755102,False,0000875320-13-000009,10-K,2013-03-01 00:00:00,https://www.sec.gov/Archives/edgar/data/875320/000087532013000009/0000875320-13-000009-index.htm
857,85.69300700113386,GILD,Gilead Sciences,Health Care,882095,Q,2026,Q2,2026-06-30,Net margin,net_margin,-1.345123670383186,0.2767579779723242,YoY delta + Trend,2,"Net margin fell 16,219 bps year over year (27.7% to -134.5%), 5.4x its usual yearly move; 21.4 sigma below its rolling median of 23.4%.",85.69300700113386,47.39754195504347,72.80166454077356,0.0,0.0,0.0784313725490196,False,False,0.0196078431372549,False,0000882095-26-000031,10-Q,2026-08-06 00:00:00,https://www.sec.gov/Archives/edgar/data/882095/000088209526000031/0000882095-26-000031-index.htm
858,85.6920230052624,DLTR,Dollar Tree,Consumer Staples,935703,Q,2013,Q3,2013-11-02,Debt / EBITDA,debt_to_ebitda,0.8694688379230966,0.25635305528612995,YoY delta + Trend,2,"Debt / EBITDA rose 239% year over year (0.26x to 0.87x), 24.4x its usual yearly move; 14.3 sigma above its rolling median of 0.28x.",85.6920230052624,60.09706553744735,64.14304564952465,0.0,0.0,0.09090909090909091,False,False,0.13636363636363635,False,0000935703-14-000081,10-Q,2014-11-20 00:00:00,https://www.sec.gov/Archives/edgar/data/935703/000093570314000081/0000935703-14-000081-index.htm
859,85.67034969929415,RTX,RTX Corporation,Industrials,101829,A,2018,FY,2018-12-31,Asset turnover,asset_turnover,0.30027127473164567,0.6412504152690408,YoY delta + Trend,2,"Asset turnover fell 53% year over year (0.64x to 0.30x), 8.5x its usual yearly move; 15.1 sigma below its rolling median of 0.64x.",85.67034969929415,58.57250836323445,65.41028738513158,0.0,0.0,0.06578947368421052,False,False,0.02631578947368421,False,0000101829-21-000008,10-K,2021-02-08 00:00:00,https://www.sec.gov/Archives/edgar/data/101829/000010182921000008/0000101829-21-000008-index.htm
860,85.64750492921476,SOLV,Solventum,Health Care,1964738,Q,2025,Q3,2025-09-30,Net margin,net_margin,0.6040076335877863,0.05859750240153699,YoY delta + Trend,2,"Net margin rose 5,454 bps year over year (5.9% to 60.4%); 7.0 sigma above its rolling median of 9.2%. Reverses the prior year's flagged move.",85.64750492921476,73.16913312115587,46.50752383217985,0.0,0.0,0.1,False,True,1.0,False,0001964738-25-000091,10-Q,2025-11-06 00:00:00,https://www.sec.gov/Archives/edgar/data/1964738/000196473825000091/0001964738-25-000091-index.htm
861,85.64518219642845,JBL,Jabil,Information Technology,898293,Q,2024,Q2,2024-02-29,Operating margin,operating_margin,0.1671346239101522,0.044135726579788544,YoY delta + Trend,2,"Operating margin rose 1,230 bps year over year (4.4% to 16.7%), 9.9x its usual yearly move; 17.0 sigma above its rolling median of 4.0%.",85.64518219642845,55.15672893581437,67.98891458425271,0.0,0.0,0.056338028169014086,False,False,0.4647887323943662,False,0001628280-25-017004,10-Q,2025-04-08 00:00:00,https://www.sec.gov/Archives/edgar/data/898293/000162828025017004/0001628280-25-017004-index.htm
862,85.64392240693971,GILD,Gilead Sciences,Health Care,882095,Q,2017,Q4,2018-01-01,Net margin,net_margin,-0.6496890233652715,0.4245901639344262,YoY delta + Trend,2,"Net margin fell 10,743 bps year over year (42.5% to -65.0%), 10.5x its usual yearly move; 22.8 sigma below its rolling median of 45.4%. An input changed XBRL tag versus the comparison period.",90.58134836277975,63.73678543310305,74.02698092347798,0.0,0.0,0.13114754098360656,False,False,0.03278688524590164,True,0000882095-19-000006,10-K,2019-02-26 00:00:00,https://www.sec.gov/Archives/edgar/data/882095/000088209519000006/0000882095-19-000006-index.htm
863,85.62685121151334,EFX,Equifax,Industrials,33185,A,2019,FY,2019-12-31,Debt / EBITDA,debt_to_ebitda,1791.1052631578948,3.4754549024741457,YoY delta + Trend,2,"Debt / EBITDA rose 619% year over year (3.48x to 1791.11x), 5.4x its usual yearly move; 36.1 sigma above its rolling median of 2.12x. An input changed XBRL tag versus the comparison period.",90.44397602134589,47.35387514744637,81.8485709908987,0.0,0.0,0.13043478260869565,False,False,1.0,True,0000033185-20-000011,10-K,2020-02-20 00:00:00,https://www.sec.gov/Archives/edgar/data/33185/000003318520000011/0000033185-20-000011-index.htm
864,85.61684909091473,FIS,Fidelity National Information Services,Financials,1136893,A,2022,FY,2022-12-31,Return on assets,roa,-0.229151420227209,0.005000809483549496,YoY delta + Trend,2,"Return on assets fell 2,342 bps year over year (0.5% to -22.9%), 14.3x its usual yearly move; 8.5 sigma below its rolling median of 2.6%.",85.61684909091473,70.4014683106167,51.40586343935306,0.0,0.0,0.09333333333333334,False,False,0.013333333333333334,False,0001136893-25-000014,10-K,2025-02-13 00:00:00,https://www.sec.gov/Archives/edgar/data/1136893/000113689325000014/0001136893-25-000014-index.htm
865,85.61646688961864,EMR,Emerson Electric,Industrials,32604,A,2014,FY,2014-09-30,Gross margin,gross_margin,0.57283031635933,0.4034212979853257,YoY delta + Trend,2,"Gross margin rose 1,694 bps year over year (40.3% to 57.3%), 21.2x its usual yearly move; 13.6 sigma above its rolling median of 39.5%.",90.29861742264465,73.84584074973796,62.90692243430402,0.0,0.0,0.12962962962962962,False,False,0.9259259259259259,False,0000032604-15-000051,10-K,2015-11-18 00:00:00,https://www.sec.gov/Archives/edgar/data/32604/000003260415000051/0000032604-15-000051-index.htm
866,85.61118622252293,INTC,Intel,Information Technology,50863,Q,2023,Q2,2023-07-01,Debt / EBITDA,debt_to_ebitda,8.849873691808012,1.4475404477855858,YoY delta + Trend,2,"Debt / EBITDA rose 511% year over year (1.45x to 8.85x), 3.6x its usual yearly move; 26.8 sigma above its rolling median of 1.26x.",85.61118622252293,37.39228800893143,77.01750579939778,0.0,0.0,0.08928571428571429,False,False,0.9642857142857143,False,0000050863-23-000069,10-Q,2023-07-28 00:00:00,https://www.sec.gov/Archives/edgar/data/50863/000005086323000069/0000050863-23-000069-index.htm
867,85.60730066487662,A,Agilent Technologies,Health Care,1090872,Q,2014,Q1,2014-01-31,Days sales outstanding,dso,76.85639880952381,47.47172619047619,YoY delta + Trend,2,"Days sales outstanding rose 62% year over year (47 days to 77 days), 7.3x its usual yearly move; 19.3 sigma above its rolling median of 48 days.",85.91413686797654,51.91346060035569,70.70726380420787,0.0,0.0,0.10204081632653061,False,False,0.8775510204081632,False,0001090872-14-000005,10-Q,2014-03-05 00:00:00,https://www.sec.gov/Archives/edgar/data/1090872/000109087214000005/0001090872-14-000005-index.htm
868,85.60413543427448,MMM,3M,Industrials,66740,Q,2023,Q3,2023-09-30,Operating margin,operating_margin,-0.4937799043062201,0.4821905093398306,YoY delta + Trend,2,"Operating margin fell 9,760 bps year over year (48.2% to -49.4%), 4.7x its usual yearly move; 23.1 sigma below its rolling median of 20.2%. Reverses the prior year's flagged move.",85.60413543427448,43.97519759887802,74.30447953630406,0.0,0.0,0.05405405405405406,False,True,0.013513513513513514,False,0000066740-24-000101,10-Q,2024-10-22 00:00:00,https://www.sec.gov/Archives/edgar/data/66740/000006674024000101/0000066740-24-000101-index.htm
869,85.60121834488062,MU,Micron Technology,Information Technology,723125,Q,2023,Q4,2023-08-31,Debt / EBITDA,debt_to_ebitda,6.628543013426156,0.410631466286122,YoY delta + Trend,2,"Debt / EBITDA rose 1,514% year over year (0.41x to 6.63x), 3.4x its usual yearly move; 27.5 sigma above its rolling median of 0.66x.",85.60121834488062,36.02235358575785,77.49404290071845,0.0,0.0,0.08928571428571429,False,False,0.9285714285714286,False,0000723125-24-000027,10-K,2024-10-04 00:00:00,https://www.sec.gov/Archives/edgar/data/723125/000072312524000027/0000723125-24-000027-index.htm
870,85.59984049494378,LUV,Southwest Airlines,Industrials,92380,Q,2020,Q3,2020-09-30,EBITDA margin,ebitda_margin,-0.611266034578918,0.19985813087426849,YoY delta + Trend,2,"EBITDA margin fell 8,111 bps year over year (20.0% to -61.1%), 4.8x its usual yearly move; 27.1 sigma below its rolling median of 19.6%. An input changed XBRL tag versus the comparison period.",87.29728775688316,44.19899802555375,77.23569148644685,0.0,0.0,0.1111111111111111,False,False,0.027777777777777776,True,0000092380-21-000160,10-Q,2021-10-26 00:00:00,https://www.sec.gov/Archives/edgar/data/92380/000009238021000160/0000092380-21-000160-index.htm
871,85.595233362864,IQV,IQVIA,Health Care,1478242,Q,2018,Q3,2018-09-30,Gross margin,gross_margin,0.35312259059367773,0.5275750202757502,YoY delta + Trend,2,"Gross margin fell 1,745 bps year over year (52.8% to 35.3%), 3.1x its usual yearly move; 28.8 sigma below its rolling median of 53.1%. An input changed XBRL tag versus the comparison period.",85.595233362864,33.80991148415779,78.23727545901632,0.0,0.0,0.07272727272727272,False,False,0.16363636363636364,True,0001564590-20-004901,10-K,2020-02-18 00:00:00,https://www.sec.gov/Archives/edgar/data/1478242/000156459020004901/0001564590-20-004901-index.htm
872,85.59368819543711,DOV,Dover Corporation,Industrials,29905,Q,2024,Q4,2024-12-31,Return on equity,roe,0.9079883449210975,0.23846171259887083,YoY delta + Trend,2,"Return on equity rose 6,695 bps year over year (23.8% to 90.8%), 8.4x its usual yearly move; 15.2 sigma above its rolling median of 24.8%.",85.59368819543711,58.25081985597781,65.49318632158662,0.0,0.0,0.0945945945945946,False,False,0.972972972972973,False,0000029905-26-000009,10-K,2026-02-13 00:00:00,https://www.sec.gov/Archives/edgar/data/29905/000002990526000009/0000029905-26-000009-index.htm
873,85.5893107784689,HAS,Hasbro,Consumer Discretionary,46080,Q,2025,Q2,2025-06-29,Return on equity,roe,-4.6663031624863684,0.502996186671509,YoY delta + Trend,2,"Return on equity fell 51,693 bps year over year (50.3% to -466.6%), 10.2x its usual yearly move; 12.6 sigma below its rolling median of 7.0%.",85.5893107784689,62.88902621075846,61.16865781164503,0.0,0.0,0.08571428571428572,False,False,0.02857142857142857,False,0000046080-26-000050,10-Q,2026-07-30 00:00:00,https://www.sec.gov/Archives/edgar/data/46080/000004608026000050/0000046080-26-000050-index.htm
874,85.58896822830926,CHTR,Charter Communications,Communication Services,1091667,Q,2016,Q2,2016-06-30,Return on assets,roa,0.12932811157554067,-0.023389010040978694,YoY delta + Trend,2,"Return on assets rose 1,527 bps year over year (-2.3% to 12.9%), 15.3x its usual yearly move; 22.2 sigma above its rolling median of -1.2%.",92.52861430087486,71.79352581304369,73.51180565992125,0.0,0.0,0.14285714285714285,False,False,0.9285714285714286,False,0001091667-18-000025,10-K,2018-02-02 00:00:00,https://www.sec.gov/Archives/edgar/data/1091667/000109166718000025/0001091667-18-000025-index.htm
875,85.58620509738083,BRO,Brown & Brown,Financials,79282,Q,2017,Q4,2018-01-01,Net margin,net_margin,0.3953166243601312,0.1328816779811098,YoY delta + Trend,2,"Net margin rose 2,624 bps year over year (13.3% to 39.5%), 11.1x its usual yearly move; 33.3 sigma above its rolling median of 14.6%.",93.19731952527857,64.91744599075032,80.6095061581666,0.0,0.0,0.14666666666666667,False,False,0.9466666666666667,False,0000079282-19-000006,10-K,2019-02-26 00:00:00,https://www.sec.gov/Archives/edgar/data/79282/000007928219000006/0000079282-19-000006-index.htm
876,85.58590845399466,ON,ON Semiconductor,Information Technology,1097864,Q,2025,Q1,2025-04-04,EBITDA margin,ebitda_margin,-0.28048696133361,0.36511515541955225,YoY delta + Trend,2,"EBITDA margin fell 6,456 bps year over year (36.5% to -28.0%), 7.5x its usual yearly move; 16.7 sigma below its rolling median of 36.4%. An input changed XBRL tag versus the comparison period.",85.58590845399466,55.53857710267916,67.580678694667,0.0,0.0,0.08823529411764706,False,False,0.014705882352941176,True,0001097864-26-000014,10-Q,2026-05-04 00:00:00,https://www.sec.gov/Archives/edgar/data/1097864/000109786426000014/0001097864-26-000014-index.htm
877,85.58231704816012,SPGI,S&P Global,Financials,64040,Q,2022,Q1,2022-03-31,Asset turnover,asset_turnover,0.23560738676989076,0.6357866519493831,YoY delta + Trend,2,"Asset turnover fell 63% year over year (0.64x to 0.24x), 6.1x its usual yearly move; 20.3 sigma below its rolling median of 0.65x.",86.0250932634869,50.47766345089696,71.78059899767347,0.0,0.0,0.10294117647058823,False,False,0.5882352941176471,False,0000064040-23-000113,10-Q,2023-04-27 00:00:00,https://www.sec.gov/Archives/edgar/data/64040/000006404023000113/0000064040-23-000113-index.htm
878,85.57422903171367,WM,Waste Management,Industrials,823768,Q,2019,Q3,2019-09-30,Current ratio,current_ratio,1.8601538976246237,0.8713355048859935,YoY delta + Trend,2,"Current ratio rose 113% year over year (0.87x to 1.86x), 3.4x its usual yearly move; 27.2 sigma above its rolling median of 0.85x.",85.57422903171367,36.453488479897665,77.29887821816486,0.0,0.0,0.07042253521126761,False,False,0.6901408450704225,False,0001558370-19-009032,10-Q,2019-10-23 00:00:00,https://www.sec.gov/Archives/edgar/data/823768/000155837019009032/0001558370-19-009032-index.htm
879,85.56991813791421,GEV,GE Vernova,Industrials,1996810,Q,2026,Q1,2026-03-31,Return on assets,roa,0.2738263554260323,0.019719731376887543,YoY delta + Trend,2,"Return on assets rose 2,541 bps year over year (2.0% to 27.4%); 9.8 sigma above its rolling median of 3.4%.",85.56991813791421,67.92358320171414,55.01342324851908,0.0,0.0,0.05194805194805195,False,False,1.0,False,0001996810-26-000064,10-Q,2026-04-22 00:00:00,https://www.sec.gov/Archives/edgar/data/1996810/000199681026000064/0001996810-26-000064-index.htm
880,85.56231586109276,EMR,Emerson Electric,Industrials,32604,Q,2017,Q2,2017-03-31,Current ratio,current_ratio,2.5049058605144525,1.2115619652896603,YoY delta + Trend,2,"Current ratio rose 107% year over year (1.21x to 2.50x), 5.1x its usual yearly move; 22.0 sigma above its rolling median of 1.26x.",85.56231586109276,45.941284940911125,73.29258728564648,0.0,0.0,0.0967741935483871,False,False,0.9193548387096774,False,0000032604-17-000022,10-Q,2017-05-04 00:00:00,https://www.sec.gov/Archives/edgar/data/32604/000003260417000022/0000032604-17-000022-index.htm
881,85.5609701260985,SPGI,S&P Global,Financials,64040,Q,2013,Q1,2013-03-31,Return on equity,roe,3.2721202003338896,0.3061605476042315,YoY delta + Trend,2,"Return on equity rose 29,660 bps year over year (30.6% to 327.2%), 9.6x its usual yearly move; 13.3 sigma above its rolling median of 39.2%.",85.5609701260985,61.63554776693271,62.36351874338466,0.0,0.0,0.04838709677419355,False,False,1.0,False,0000064040-15-000004,10-K,2015-02-13 00:00:00,https://www.sec.gov/Archives/edgar/data/64040/000006404015000004/0000064040-15-000004-index.htm
882,85.55961784985061,CAH,Cardinal Health,Health Care,721371,Q,2013,Q4,2013-06-30,Return on equity,roe,-0.36610698945724324,0.151232367571551,YoY delta + Trend,2,"Return on equity fell 5,173 bps year over year (15.1% to -36.6%), 6.8x its usual yearly move; 26.4 sigma below its rolling median of 17.5%.",89.05833828237238,52.979883980754956,76.7298283289023,0.0,0.0,0.12244897959183673,False,False,0.04081632653061224,False,0000721371-14-000181,10-K,2014-08-13 00:00:00,https://www.sec.gov/Archives/edgar/data/721371/000072137114000181/0000721371-14-000181-index.htm
883,85.54530583762974,VRTX,Vertex Pharmaceuticals,Health Care,875320,A,2011,FY,2011-12-31,Operating margin,operating_margin,0.08068758125824989,-4.855109158122341,YoY delta,1,"Operating margin rose 49,358 bps year over year (-485.5% to 8.1%).",96.10576488616796,96.10576488616796,0.0,0.0,0.0,0.16279069767441862,False,False,0.3488372093023256,False,0000875320-14-000015,10-K,2014-02-11 00:00:00,https://www.sec.gov/Archives/edgar/data/875320/000087532014000015/0000875320-14-000015-index.htm
884,85.52837172030264,XYZ,"Block, Inc.",Financials,1512673,Q,2019,Q4,2019-12-31,Return on assets,roa,0.36571644533606057,-0.03110281759006373,YoY delta + Trend,2,"Return on assets rose 3,968 bps year over year (-3.1% to 36.6%), 3.6x its usual yearly move; 26.4 sigma above its rolling median of -3.2%.",85.52837172030264,37.73586574693502,76.75768168416317,0.0,0.0,0.06944444444444445,False,False,1.0,False,0001628280-22-003825,10-K,2022-02-24 00:00:00,https://www.sec.gov/Archives/edgar/data/1512673/000162828022003825/0001628280-22-003825-index.htm
885,85.52731628054264,STX,Seagate Technology,Information Technology,1137789,Q,2023,Q3,2023-03-31,Debt / EBITDA,debt_to_ebitda,11.410984848484848,2.2597864768683276,YoY delta + Trend,2,"Debt / EBITDA rose 405% year over year (2.26x to 11.41x), 3.4x its usual yearly move; 27.3 sigma above its rolling median of 2.54x.",85.52731628054264,36.0719454397651,77.3609820930484,0.0,0.0,0.08,False,False,0.96,False,0001137789-23-000029,10-Q,2023-04-26 00:00:00,https://www.sec.gov/Archives/edgar/data/1137789/000113778923000029/0001137789-23-000029-index.htm
886,85.52289880940558,MKC,McCormick & Company,Consumer Staples,63754,Q,2016,Q4,2016-11-30,Trade working capital % of revenue,nwc_pct,0.15702933985330073,0.009006572926200183,YoY delta + Trend,2,"Trade working capital % of revenue rose 1,480 bps year over year (0.9% to 15.7%), 19.7x its usual yearly move; 14.3 sigma above its rolling median of 1.9%.",85.52289880940558,59.68112071365116,64.09349305625149,0.0,0.0,0.1,False,False,0.9333333333333333,False,0000063754-18-000008,10-K,2018-01-25 00:00:00,https://www.sec.gov/Archives/edgar/data/63754/000006375418000008/0000063754-18-000008-index.htm
887,85.51679079389635,INCY,Incyte,Health Care,879169,Q,2011,Q4,2011-12-31,Net margin,net_margin,-1.9066080515074941,0.3789565622452545,YoY delta,1,"Net margin fell 22,856 bps year over year (37.9% to -190.7%).",91.9535384880606,91.9535384880606,0.0,0.0,0.0,0.14,False,False,0.02,False,0001047469-13-001393,10-K,2013-02-21 00:00:00,https://www.sec.gov/Archives/edgar/data/879169/000104746913001393/0001047469-13-001393-index.htm
888,85.51594012847569,MMM,3M,Industrials,66740,Q,2023,Q3,2023-09-30,SG&A % of revenue,sga_pct,0.864274322169059,0.23181343543334493,YoY delta + Trend,2,"SG&A % of revenue rose 6,325 bps year over year (23.2% to 86.4%), 3.2x its usual yearly move; 28.2 sigma above its rolling median of 21.7%.",85.51594012847569,34.45425273240632,77.90236517955552,0.0,0.0,0.04411764705882353,False,False,1.0,False,0000066740-24-000101,10-Q,2024-10-22 00:00:00,https://www.sec.gov/Archives/edgar/data/66740/000006674024000101/0000066740-24-000101-index.htm
889,85.5106758701959,IVZ,Invesco,Financials,914208,Q,2025,Q4,2025-12-31,Net margin,net_margin,-0.5885933806146572,0.13138731952291274,YoY delta + Trend,2,"Net margin fell 7,200 bps year over year (13.1% to -58.9%), 5.4x its usual yearly move; 21.2 sigma below its rolling median of 9.9%. Reverses the prior year's flagged move. An input changed XBRL tag versus the comparison period.",85.5106758701959,47.18905001821187,72.56378812575659,0.0,0.0,0.08450704225352113,False,True,0.014084507042253521,True,0000914208-26-000079,10-K,2026-02-24 00:00:00,https://www.sec.gov/Archives/edgar/data/914208/000091420826000079/0000914208-26-000079-index.htm
890,85.49229532937564,TMO,Thermo Fisher Scientific,Health Care,97745,Q,2012,Q1,2012-03-31,Trade working capital % of revenue,nwc_pct,0.21474254121957603,0.08840304182509506,YoY delta + Trend,2,"Trade working capital % of revenue rose 1,263 bps year over year (8.8% to 21.5%), 11.0x its usual yearly move; 16.4 sigma above its rolling median of 9.2%.",85.49229532937564,55.81858214428904,67.16333387487907,0.0,0.0,0.09090909090909091,False,False,0.6590909090909091,False,0000097745-12-000016,10-Q,2012-05-04 00:00:00,https://www.sec.gov/Archives/edgar/data/97745/000009774512000016/0000097745-12-000016-index.htm
891,85.4911703737637,PCG,PG&E Corporation,Utilities,1004980,A,2019,FY,2019-12-31,Return on equity,roe,-0.8592792488896385,-0.42904207586834425,Trend,1,Return on equity of -85.9% is 47.1 sigma below its rolling median of 7.0%.,85.4911703737637,0.0,85.4911703737637,0.0,0.0,0.06896551724137931,False,False,0.034482758620689655,False,0001004980-22-000009,10-K,2022-02-10 00:00:00,https://www.sec.gov/Archives/edgar/data/1004980/000100498022000009/0001004980-22-000009-index.htm
892,85.47832505954305,VRTX,Vertex Pharmaceuticals,Health Care,875320,Q,2011,Q3,2011-09-30,Return on assets,roa,0.45884177263457376,-0.4718152339056587,YoY delta,1,"Return on assets rose 9,307 bps year over year (-47.2% to 45.9%).",88.57857519123633,88.57857519123633,0.0,0.0,0.0,0.12,False,False,1.0,False,0000875320-13-000009,10-K,2013-03-01 00:00:00,https://www.sec.gov/Archives/edgar/data/875320/000087532013000009/0000875320-13-000009-index.htm
893,85.47600734690319,SO,Southern Company,Utilities,92122,Q,2017,Q2,2017-06-30,EBITDA margin,ebitda_margin,-0.1453038674033149,0.4153397622785378,YoY delta + Trend,2,"EBITDA margin fell 5,606 bps year over year (41.5% to -14.5%), 10.3x its usual yearly move; 12.3 sigma below its rolling median of 39.0%.",85.47600734690319,63.234111209830935,60.49601102807988,0.0,0.0,0.03571428571428571,False,False,0.03571428571428571,False,0000092122-19-000006,10-K,2019-02-20 00:00:00,https://www.sec.gov/Archives/edgar/data/92122/000009212219000006/0000092122-19-000006-index.htm
894,85.47176268739645,COP,ConocoPhillips,Energy,1163165,Q,2009,Q4,2009-12-31,Return on equity,roe,0.05005949827171687,-2.3031994924317956,YoY delta,1,"Return on equity rose 23,533 bps year over year (-230.3% to 5.0%).",85.47176268739645,85.47176268739645,0.0,0.0,0.0,0.09090909090909091,False,False,0.2727272727272727,False,0001193125-12-070636,10-K,2012-02-21 00:00:00,https://www.sec.gov/Archives/edgar/data/1163165/000119312512070636/0001193125-12-070636-index.htm
895,85.44762196901054,ON,ON Semiconductor,Information Technology,1097864,A,2025,FY,2025-12-31,Cash conversion (CFO / EBITDA),cash_conversion,2.2848610750454426,0.7908404546585912,YoY delta + Trend,2,"Cash conversion (CFO / EBITDA) rose 189% year over year (0.79x to 2.28x), 3.9x its usual yearly move; 25.2 sigma above its rolling median of 0.91x.",85.44762196901054,39.587674144909116,75.91157462486085,0.0,0.0,0.057971014492753624,False,False,0.927536231884058,False,0001097864-26-000006,10-K,2026-02-09 00:00:00,https://www.sec.gov/Archives/edgar/data/1097864/000109786426000006/0001097864-26-000006-index.htm
896,85.44494334825619,RCL,Royal Caribbean Group,Consumer Discretionary,884887,Q,2021,Q1,2021-03-31,Days inventory outstanding,dio,38.43458871129893,10.732974135220697,YoY delta + Trend,2,"Days inventory outstanding rose 258% year over year (11 days to 38 days), 3.7x its usual yearly move; 28.7 sigma above its rolling median of 10 days.",86.52652490962652,38.17846307102333,78.20585550007854,0.0,0.0,0.10714285714285714,False,False,0.21428571428571427,False,0000884887-21-000011,10-Q,2021-04-29 00:00:00,https://www.sec.gov/Archives/edgar/data/884887/000088488721000011/0000884887-21-000011-index.htm
897,85.43267573580142,MRNA,Moderna,Health Care,1682852,Q,2021,Q3,2021-09-30,Net margin,net_margin,0.6707587039645804,-1.484076433121019,YoY delta,1,"Net margin rose 21,548 bps year over year (-148.4% to 67.1%).",91.50683642985194,91.50683642985194,0.0,0.0,0.0,0.13793103448275862,False,False,0.9827586206896551,False,0001682852-22-000051,10-Q,2022-11-03 00:00:00,https://www.sec.gov/Archives/edgar/data/1682852/000168285222000051/0001682852-22-000051-index.htm
898,85.43200998464799,EXC,Exelon,Utilities,1109357,Q,2021,Q2,2021-06-30,EBITDA margin,ebitda_margin,0.6606965174129353,0.26331603387052716,YoY delta + Trend,2,"EBITDA margin rose 3,974 bps year over year (26.3% to 66.1%), 5.1x its usual yearly move; 21.8 sigma above its rolling median of 28.8%. An input changed XBRL tag versus the comparison period.",85.43200998464799,45.80007034728154,73.12175475375116,0.0,0.0,0.03571428571428571,False,False,1.0,True,0001109357-22-000092,10-Q,2022-08-03 00:00:00,https://www.sec.gov/Archives/edgar/data/1109357/000110935722000092/0001109357-22-000092-index.htm
899,85.40646943544036,HCA,HCA Healthcare,Health Care,860730,Q,2020,Q2,2020-06-30,Accruals / assets,accruals,-0.6496547328163178,-0.10933489440266582,YoY delta + Trend,2,"Accruals / assets fell 5,403 bps year over year (-10.9% to -65.0%), 8.8x its usual yearly move; 14.3 sigma below its rolling median of -9.4%.",85.40646943544036,59.39911815698955,64.05612414777647,0.0,0.0,0.05172413793103448,False,False,0.017241379310344827,False,0001193125-21-233345,10-Q,2021-08-02 00:00:00,https://www.sec.gov/Archives/edgar/data/860730/000119312521233345/0001193125-21-233345-index.htm
900,85.39730939407805,TTWO,Take-Two Interactive,Communication Services,946581,Q,2014,Q2,2013-09-30,Days sales outstanding,dso,620.124635475461,51.7762986846538,YoY delta + Trend,2,"Days sales outstanding rose 1,098% year over year (52 days to 620 days); 55.6 sigma above its rolling median of 28 days.",96.67619931405062,73.55776155374144,87.4299572152157,0.0,0.0,0.16666666666666666,False,False,1.0,False,0001047469-13-010066,10-Q,2013-10-30 00:00:00,https://www.sec.gov/Archives/edgar/data/946581/000104746913010066/0001047469-13-010066-index.htm
901,85.39318467310483,COHR,Coherent Corp.,Information Technology,820318,Q,2020,Q1,2019-09-30,Asset turnover,asset_turnover,0.37180520772933534,0.6906243959867161,YoY delta + Trend,2,"Asset turnover fell 46% year over year (0.69x to 0.37x), 8.0x its usual yearly move; 15.5 sigma below its rolling median of 0.73x.",85.39318467310483,57.12724914410618,65.92983880135804,0.0,0.0,0.058823529411764705,False,False,0.11764705882352941,False,0000820318-21-000017,10-K,2021-08-20 00:00:00,https://www.sec.gov/Archives/edgar/data/820318/000082031821000017/0000820318-21-000017-index.htm
902,85.37735280248779,VRTX,Vertex Pharmaceuticals,Health Care,875320,A,2009,FY,2009-12-31,SG&A % of revenue,sga_pct,1.2777826850788603,0.5771378430121251,YoY delta,1,"SG&A % of revenue rose 7,006 bps year over year (57.7% to 127.8%).",85.37735280248779,85.37735280248779,0.0,0.0,0.0,0.06976744186046512,False,False,0.9767441860465116,False,0001047469-12-001298,10-K,2012-02-22 00:00:00,https://www.sec.gov/Archives/edgar/data/875320/000104746912001298/0001047469-12-001298-index.htm
903,85.37149051421977,LVS,Las Vegas Sands,Consumer Discretionary,1300514,Q,2019,Q2,2019-06-30,Cash conversion (CFO / EBITDA),cash_conversion,0.06424344885883347,1.0336134453781514,YoY delta + Trend,2,"Cash conversion (CFO / EBITDA) fell 94% year over year (1.03x to 0.06x), 12.8x its usual yearly move; 9.4 sigma below its rolling median of 1.01x.",85.37149051421977,68.1668441748982,54.04631081457206,0.0,0.0,0.08333333333333333,False,False,0.1111111111111111,False,0001300514-20-000122,10-Q,2020-07-24 00:00:00,https://www.sec.gov/Archives/edgar/data/1300514/000130051420000122/0001300514-20-000122-index.htm
904,85.35694610472378,TYL,Tyler Technologies,Information Technology,860731,A,2021,FY,2021-12-31,Days payables outstanding,dpo,49.61872467124307,8.90709064340217,YoY delta + Trend,2,"Days payables outstanding rose 457% year over year (9 days to 50 days), 5.5x its usual yearly move; 20.6 sigma above its rolling median of 7 days.",85.35694610472378,47.61582394249976,72.04679924868329,0.0,0.0,0.07575757575757576,False,False,0.45454545454545453,False,0000860731-23-000009,10-K,2023-02-22 00:00:00,https://www.sec.gov/Archives/edgar/data/860731/000086073123000009/0000860731-23-000009-index.htm
905,85.35361831198153,AMZN,Amazon,Consumer Discretionary,1018724,Q,2011,Q1,2011-03-31,Gross margin,gross_margin,0.4229806598407281,0.22857944187351004,YoY delta + Trend,2,"Gross margin rose 1,944 bps year over year (22.9% to 42.3%); 22.3 sigma above its rolling median of 23.4%.",89.92224868891853,61.832208928493344,73.5961892785438,0.0,0.0,0.12903225806451613,False,False,0.6129032258064516,False,0001193125-13-028520,10-K,2013-01-30 00:00:00,https://www.sec.gov/Archives/edgar/data/1018724/000119312513028520/0001193125-13-028520-index.htm
906,85.35227654251213,HPQ,HP Inc.,Information Technology,47217,A,2015,FY,2015-10-31,Days sales outstanding,dso,25.511719202688607,68.47896264547107,YoY delta + Trend,2,"Days sales outstanding fell 63% year over year (68 days to 26 days), 8.2x its usual yearly move; 17.1 sigma below its rolling median of 52 days. Reverses the prior year's flagged move.",86.51692748948598,57.75455827573913,68.08395897829867,0.0,0.0,0.1076923076923077,False,True,0.06153846153846154,False,0000047217-16-000093,10-K,2016-12-15 00:00:00,https://www.sec.gov/Archives/edgar/data/47217/000004721716000093/0000047217-16-000093-index.htm
907,85.3504046239996,LII,Lennox International,Industrials,1069202,A,2014,FY,2014-12-31,Return on equity,roe,0.8320194057004245,0.3491869918699187,YoY delta + Trend,2,"Return on equity rose 4,828 bps year over year (34.9% to 83.2%), 5.7x its usual yearly move; 22.4 sigma above its rolling median of 18.6%.",86.51503002822571,48.78743056525157,73.6686322896649,0.0,0.0,0.1076923076923077,False,False,0.9538461538461539,False,0001069202-17-000003,10-K,2017-02-21 00:00:00,https://www.sec.gov/Archives/edgar/data/1069202/000106920217000003/0001069202-17-000003-index.htm
908,85.3352909164497,DAL,Delta Air Lines,Industrials,27904,Q,2013,Q4,2013-12-31,Return on assets,roa,0.6914506478017554,0.0006299070887044161,YoY delta + Trend,2,"Return on assets rose 6,908 bps year over year (0.1% to 69.1%), 19.0x its usual yearly move; 16.8 sigma above its rolling median of 1.5%.",92.25436855832399,76.00791675960832,67.7158862610317,0.0,0.0,0.14285714285714285,False,False,1.0,False,0000027904-15-000003,10-K,2015-02-11 00:00:00,https://www.sec.gov/Archives/edgar/data/27904/000002790415000003/0000027904-15-000003-index.htm
909,85.33226208263265,GNRC,Generac,Industrials,1474735,Q,2011,Q4,2011-12-31,Return on assets,roa,0.7596585914319403,0.06153652873872928,YoY delta,1,"Return on assets rose 6,981 bps year over year (6.2% to 76.0%).",85.33226208263265,85.33226208263265,0.0,0.0,0.0,0.0958904109589041,False,False,1.0,False,0001474735-13-000006,10-K,2013-03-13 00:00:00,https://www.sec.gov/Archives/edgar/data/1474735/000147473513000006/0001474735-13-000006-index.htm
910,85.3093318593116,DOC,Healthpeak Properties,Real Estate,765880,Q,2015,Q1,2015-03-31,Return on equity,roe,-0.09153795406030282,0.09648046946870459,YoY delta + Trend + Benford,3,"Return on equity fell 1,880 bps year over year (9.6% to -9.2%), 5.6x its usual yearly move; 11.9 sigma below its rolling median of 8.7%; the filing's leading digits also depart from Benford's Law.",88.40345270394985,48.26420015226268,59.80638368415728,44.232592788880346,0.0,0.12,False,False,0.04,False,0001558370-17-000535,10-K,2017-02-13 00:00:00,https://www.sec.gov/Archives/edgar/data/765880/000155837017000535/0001558370-17-000535-index.htm
911,85.30187149304031,CVS,CVS Health,Health Care,64803,Q,2018,Q2,2018-06-30,Return on equity,roe,-0.27603661820140013,0.1292163756454199,YoY delta + Trend,2,"Return on equity fell 4,053 bps year over year (12.9% to -27.6%), 11.7x its usual yearly move; 10.4 sigma below its rolling median of 13.6%.",85.30187149304031,66.17906747201977,56.54132689925138,0.0,0.0,0.09803921568627451,False,False,0.0392156862745098,False,0000064803-20-000007,10-K,2020-02-18 00:00:00,https://www.sec.gov/Archives/edgar/data/64803/000006480320000007/0000064803-20-000007-index.htm
912,85.28925034557412,VRSN,Verisign,Information Technology,1014473,Q,2009,Q3,2009-09-30,Net margin,net_margin,0.3418916247361406,-0.817658396155066,YoY delta,1,"Net margin rose 11,596 bps year over year (-81.8% to 34.2%).",85.28925034557412,85.28925034557412,0.0,0.0,0.0,0.061224489795918366,False,False,0.9795918367346939,False,0001193125-10-240755,10-Q,2010-10-29 00:00:00,https://www.sec.gov/Archives/edgar/data/1014473/000119312510240755/0001193125-10-240755-index.htm
913,85.28192487605389,SNDK,Sandisk,Information Technology,2023554,Q,2025,Q3,2025-03-28,EBITDA margin,ebitda_margin,-1.087905604719764,0.07096774193548387,YoY delta,1,"EBITDA margin fell 11,589 bps year over year (7.1% to -108.8%).",85.28192487605389,85.28192487605389,0.0,0.0,0.0,0.058823529411764705,False,False,0.014705882352941176,False,0001628280-26-029401,10-Q,2026-05-01 00:00:00,https://www.sec.gov/Archives/edgar/data/2023554/000162828026029401/0001628280-26-029401-index.htm
914,85.27905914577057,TMUS,T-Mobile US,Communication Services,1283699,Q,2012,Q2,2012-06-30,Asset turnover,asset_turnover,2.0304759554357723,0.5451260312077062,YoY delta + Trend,2,Asset turnover rose 272% year over year (0.55x to 2.03x); 74.5 sigma above its rolling median of 0.53x. An input changed XBRL tag versus the comparison period.,96.5423311084195,64.32577837543167,90.30765428334044,0.0,0.0,0.16666666666666666,False,False,1.0,True,0001283699-14-000012,10-K,2014-02-25 00:00:00,https://www.sec.gov/Archives/edgar/data/1283699/000128369914000012/0001283699-14-000012-index.htm
915,85.27400630304942,VTR,Ventas,Real Estate,740260,Q,2017,Q3,2017-09-30,Net margin,net_margin,0.6836002435750416,0.173199433524465,YoY delta + Trend,2,"Net margin rose 5,104 bps year over year (17.3% to 68.4%), 6.7x its usual yearly move; 19.7 sigma above its rolling median of 17.0%.",86.35342410435383,52.7740787914743,71.10363218667602,0.0,0.0,0.10714285714285714,False,False,0.9642857142857143,False,0000740260-19-000037,10-K,2019-02-08 00:00:00,https://www.sec.gov/Archives/edgar/data/740260/000074026019000037/0000740260-19-000037-index.htm
916,85.27009273681294,TPR,"Tapestry, Inc.",Consumer Discretionary,1116132,Q,2024,Q3,2024-03-30,Quick ratio,quick_ratio,5.633428508675599,0.7788151121193613,YoY delta + Trend,2,"Quick ratio rose 623% year over year (0.78x to 5.63x), 4.1x its usual yearly move; 24.1 sigma above its rolling median of 0.82x.",85.27009273681294,40.85592905165514,75.09487083489427,0.0,0.0,0.025,False,False,1.0,False,0001116132-24-000013,10-Q,2024-05-09 00:00:00,https://www.sec.gov/Archives/edgar/data/1116132/000111613224000013/0001116132-24-000013-index.htm
917,85.26806040443591,PEG,Public Service Enterprise Group,Utilities,788784,Q,2021,Q3,2021-09-30,Return on assets,roa,-0.12674486922344455,0.04676888039367197,YoY delta + Trend,2,"Return on assets fell 1,735 bps year over year (4.7% to -12.7%), 6.4x its usual yearly move; 18.2 sigma below its rolling median of 3.7%.",85.26806040443591,51.804970306476875,69.43265791255668,0.0,0.0,0.1,False,False,0.03333333333333333,False,0001628280-22-027422,10-Q,2022-10-31 00:00:00,https://www.sec.gov/Archives/edgar/data/788784/000162828022027422/0001628280-22-027422-index.htm
918,85.2592652336869,COHR,Coherent Corp.,Information Technology,820318,Q,2020,Q2,2019-12-31,Debt / EBITDA,debt_to_ebitda,17.432314311078738,2.0309552896219674,Trend,1,Debt / EBITDA of 17.43x is 63.1 sigma above its rolling median of 2.09x.,88.74570358896777,0.0,88.74570358896777,0.0,0.0,0.12244897959183673,False,False,1.0,False,0001564590-20-004069,10-Q,2020-02-10 00:00:00,https://www.sec.gov/Archives/edgar/data/820318/000156459020004069/0001564590-20-004069-index.htm
919,85.25709127701447,LMT,Lockheed Martin,Industrials,936468,Q,2016,Q3,2016-09-25,Net margin,net_margin,0.2073413557267769,0.08598409542743539,YoY delta + Trend,2,"Net margin rose 1,214 bps year over year (8.6% to 20.7%), 10.0x its usual yearly move; 16.5 sigma above its rolling median of 8.3%.",85.25709127701447,54.82416078660805,67.36550116236658,0.0,0.0,0.06493506493506493,False,False,0.935064935064935,False,0000936468-18-000013,10-K/A,2018-02-16 00:00:00,https://www.sec.gov/Archives/edgar/data/936468/000093646818000013/0000936468-18-000013-index.htm
920,85.25249386440038,KIM,Kimco Realty,Real Estate,879101,Q,2020,Q2,2020-06-30,Accruals / assets,accruals,0.2329121267062682,-0.02071140458257555,YoY delta + Trend,2,"Accruals / assets rose 2,536 bps year over year (-2.1% to 23.3%), 5.0x its usual yearly move; 21.7 sigma above its rolling median of -1.5%.",85.25249386440038,45.30604577285926,73.03631389613173,0.0,0.0,0.1,False,False,1.0,False,0001437749-21-017996,10-Q,2021-07-30 00:00:00,https://www.sec.gov/Archives/edgar/data/879101/000143774921017996/0001437749-21-017996-index.htm
921,85.24306578759679,TPR,"Tapestry, Inc.",Consumer Discretionary,1116132,Q,2024,Q2,2023-12-30,Quick ratio,quick_ratio,5.324606244819011,0.8210070222620648,YoY delta + Trend,2,"Quick ratio rose 549% year over year (0.82x to 5.32x), 4.6x its usual yearly move; 22.6 sigma above its rolling median of 0.82x.",85.24306578759679,43.602700757381385,73.83397004718337,0.0,0.0,0.024390243902439025,False,False,1.0,False,0001116132-24-000007,10-Q,2024-02-08 00:00:00,https://www.sec.gov/Archives/edgar/data/1116132/000111613224000007/0001116132-24-000007-index.htm
922,85.22700387624207,NOW,ServiceNow,Information Technology,1373715,Q,2016,Q1,2016-03-31,Operating margin,operating_margin,-1.0597393086808835,-0.25585476779075694,YoY delta + Trend,2,"Operating margin fell 8,039 bps year over year (-25.6% to -106.0%), 9.7x its usual yearly move; 12.7 sigma below its rolling median of -18.7%.",85.22700387624207,61.746155764022106,61.381669166039345,0.0,0.0,0.07017543859649122,False,False,0.017543859649122806,False,0001373715-17-000050,10-Q,2017-05-05 00:00:00,https://www.sec.gov/Archives/edgar/data/1373715/000137371517000050/0001373715-17-000050-index.htm
923,85.22341246028678,VTRS,Viatris,Health Care,1792044,Q,2025,Q2,2025-06-30,Debt / EBITDA,debt_to_ebitda,92.89024390243902,6.189986605365094,YoY delta + Trend,2,"Debt / EBITDA rose 304% year over year (6.19x to 92.89x), 3.5x its usual yearly move; 32.9 sigma above its rolling median of 4.61x.",87.58137248883227,36.58415981558795,80.41715212625964,0.0,0.0,0.11538461538461539,False,False,1.0,False,0001792044-25-000033,10-Q,2025-08-07 00:00:00,https://www.sec.gov/Archives/edgar/data/1792044/000179204425000033/0001792044-25-000033-index.htm
924,85.21271064668504,BAX,Baxter International,Health Care,10456,Q,2016,Q1,2016-03-31,Return on equity,roe,1.5135740274279317,0.2236961893614254,YoY delta + Trend,2,"Return on equity rose 12,899 bps year over year (22.4% to 151.4%), 9.1x its usual yearly move; 13.4 sigma above its rolling median of 23.2%.",85.21271064668504,60.37374013095151,62.68310609635632,0.0,0.0,0.08695652173913043,False,False,1.0,False,0001564590-18-002954,10-K,2018-02-23 00:00:00,https://www.sec.gov/Archives/edgar/data/10456/000156459018002954/0001564590-18-002954-index.htm
925,85.20613014048968,HAS,Hasbro,Consumer Discretionary,46080,Q,2023,Q4,2023-12-31,EBITDA margin,ebitda_margin,-0.8991388005275817,-0.05528745904081025,YoY delta + Trend,2,"EBITDA margin fell 8,439 bps year over year (-5.5% to -89.9%), 10.1x its usual yearly move; 12.1 sigma below its rolling median of 11.6%.",85.20613014048968,62.75705555124995,60.277389238468665,0.0,0.0,0.05263157894736842,False,False,0.02631578947368421,False,0000046080-26-000011,10-K,2026-02-25 00:00:00,https://www.sec.gov/Archives/edgar/data/46080/000004608026000011/0000046080-26-000011-index.htm
926,85.20241033642353,LYV,Live Nation Entertainment,Communication Services,1335258,A,2020,FY,2020-12-31,Return on assets,roa,-0.1599389341522189,0.0071782253342803784,YoY delta + Trend,2,"Return on assets fell 1,671 bps year over year (0.7% to -16.0%), 12.0x its usual yearly move; 14.0 sigma below its rolling median of -0.3%.",87.91750990708346,66.73320352950726,63.6800312178133,0.0,0.0,0.11764705882352941,False,False,0.058823529411764705,False,0001335258-23-000014,10-K,2023-02-23 00:00:00,https://www.sec.gov/Archives/edgar/data/1335258/000133525823000014/0001335258-23-000014-index.htm
927,85.19687581722106,MMM,3M,Industrials,66740,Q,2023,Q2,2023-06-30,Accruals / assets,accruals,-0.6975335714136541,-0.0917268742690378,YoY delta + Trend,2,"Accruals / assets fell 6,058 bps year over year (-9.2% to -69.8%), 11.8x its usual yearly move; 10.2 sigma below its rolling median of -4.4%.",85.19687581722106,66.30984299224514,56.0609819082424,0.0,0.0,0.038461538461538464,False,False,0.01282051282051282,False,0000066740-25-000006,10-K,2025-02-05 00:00:00,https://www.sec.gov/Archives/edgar/data/66740/000006674025000006/0000066740-25-000006-index.htm
928,85.1961736745073,PANW,Palo Alto Networks,Information Technology,1327567,Q,2014,Q3,2014-04-30,Return on assets,roa,-0.7472195018137354,-0.05661826020530145,YoY delta,1,"Return on assets fell 6,906 bps year over year (-5.7% to -74.7%).",85.1961736745073,85.1961736745073,0.0,0.0,0.0,0.06666666666666667,False,False,0.016666666666666666,False,0001327567-15-000027,10-K,2015-09-17 00:00:00,https://www.sec.gov/Archives/edgar/data/1327567/000132756715000027/0001327567-15-000027-index.htm
929,85.19436872787449,PPL,PPL Corporation,Utilities,922224,Q,2021,Q2,2021-06-30,Quick ratio,quick_ratio,1.9650047938638542,0.37596749226006193,YoY delta + Trend,2,"Quick ratio rose 423% year over year (0.38x to 1.97x), 3.2x its usual yearly move; 32.0 sigma above its rolling median of 0.31x.",86.88377547318645,34.42744968412407,79.99738539429973,0.0,0.0,0.1111111111111111,False,False,1.0,False,0000922224-21-000039,10-Q,2021-08-05 00:00:00,https://www.sec.gov/Archives/edgar/data/922224/000092222421000039/0000922224-21-000039-index.htm
930,85.19000089764837,ORCL,Oracle Corporation,Information Technology,1341439,Q,2019,Q4,2019-05-31,Asset turnover,asset_turnover,1.448784535198742,1.1413212003535567,Trend,1,Asset turnover of 1.45x is 46.0 sigma above its rolling median of 0.29x.,85.19000089764837,0.0,85.19000089764837,0.0,0.0,0.07462686567164178,False,False,0.8955223880597015,False,0001564590-21-033616,10-K,2021-06-21 00:00:00,https://www.sec.gov/Archives/edgar/data/1341439/000156459021033616/0001564590-21-033616-index.htm
931,85.18398295435567,CLX,Clorox,Consumer Staples,21076,Q,2021,Q3,2021-03-31,EBITDA margin,ebitda_margin,0.010668163952835485,0.2052720134604599,YoY delta + Trend,2,"EBITDA margin fell 1,946 bps year over year (20.5% to 1.1%), 8.1x its usual yearly move; 15.0 sigma below its rolling median of 21.6%.",85.18398295435567,57.37699148679442,65.23939167491197,0.0,0.0,0.038461538461538464,False,False,0.038461538461538464,False,0000021076-22-000017,10-Q,2022-05-02 00:00:00,https://www.sec.gov/Archives/edgar/data/21076/000002107622000017/0000021076-22-000017-index.htm
932,85.17401513903594,SNPS,Synopsys,Information Technology,883241,Q,2025,Q3,2025-07-31,Interest coverage,interest_coverage,1.1281006402642968,30.6771418838358,YoY delta + Trend,2,"Interest coverage fell 96% year over year (30.68x to 1.13x), 6.0x its usual yearly move; 19.5 sigma below its rolling median of 50.00x.",85.42740149941557,49.81787313289569,70.9605801699546,0.0,0.0,0.1016949152542373,False,False,0.05084745762711865,False,0000883241-26-000025,10-Q,2026-08-26 00:00:00,https://www.sec.gov/Archives/edgar/data/883241/000088324126000025/0000883241-26-000025-index.htm
933,85.17295474648328,REGN,Regeneron Pharmaceuticals,Health Care,872589,Q,2012,Q4,2012-12-31,Accruals / assets,accruals,0.806653649122385,-0.010841866042606176,YoY delta + Trend,2,"Accruals / assets rose 8,175 bps year over year (-1.1% to 80.7%); 5.0 sigma above its rolling median of -1.1%. Reverses the prior year's flagged move.",87.88711567163678,80.34389370575562,38.375972600890634,0.0,0.0,0.11764705882352941,False,True,1.0,False,0001532176-14-000008,10-K,2014-02-13 00:00:00,https://www.sec.gov/Archives/edgar/data/872589/000153217614000008/0001532176-14-000008-index.htm
934,85.16637127495108,TPR,"Tapestry, Inc.",Consumer Discretionary,1116132,Q,2025,Q4,2025-06-28,EBITDA margin,ebitda_margin,-0.31296425255338906,0.177990069763057,YoY delta + Trend,2,"EBITDA margin fell 4,910 bps year over year (17.8% to -31.3%), 4.7x its usual yearly move; 22.2 sigma below its rolling median of 19.5%. An input changed XBRL tag versus the comparison period.",85.16637127495108,44.04857827601841,73.48837926187848,0.0,0.0,0.05555555555555555,False,False,0.05555555555555555,True,0001116132-26-000018,10-K,2026-08-13 00:00:00,https://www.sec.gov/Archives/edgar/data/1116132/000111613226000018/0001116132-26-000018-index.htm
935,85.16163813851396,SNDK,Sandisk,Information Technology,2023554,Q,2025,Q3,2025-03-28,Operating margin,operating_margin,-1.1097345132743364,0.03812316715542522,YoY delta,1,"Operating margin fell 11,479 bps year over year (3.8% to -111.0%).",85.16163813851396,85.16163813851396,0.0,0.0,0.0,0.057971014492753624,False,False,0.014492753623188406,False,0001628280-26-029401,10-Q,2026-05-01 00:00:00,https://www.sec.gov/Archives/edgar/data/2023554/000162828026029401/0001628280-26-029401-index.htm
936,85.15131577159356,CCL,Carnival Corporation,Consumer Discretionary,815097,Q,2021,Q3,2021-08-31,SG&A % of revenue,sga_pct,0.7783882783882784,,Trend,1,SG&A % of revenue of 77.8% is 45.9 sigma above its rolling median of 13.7%.,85.15131577159356,0.0,85.15131577159356,0.0,0.0,0.04878048780487805,False,False,0.975609756097561,False,0000815097-22-000073,10-Q,2022-09-30 00:00:00,https://www.sec.gov/Archives/edgar/data/815097/000081509722000073/0000815097-22-000073-index.htm
937,85.13584408067223,BMY,Bristol Myers Squibb,Health Care,14272,Q,2024,Q4,2024-12-31,Debt / EBITDA,debt_to_ebitda,15.672032828282829,2.053702364969534,Trend,1,Debt / EBITDA of 15.67x is 45.8 sigma above its rolling median of 2.11x. An input changed XBRL tag versus the comparison period.,85.13584408067223,0.0,85.13584408067223,0.0,0.0,0.09615384615384616,False,False,1.0,True,0000014272-26-000004,10-K,2026-02-11 00:00:00,https://www.sec.gov/Archives/edgar/data/14272/000001427226000004/0000014272-26-000004-index.htm
938,85.13359693031944,DOC,Healthpeak Properties,Real Estate,765880,Q,2019,Q2,2019-06-30,Gross margin,gross_margin,0.30303839602393196,0.6297186035169768,YoY delta + Trend,2,"Gross margin fell 3,267 bps year over year (63.0% to 30.3%); 6.5 sigma below its rolling median of 61.6%.",85.13359693031944,73.13514277395682,44.66226660133205,0.0,0.0,0.07142857142857142,False,False,0.21428571428571427,False,0001628280-21-001804,10-K,2021-02-10 00:00:00,https://www.sec.gov/Archives/edgar/data/765880/000162828021001804/0001628280-21-001804-index.htm
939,85.12920938185567,COO,Cooper Companies (The),Health Care,711404,Q,2021,Q1,2021-01-31,Return on assets,roa,1.0734000025543762,0.056461046556967945,YoY delta + Trend,2,"Return on assets rose 10,169 bps year over year (5.6% to 107.3%), 22.3x its usual yearly move; 38.7 sigma above its rolling median of 6.0%.",96.37268986625169,78.81418672432828,82.87858914572023,0.0,0.0,0.16666666666666666,False,False,1.0,False,0000711404-22-000042,10-Q,2022-09-01 00:00:00,https://www.sec.gov/Archives/edgar/data/711404/000071140422000042/0000711404-22-000042-index.htm
940,85.11929511346142,BA,Boeing,Industrials,12927,Q,2019,Q2,2019-06-30,Operating margin,operating_margin,-0.21458954986984954,0.11171572264819853,YoY delta + Trend,2,"Operating margin fell 3,263 bps year over year (11.2% to -21.5%), 5.6x its usual yearly move; 19.7 sigma below its rolling median of 10.6%.",85.11929511346142,48.407573723850966,71.15719116040512,0.0,0.0,0.09230769230769231,False,False,0.046153846153846156,False,0000012927-21-000011,10-K,2021-02-01 00:00:00,https://www.sec.gov/Archives/edgar/data/12927/000001292721000011/0000012927-21-000011-index.htm
941,85.11699967293931,JCI,Johnson Controls,Industrials,833444,A,2014,FY,2014-09-26,SG&A % of revenue,sga_pct,0.1088028078143952,0.28216345197852455,YoY delta + Trend,2,"SG&A % of revenue fell 1,734 bps year over year (28.2% to 10.9%), 11.1x its usual yearly move; 10.8 sigma below its rolling median of 26.8%. An input changed XBRL tag versus the comparison period.",85.11699967293931,65.01222804530961,57.46228040375256,0.0,0.0,0.038461538461538464,False,False,0.28846153846153844,True,0000833444-16-000216,10-K,2016-11-23 00:00:00,https://www.sec.gov/Archives/edgar/data/833444/000083344416000216/0000833444-16-000216-index.htm
942,85.11612414008879,GD,General Dynamics,Industrials,40533,Q,2012,Q4,2012-12-31,Debt / EBITDA,debt_to_ebitda,3.206726825266612,0.9401913875598086,YoY delta + Trend,2,"Debt / EBITDA rose 241% year over year (0.94x to 3.21x), 5.5x its usual yearly move; 47.7 sigma above its rolling median of 0.95x.",92.4718385719483,47.62294871003641,85.6269850198798,0.0,0.0,0.14545454545454545,False,False,0.7454545454545455,False,0000040533-14-000002,10-K,2014-02-07 00:00:00,https://www.sec.gov/Archives/edgar/data/40533/000004053314000002/0000040533-14-000002-index.htm
943,85.10985207865954,LUV,Southwest Airlines,Industrials,92380,Q,2020,Q3,2020-09-30,Operating margin,operating_margin,-0.7869492470719465,0.1452385174676361,YoY delta + Trend,2,"Operating margin fell 9,322 bps year over year (14.5% to -78.7%), 4.6x its usual yearly move; 32.0 sigma below its rolling median of 14.2%.",88.69162942064722,43.52796590565062,79.9752731405786,0.0,0.0,0.12307692307692308,False,False,0.03076923076923077,False,0000092380-21-000160,10-Q,2021-10-26 00:00:00,https://www.sec.gov/Archives/edgar/data/92380/000009238021000160/0000092380-21-000160-index.htm
944,85.10199621692125,MTB,M&T Bank,Financials,36270,Q,2023,Q2,2023-06-30,Net margin,net_margin,2.3058510638297873,0.10970351777294626,YoY delta,1,"Net margin rose 21,961 bps year over year (11.0% to 230.6%). An input changed XBRL tag versus the comparison period.",91.65326858401833,91.65326858401833,0.0,0.0,0.0,0.14084507042253522,False,False,0.9859154929577465,True,0001628280-24-034695,10-Q,2024-08-05 00:00:00,https://www.sec.gov/Archives/edgar/data/36270/000162828024034695/0001628280-24-034695-index.htm
945,85.10155266899727,RCL,Royal Caribbean Group,Consumer Discretionary,884887,Q,2020,Q3,2020-09-30,Days payables outstanding,dpo,124.48875032808505,30.300643761883578,YoY delta + Trend,2,"Days payables outstanding rose 311% year over year (30 days to 124 days), 5.6x its usual yearly move; 20.7 sigma above its rolling median of 32 days.",85.6182143070571,48.375654027262875,72.14146654654388,0.0,0.0,0.10344827586206896,False,False,0.896551724137931,False,0000884887-20-000049,10-Q,2020-11-04 00:00:00,https://www.sec.gov/Archives/edgar/data/884887/000088488720000049/0000884887-20-000049-index.htm
946,85.09359884072111,ECL,Ecolab,Materials,31462,Q,2011,Q4,2011-12-31,Days sales outstanding,dso,103.6124884842573,57.89495398286258,YoY delta + Trend,2,Days sales outstanding rose 79% year over year (58 days to 104 days); 24.5 sigma above its rolling median of 60 days.,85.09359884072111,39.47015530928871,75.37346868235667,0.0,0.0,0.05,False,False,1.0,False,0001104659-13-014387,10-K,2013-02-26 00:00:00,https://www.sec.gov/Archives/edgar/data/31462/000110465913014387/0001104659-13-014387-index.htm
947,85.08004137931636,GILD,Gilead Sciences,Health Care,882095,Q,2024,Q3,2024-09-30,Debt / EBITDA,debt_to_ebitda,19.390325271059215,2.9028584708343015,YoY delta + Trend,2,"Debt / EBITDA rose 568% year over year (2.90x to 19.39x), 3.3x its usual yearly move; 26.6 sigma above its rolling median of 3.22x. An input changed XBRL tag versus the comparison period.",85.08004137931636,35.52606043598143,76.85893134253247,0.0,0.0,0.038461538461538464,False,False,1.0,True,0000882095-24-000028,10-Q,2024-11-12 00:00:00,https://www.sec.gov/Archives/edgar/data/882095/000088209524000028/0000882095-24-000028-index.htm
948,85.07520160120589,HST,Host Hotels & Resorts,Real Estate,1070750,A,2020,FY,2020-12-31,EBITDA margin,ebitda_margin,-0.17777777777777778,0.2697019564819894,YoY delta + Trend,2,"EBITDA margin fell 4,475 bps year over year (27.0% to -17.8%), 16.2x its usual yearly move; 35.7 sigma below its rolling median of 26.0%.",95.05609117453172,73.01225159051121,81.68091405606101,0.0,0.0,0.16,False,False,0.04,False,0000950170-23-003778,10-K,2023-02-22 00:00:00,https://www.sec.gov/Archives/edgar/data/1070750/000095017023003778/0000950170-23-003778-index.htm
949,85.07059470520689,TMUS,T-Mobile US,Communication Services,1283699,Q,2012,Q3,2012-09-30,Asset turnover,asset_turnover,1.9768158447870294,0.5246340875839498,YoY delta + Trend,2,Asset turnover rose 277% year over year (0.52x to 1.98x); 68.8 sigma above its rolling median of 0.53x. An input changed XBRL tag versus the comparison period.,96.3063336285361,64.52590979890378,89.5877065471583,0.0,0.0,0.16666666666666666,False,False,1.0,True,0001283699-14-000012,10-K,2014-02-25 00:00:00,https://www.sec.gov/Archives/edgar/data/1283699/000128369914000012/0001283699-14-000012-index.htm
950,85.06456860328602,DOC,Healthpeak Properties,Real Estate,765880,Q,2019,Q3,2019-09-30,Gross margin,gross_margin,0.22738952095901632,0.6026353991693383,YoY delta + Trend,2,"Gross margin fell 3,752 bps year over year (60.3% to 22.7%); 5.0 sigma below its rolling median of 60.3%.",85.06456860328602,75.76961156473509,38.36074301236974,0.0,0.0,0.07142857142857142,False,False,0.21428571428571427,False,0001628280-21-001804,10-K,2021-02-10 00:00:00,https://www.sec.gov/Archives/edgar/data/765880/000162828021001804/0001628280-21-001804-index.htm
951,85.06313103548722,SHW,Sherwin-Williams,Materials,89800,A,2017,FY,2017-12-31,Debt / EBITDA,debt_to_ebitda,4.174199436530296,0.8183820375553171,YoY delta + Trend,2,"Debt / EBITDA rose 410% year over year (0.82x to 4.17x), 11.9x its usual yearly move; 42.2 sigma above its rolling median of 0.96x. An input changed XBRL tag versus the comparison period.",94.65297157682325,66.44493063200689,84.06491619928796,0.0,0.0,0.15789473684210525,False,False,0.8421052631578947,True,0000089800-20-000005,10-K,2020-02-21 00:00:00,https://www.sec.gov/Archives/edgar/data/89800/000008980020000005/0000089800-20-000005-index.htm
952,85.05617514698162,CCI,Crown Castle,Real Estate,1051470,Q,2024,Q1,2024-03-31,Days payables outstanding,dpo,679.6551724137931,204.43509615384616,YoY delta + Trend,2,"Days payables outstanding rose 232% year over year (204 days to 680 days), 4.4x its usual yearly move; 23.0 sigma above its rolling median of 189 days.",85.05617514698162,42.16754462901484,74.1601411229104,0.0,0.0,,False,False,,False,0001051470-24-000143,10-Q,2024-05-01 00:00:00,https://www.sec.gov/Archives/edgar/data/1051470/000105147024000143/0001051470-24-000143-index.htm
953,85.05035694231776,CNP,CenterPoint Energy,Utilities,1130310,Q,2025,Q1,2025-03-31,Days payables outstanding,dpo,95082.5,68711.25,Trend,1,Days payables outstanding of 95082 days is 45.5 sigma above its rolling median of 2701 days. An input changed XBRL tag versus the comparison period.,85.05035694231776,0.0,85.05035694231776,0.0,0.0,0.1,False,False,1.0,True,0001130310-25-000079,10-Q,2025-04-24 00:00:00,https://www.sec.gov/Archives/edgar/data/1130310/000113031025000079/0001130310-25-000079-index.htm
954,85.03616516069772,COIN,Coinbase,Financials,1679788,Q,2025,Q2,2025-06-30,Quick ratio,quick_ratio,1.1652459025157027,0.02719838836957774,Trend,1,Quick ratio of 1.17x is 45.5 sigma above its rolling median of 0.05x.,85.03616516069772,0.0,85.03616516069772,0.0,0.0,0.09523809523809523,False,False,0.8571428571428571,False,0001679788-25-000154,10-Q,2025-07-31 00:00:00,https://www.sec.gov/Archives/edgar/data/1679788/000167978825000154/0001679788-25-000154-index.htm
955,85.01182333536296,PPL,PPL Corporation,Utilities,922224,Q,2020,Q4,2020-12-31,Current ratio,current_ratio,1.3882431086017935,0.5646938775510204,YoY delta + Trend,2,"Current ratio rose 146% year over year (0.56x to 1.39x), 3.5x its usual yearly move; 25.7 sigma above its rolling median of 0.58x.",85.01182333536296,36.9011137414126,76.24652739001834,0.0,0.0,0.1,False,False,0.9333333333333333,False,0000922224-22-000005,10-K,2022-02-18 00:00:00,https://www.sec.gov/Archives/edgar/data/922224/000092222422000005/0000922224-22-000005-index.htm
956,85.00724240199872,ILMN,"Illumina, Inc.",Health Care,1110803,A,2022,FY,2023-01-01,EBITDA margin,ebitda_margin,-0.8256980802792321,0.02828104286345559,YoY delta + Trend,2,"EBITDA margin fell 8,540 bps year over year (2.8% to -82.6%), 8.9x its usual yearly move; 31.9 sigma below its rolling median of 31.1%.",91.89972151567429,59.63073835686825,79.9345389174244,0.0,0.0,0.14285714285714285,False,False,0.015873015873015872,False,0001110803-25-000019,10-K,2025-02-12 00:00:00,https://www.sec.gov/Archives/edgar/data/1110803/000111080325000019/0001110803-25-000019-index.htm
957,85.0014690418964,TDY,Teledyne Technologies,Information Technology,1094285,Q,2021,Q3,2021-10-03,Debt / EBITDA,debt_to_ebitda,5.290887432995831,1.3404327824160844,Trend,1,Debt / EBITDA of 5.29x is 45.3 sigma above its rolling median of 1.42x.,85.0014690418964,0.0,85.0014690418964,0.0,0.0,0.06349206349206349,False,False,0.9523809523809523,False,0001094285-21-000170,10-Q,2021-10-28 00:00:00,https://www.sec.gov/Archives/edgar/data/1094285/000109428521000170/0001094285-21-000170-index.htm
958,84.99088793468134,UNH,UnitedHealth Group,Health Care,731766,Q,2015,Q3,2015-09-30,Gross margin,gross_margin,0.8526838439104341,0.9708477059739308,YoY delta + Trend,2,"Gross margin fell 1,182 bps year over year (97.1% to 85.3%), 23.6x its usual yearly move; 23.3 sigma below its rolling median of 97.4%.",91.38805154266811,66.32313685554463,74.42770004916629,0.0,0.0,0.14,False,False,0.88,False,0000731766-16-000088,10-Q,2016-11-08 00:00:00,https://www.sec.gov/Archives/edgar/data/731766/000073176616000088/0000731766-16-000088-index.htm
959,84.99005308765415,COHR,Coherent Corp.,Information Technology,820318,Q,2020,Q1,2019-09-30,Days payables outstanding,dpo,98.22219230539102,46.6566308535318,YoY delta + Trend,2,"Days payables outstanding rose 111% year over year (47 days to 98 days), 4.2x its usual yearly move; 23.4 sigma above its rolling median of 42 days.",84.99005308765415,41.07005697487287,74.529167784965,0.0,0.0,0.06349206349206349,False,False,0.8888888888888888,False,0001564590-19-042658,10-Q,2019-11-12 00:00:00,https://www.sec.gov/Archives/edgar/data/820318/000156459019042658/0001564590-19-042658-index.htm
960,84.98532044442742,EFX,Equifax,Industrials,33185,A,2019,FY,2019-12-31,EBITDA margin,ebitda_margin,0.0005416809214277569,0.2238797221652355,YoY delta + Trend,2,"EBITDA margin fell 2,233 bps year over year (22.4% to 0.1%), 5.7x its usual yearly move; 19.3 sigma below its rolling median of 33.5%. An input changed XBRL tag versus the comparison period.",84.98532044442742,48.69330163104024,70.73543994665543,0.0,0.0,0.0821917808219178,False,False,0.0410958904109589,True,0000033185-22-000014,10-K,2022-02-24 00:00:00,https://www.sec.gov/Archives/edgar/data/33185/000003318522000014/0000033185-22-000014-index.htm
961,84.98301210278126,BA,Boeing,Industrials,12927,A,2020,FY,2020-12-31,Gross margin,gross_margin,-0.0977509542969153,0.05833409527292676,YoY delta + Trend,2,"Gross margin fell 1,561 bps year over year (5.8% to -9.8%), 3.7x its usual yearly move; 25.0 sigma below its rolling median of 15.5%.",84.98301210278126,37.98937032930108,75.78320365884862,0.0,0.0,0.08620689655172414,False,False,0.017241379310344827,False,0000012927-23-000007,10-K,2023-01-27 00:00:00,https://www.sec.gov/Archives/edgar/data/12927/000001292723000007/0000012927-23-000007-index.htm
962,84.97445981634672,LVS,Las Vegas Sands,Consumer Discretionary,1300514,Q,2020,Q3,2020-09-30,Operating margin,operating_margin,-1.1726457399103138,0.2766153846153846,YoY delta + Trend,2,"Operating margin fell 14,493 bps year over year (27.7% to -117.3%), 16.6x its usual yearly move; 103.9 sigma below its rolling median of 26.7%.",98.10294172345631,73.45649007153688,92.85302402863671,0.0,0.0,0.17647058823529413,False,False,0.029411764705882353,False,0001300514-22-000007,10-K,2022-02-04 00:00:00,https://www.sec.gov/Archives/edgar/data/1300514/000130051422000007/0001300514-22-000007-index.htm
963,84.97022519917243,LDOS,Leidos,Industrials,1336920,Q,2015,Q2,2014-08-01,EBITDA margin,ebitda_margin,-0.30245022970903523,0.02608098833218943,YoY delta + Trend,2,"EBITDA margin fell 3,285 bps year over year (2.6% to -30.2%), 5.4x its usual yearly move; 20.0 sigma below its rolling median of 7.5%.",84.97022519917243,47.403939148610895,71.42414363825762,0.0,0.0,0.046875,False,False,0.015625,False,0001336920-16-000076,10-KT,2016-02-26 00:00:00,https://www.sec.gov/Archives/edgar/data/1336920/000133692016000076/0001336920-16-000076-index.htm
964,84.95033662193704,DOC,Healthpeak Properties,Real Estate,765880,Q,2019,Q4,2019-12-31,Gross margin,gross_margin,0.22118086040386303,0.598539551365748,YoY delta + Trend,2,"Gross margin fell 3,774 bps year over year (59.9% to 22.1%); 4.8 sigma below its rolling median of 60.1%.",84.95033662193704,75.87254386408296,37.624326023913206,0.0,0.0,0.07692307692307693,False,False,0.15384615384615385,False,0001628280-21-001804,10-K,2021-02-10 00:00:00,https://www.sec.gov/Archives/edgar/data/765880/000162828021001804/0001628280-21-001804-index.htm
965,84.93813093513927,TPR,"Tapestry, Inc.",Consumer Discretionary,1116132,Q,2015,Q4,2015-06-27,Debt / EBITDA,debt_to_ebitda,1.0482180293501049,0.10730072613188901,Trend,1,Debt / EBITDA of 1.05x is 102.4 sigma above its rolling median of 0.01x.,92.75346957527847,0.0,92.75346957527847,0.0,0.0,0.14814814814814814,False,False,0.3333333333333333,False,0001116132-16-000026,10-K,2016-08-19 00:00:00,https://www.sec.gov/Archives/edgar/data/1116132/000111613216000026/0001116132-16-000026-index.htm
966,84.93290894147272,DVN,Devon Energy,Energy,1090012,Q,2014,Q1,2014-03-31,Operating margin,operating_margin,0.18523489932885906,-0.9421613394216134,YoY delta,1,"Operating margin rose 11,274 bps year over year (-94.2% to 18.5%).",84.93290894147272,84.93290894147272,0.0,0.0,0.0,0.1,False,False,0.5,False,0001193125-15-174003,10-Q,2015-05-06 00:00:00,https://www.sec.gov/Archives/edgar/data/1090012/000119312515174003/0001193125-15-174003-index.htm
967,84.93089816308265,ZBH,Zimmer Biomet,Health Care,1136869,Q,2018,Q4,2018-12-31,EBITDA margin,ebitda_margin,-0.25866731047802993,0.10924167188931205,YoY delta + Trend,2,"EBITDA margin fell 3,679 bps year over year (10.9% to -25.9%), 4.3x its usual yearly move; 22.9 sigma below its rolling median of 26.3%. An input changed XBRL tag versus the comparison period.",84.93089816308265,41.72298859221097,74.14228788866258,0.0,0.0,0.1,False,False,0.06,True,0001564590-21-007163,10-K,2021-02-22 00:00:00,https://www.sec.gov/Archives/edgar/data/1136869/000156459021007163/0001564590-21-007163-index.htm
968,84.92379710716787,NOC,Northrop Grumman,Industrials,1133421,Q,2021,Q4,2021-12-31,Net margin,net_margin,0.31369371455029516,0.03231492361927144,YoY delta + Trend,2,"Net margin rose 2,814 bps year over year (3.2% to 31.4%), 4.6x its usual yearly move; 22.1 sigma above its rolling median of 10.7%.",84.92379710716787,43.297202379596,73.41188878587697,0.0,0.0,0.04938271604938271,False,False,0.9876543209876543,False,0001133421-24-000006,10-K,2024-01-25 00:00:00,https://www.sec.gov/Archives/edgar/data/1133421/000113342124000006/0001133421-24-000006-index.htm
969,84.90574143093919,ZBH,Zimmer Biomet,Health Care,1136869,A,2015,FY,2015-12-31,Trade working capital % of revenue,nwc_pct,0.5695088199006302,0.4194466436993131,YoY delta + Trend,2,"Trade working capital % of revenue rose 1,501 bps year over year (41.9% to 57.0%), 12.2x its usual yearly move; 13.2 sigma above its rolling median of 37.5%.",84.90574143093919,60.0099457186627,62.25496854075278,0.0,0.0,0.0425531914893617,False,False,1.0,False,0001193125-17-065632,10-K,2017-03-01 00:00:00,https://www.sec.gov/Archives/edgar/data/1136869/000119312517065632/0001193125-17-065632-index.htm
970,84.90499074644686,TSN,Tyson Foods,Consumer Staples,100493,A,2014,FY,2014-09-27,Debt / EBITDA,debt_to_ebitda,4.193846153846154,1.2904608788853162,Trend,1,Debt / EBITDA of 4.19x is 45.0 sigma above its rolling median of 1.29x.,84.90499074644686,0.0,84.90499074644686,0.0,0.0,0.1,False,False,0.9666666666666667,False,0000100493-15-000109,10-K,2015-11-23 00:00:00,https://www.sec.gov/Archives/edgar/data/100493/000010049315000109/0000100493-15-000109-index.htm
971,84.90327061057884,A,Agilent Technologies,Health Care,1090872,Q,2014,Q2,2014-04-30,Days sales outstanding,dso,83.39954453441295,48.25923787528868,YoY delta + Trend,2,"Days sales outstanding rose 73% year over year (48 days to 83 days), 4.0x its usual yearly move; 23.7 sigma above its rolling median of 48 days.",84.90327061057884,40.18215909268061,74.76216265844208,0.0,0.0,0.08,False,False,0.92,False,0001090872-14-000016,10-Q,2014-06-04 00:00:00,https://www.sec.gov/Archives/edgar/data/1090872/000109087214000016/0001090872-14-000016-index.htm
972,84.90124866309262,TSLA,"Tesla, Inc.",Consumer Discretionary,1318605,Q,2021,Q4,2021-12-31,Interest coverage,interest_coverage,36.80281690140845,2.33739837398374,YoY delta + Trend,2,"Interest coverage rose 1,475% year over year (2.34x to 36.80x); 13.1 sigma above its rolling median of 2.22x.",85.97594801325835,62.95766039980242,62.140479953196994,0.0,0.0,0.10714285714285714,False,False,0.9285714285714286,False,0001628280-24-002390,10-K,2024-01-29 00:00:00,https://www.sec.gov/Archives/edgar/data/1318605/000162828024002390/0001628280-24-002390-index.htm
973,84.90010738742436,MCO,Moody's Corporation,Financials,1059556,Q,2017,Q1,2017-03-31,Accruals / assets,accruals,0.6377285565631039,-0.05417943021560203,YoY delta + Trend,2,"Accruals / assets rose 6,919 bps year over year (-5.4% to 63.8%), 5.1x its usual yearly move; 30.6 sigma above its rolling median of -4.4%.",88.78442602606468,45.909564515423355,79.26514387717708,0.0,0.0,0.125,False,False,1.0,False,0001193125-19-048576,10-K,2019-02-25 00:00:00,https://www.sec.gov/Archives/edgar/data/1059556/000119312519048576/0001193125-19-048576-index.htm
974,84.89503188192533,TPR,"Tapestry, Inc.",Consumer Discretionary,1116132,A,2026,FY,2026-06-27,Return on equity,roe,1.9713529905155172,0.09758436093429568,YoY delta + Trend,2,"Return on equity rose 18,738 bps year over year (9.8% to 197.1%), 9.6x its usual yearly move; 12.4 sigma above its rolling median of 24.6%.",84.89503188192533,61.532034810670936,60.73364410170372,0.0,0.0,0.08333333333333333,False,False,1.0,False,0001116132-26-000018,10-K,2026-08-13 00:00:00,https://www.sec.gov/Archives/edgar/data/1116132/000111613226000018/0001116132-26-000018-index.htm
975,84.89403428958313,GPN,Global Payments,Financials,1123360,Q,2012,Q3,2012-02-29,Accruals / assets,accruals,-0.044807132439102254,-1.1687873653750396,YoY delta,1,"Accruals / assets rose 11,240 bps year over year (-116.9% to -4.5%).",84.89403428958313,84.89403428958313,0.0,0.0,0.0,0.09090909090909091,False,False,0.12121212121212122,False,0001123360-13-000025,10-K,2013-07-25 00:00:00,https://www.sec.gov/Archives/edgar/data/1123360/000112336013000025/0001123360-13-000025-index.htm
976,84.88045459232787,VRTX,Vertex Pharmaceuticals,Health Care,875320,Q,2012,Q2,2012-06-30,Net margin,net_margin,-0.15522405900001196,-1.5212630217436902,YoY delta,1,"Net margin rose 13,660 bps year over year (-152.1% to -15.5%).",87.22892566800492,87.22892566800492,0.0,0.0,0.0,0.11538461538461539,False,False,0.07692307692307693,False,0000875320-14-000015,10-K,2014-02-11 00:00:00,https://www.sec.gov/Archives/edgar/data/875320/000087532014000015/0000875320-14-000015-index.htm
977,84.8343994344138,MRNA,Moderna,Health Care,1682852,Q,2021,Q1,2021-03-31,Return on assets,roa,0.4876441515650741,-0.2712633406463232,YoY delta + Trend,2,"Return on assets rose 7,589 bps year over year (-27.1% to 48.8%); 19.6 sigma above its rolling median of -27.9%.",96.03894275594014,86.34668596372174,70.98830925931298,0.0,0.0,0.16666666666666666,False,False,0.9814814814814815,False,0001682852-22-000025,10-Q,2022-05-04 00:00:00,https://www.sec.gov/Archives/edgar/data/1682852/000168285222000025/0001682852-22-000025-index.htm
978,84.83344035657576,PNR,Pentair,Industrials,77360,Q,2011,Q4,2011-12-31,Net margin,net_margin,-0.20155782888140356,0.04438634331664584,YoY delta + Trend,2,"Net margin fell 2,459 bps year over year (4.4% to -20.2%); 15.7 sigma below its rolling median of 5.6%.",84.83344035657576,55.15133676616868,66.18280557360417,0.0,0.0,0.09722222222222222,False,False,0.041666666666666664,False,0001193125-13-077034,10-K,2013-02-26 00:00:00,https://www.sec.gov/Archives/edgar/data/77360/000119312513077034/0001193125-13-077034-index.htm
979,84.82789049415616,FTV,Fortive,Industrials,1659166,Q,2018,Q4,2018-12-31,Accruals / assets,accruals,0.4983487993305539,-0.051039964493937745,YoY delta + Trend,2,"Accruals / assets rose 5,494 bps year over year (-5.1% to 49.8%); 22.9 sigma above its rolling median of -3.7%.",93.08434432278692,73.3115827652254,74.08742670508731,0.0,0.0,0.1506849315068493,False,False,1.0,False,0001659166-20-000071,10-K,2020-02-27 00:00:00,https://www.sec.gov/Archives/edgar/data/1659166/000165916620000071/0001659166-20-000071-index.htm
980,84.82674096334921,CVS,CVS Health,Health Care,64803,Q,2019,Q1,2019-03-31,Debt / EBITDA,debt_to_ebitda,9.08620253164557,5.382384181714192,Trend,1,Debt / EBITDA of 9.09x is 44.7 sigma above its rolling median of 2.26x.,84.82674096334921,0.0,84.82674096334921,0.0,0.0,0.1,False,False,0.96,False,0000064803-19-000021,10-Q,2019-05-01 00:00:00,https://www.sec.gov/Archives/edgar/data/64803/000006480319000021/0000064803-19-000021-index.htm
981,84.81424023072151,ADBE,Adobe Inc.,Information Technology,796343,A,2013,FY,2013-11-29,Operating margin,operating_margin,0.1042411793136781,0.26800126348957926,YoY delta + Trend,2,"Operating margin fell 1,638 bps year over year (26.8% to 10.4%), 5.3x its usual yearly move; 20.0 sigma below its rolling median of 26.5%.",84.81424023072151,46.921688342462026,71.38989674868104,0.0,0.0,0.08064516129032258,False,False,0.3709677419354839,False,0000796343-16-000224,10-K,2016-01-19 00:00:00,https://www.sec.gov/Archives/edgar/data/796343/000079634316000224/0000796343-16-000224-index.htm
982,84.80738510502634,COIN,Coinbase,Financials,1679788,Q,2022,Q3,2022-09-30,Operating margin,operating_margin,-0.9426515951004423,0.2224302313881766,YoY delta + Trend,2,"Operating margin fell 11,651 bps year over year (22.2% to -94.3%); 7.9 sigma below its rolling median of 27.4%.",92.61069354239478,85.34886362713821,49.56496022184064,0.0,0.0,0.14814814814814814,False,False,0.037037037037037035,False,0001679788-23-000113,10-Q,2023-11-02 00:00:00,https://www.sec.gov/Archives/edgar/data/1679788/000167978823000113/0001679788-23-000113-index.htm
983,84.80354226307428,NCLH,Norwegian Cruise Line Holdings,Consumer Discretionary,1513761,Q,2022,Q4,2022-12-31,Gross margin,gross_margin,0.19726435345517068,-0.4723933554490119,YoY delta,1,"Gross margin rose 6,697 bps year over year (-47.2% to 19.7%).",84.80354226307428,84.80354226307428,0.0,0.0,0.0,0.05714285714285714,False,False,0.17142857142857143,False,0001558370-25-001743,10-K,2025-02-27 00:00:00,https://www.sec.gov/Archives/edgar/data/1513761/000155837025001743/0001558370-25-001743-index.htm
984,84.79340924220531,WDC,Western Digital,Information Technology,106040,Q,2013,Q4,2013-06-28,Cash conversion (CFO / EBITDA),cash_conversion,8.444444444444445,0.984306887532694,YoY delta + Trend,2,"Cash conversion (CFO / EBITDA) rose 408% year over year (0.98x to 8.44x), 4.1x its usual yearly move; 23.3 sigma above its rolling median of 1.02x.",84.79340924220531,40.503603609217926,74.44115664095806,0.0,0.0,0.09433962264150944,False,False,0.9811320754716981,False,0000106040-15-000010,10-K,2015-08-21 00:00:00,https://www.sec.gov/Archives/edgar/data/106040/000010604015000010/0000106040-15-000010-index.htm
985,84.78963327224896,TGT,Target Corporation,Consumer Staples,27419,Q,2014,Q4,2015-01-31,Return on assets,roa,-0.24100510081818494,0.045751490222818554,YoY delta + Trend,2,"Return on assets fell 2,868 bps year over year (4.6% to -24.1%), 19.5x its usual yearly move; 17.4 sigma below its rolling median of 4.9%.",92.5913083256106,76.47304396215353,68.50977379958773,0.0,0.0,0.14814814814814814,False,False,0.037037037037037035,False,0000027419-16-000043,10-K,2016-03-11 00:00:00,https://www.sec.gov/Archives/edgar/data/27419/000002741916000043/0000027419-16-000043-index.htm
986,84.78457360402119,NOC,Northrop Grumman,Industrials,1133421,Q,2021,Q4,2021-12-31,Return on equity,roe,0.8906051020827342,0.12543951344673573,YoY delta + Trend,2,"Return on equity rose 7,652 bps year over year (12.5% to 89.1%), 4.6x its usual yearly move; 21.7 sigma above its rolling median of 38.6%.",84.78457360402119,43.589404068671925,73.02736100412513,0.0,0.0,0.09090909090909091,False,False,0.987012987012987,False,0001133421-24-000006,10-K,2024-01-25 00:00:00,https://www.sec.gov/Archives/edgar/data/1133421/000113342124000006/0001133421-24-000006-index.htm
987,84.77437711976089,VRTX,Vertex Pharmaceuticals,Health Care,875320,Q,2011,Q3,2011-09-30,Return on equity,roe,1.9935287627449676,-1.1316144868338127,YoY delta,1,"Return on equity rose 31,251 bps year over year (-113.2% to 199.4%). An input changed XBRL tag versus the comparison period.",88.65294339321399,88.65294339321399,0.0,0.0,0.0,0.125,False,False,1.0,True,0000875320-13-000009,10-K,2013-03-01 00:00:00,https://www.sec.gov/Archives/edgar/data/875320/000087532013000009/0000875320-13-000009-index.htm
988,84.77281053694648,APD,Air Products,Materials,2969,Q,2024,Q4,2024-09-30,EBITDA margin,ebitda_margin,0.8800627450980392,0.34340237520759564,YoY delta + Trend,2,"EBITDA margin rose 5,367 bps year over year (34.3% to 88.0%), 10.7x its usual yearly move; 15.7 sigma above its rolling median of 31.6%. An input changed XBRL tag versus the comparison period.",87.8474720590119,64.03037235177656,66.21447388936673,0.0,0.0,0.12,False,False,1.0,True,0000002969-25-000055,10-K,2025-11-20 00:00:00,https://www.sec.gov/Archives/edgar/data/2969/000000296925000055/0000002969-25-000055-index.htm
989,84.76545579205927,PANW,Palo Alto Networks,Information Technology,1327567,Q,2023,Q4,2023-07-31,Cash conversion (CFO / EBITDA),cash_conversion,1.2828376703841389,5.0,YoY delta + Trend,2,Cash conversion (CFO / EBITDA) fell 74% year over year (5.00x to 1.28x); 14.9 sigma below its rolling median of 5.00x.,84.76545579205927,56.45081887274687,65.01761040368464,0.0,0.0,0.07352941176470588,False,False,0.6617647058823529,False,0001327567-25-000027,10-K,2025-08-29 00:00:00,https://www.sec.gov/Archives/edgar/data/1327567/000132756725000027/0001327567-25-000027-index.htm
990,84.75273511723971,ABNB,Airbnb,Consumer Discretionary,1559720,Q,2023,Q3,2023-09-30,Return on assets,roa,0.8208881694700542,0.2764138917789522,YoY delta + Trend,2,"Return on assets rose 5,445 bps year over year (27.6% to 82.1%); 9.2 sigma above its rolling median of 2.6%.",91.624578505124,81.94061018931043,53.622898765281214,0.0,0.0,0.14285714285714285,False,False,1.0,False,0001559720-24-000032,10-Q,2024-11-07 00:00:00,https://www.sec.gov/Archives/edgar/data/1559720/000155972024000032/0001559720-24-000032-index.htm
991,84.75117926489706,ORCL,Oracle Corporation,Information Technology,1341439,Q,2018,Q3,2018-02-28,Net margin,net_margin,-0.41418483266809947,0.24323737099402498,YoY delta + Trend,2,"Net margin fell 6,574 bps year over year (24.3% to -41.4%), 21.5x its usual yearly move; 27.1 sigma below its rolling median of 24.0%.",95.0219322343446,78.17378694744235,77.19225156618704,0.0,0.0,0.16176470588235295,False,False,0.04411764705882353,False,0001564590-19-008273,10-Q,2019-03-18 00:00:00,https://www.sec.gov/Archives/edgar/data/1341439/000156459019008273/0001564590-19-008273-index.htm
992,84.74988642189136,KDP,Keurig Dr Pepper,Consumer Staples,1418135,Q,2017,Q2,2017-06-30,Debt / EBITDA,debt_to_ebitda,3.8835672997522708,1.8603174603174604,YoY delta + Trend,2,"Debt / EBITDA rose 109% year over year (1.86x to 3.88x), 4.9x its usual yearly move; 21.0 sigma above its rolling median of 1.89x.",84.74988642189136,44.70720237401108,72.41934893353864,0.0,0.0,0.08333333333333333,False,False,0.875,False,0001418135-17-000042,10-Q,2017-07-27 00:00:00,https://www.sec.gov/Archives/edgar/data/1418135/000141813517000042/0001418135-17-000042-index.htm
993,84.74482020646998,IVZ,Invesco,Financials,914208,Q,2023,Q4,2023-12-31,Return on assets,roa,-0.10174538638540366,0.025452025878936857,YoY delta + Trend,2,"Return on assets fell 1,272 bps year over year (2.5% to -10.2%), 8.3x its usual yearly move; 14.0 sigma below its rolling median of 2.4%.",84.74482020646998,58.06969578771525,63.617769820376004,0.0,0.0,0.06578947368421052,False,False,0.013157894736842105,False,0000914208-25-000114,10-K,2025-02-25 00:00:00,https://www.sec.gov/Archives/edgar/data/914208/000091420825000114/0000914208-25-000114-index.htm
994,84.73780916141746,MA,Mastercard,Financials,1141391,A,2018,FY,2018-12-31,Asset turnover,asset_turnover,0.9452900041135335,0.6247875212478752,YoY delta + Trend,2,"Asset turnover rose 51% year over year (0.62x to 0.95x), 10.6x its usual yearly move; 16.5 sigma above its rolling median of 0.63x. An input changed XBRL tag versus the comparison period.",84.73780916141746,53.17423574478662,67.4064244730756,0.0,0.0,0.05714285714285714,False,False,0.9571428571428572,True,0001141391-21-000018,10-K,2021-02-12 00:00:00,https://www.sec.gov/Archives/edgar/data/1141391/000114139121000018/0001141391-21-000018-index.htm
995,84.72909180443212,MMM,3M,Industrials,66740,Q,2022,Q3,2022-09-30,Net margin,net_margin,0.4477317554240631,0.1603668083202863,YoY delta + Trend,2,"Net margin rose 2,874 bps year over year (16.0% to 44.8%), 7.1x its usual yearly move; 16.0 sigma above its rolling median of 16.2%.",84.72909180443212,54.22574413211467,66.63865330843798,0.0,0.0,0.05952380952380952,False,False,1.0,False,0000066740-23-000092,10-Q,2023-10-24 00:00:00,https://www.sec.gov/Archives/edgar/data/66740/000006674023000092/0000066740-23-000092-index.htm
996,84.72302780851712,V,Visa Inc.,Financials,1403161,Q,2016,Q1,2015-12-31,Current ratio,current_ratio,4.755086802314729,1.7012763021731632,YoY delta + Trend,2,"Current ratio rose 180% year over year (1.70x to 4.76x), 4.0x its usual yearly move; 23.5 sigma above its rolling median of 1.79x.",84.72302780851712,39.771621479614694,74.63492697829788,0.0,0.0,0.043478260869565216,False,False,1.0,False,0001403161-16-000015,10-Q,2016-01-28 00:00:00,https://www.sec.gov/Archives/edgar/data/1403161/000140316116000015/0001403161-16-000015-index.htm
997,84.72026369280788,CCL,Carnival Corporation,Consumer Discretionary,815097,Q,2020,Q4,2020-11-30,Days sales outstanding,dso,732.6838235294117,8.472396486825597,YoY delta + Trend,2,"Days sales outstanding rose 8,548% year over year (8 days to 733 days), 3.5x its usual yearly move; 786.8 sigma above its rolling median of 8 days.",99.36327223230553,36.74360332898728,98.99341758114045,0.0,0.0,0.18421052631578946,False,False,0.9736842105263158,False,0000815097-22-000009,10-K,2022-01-27 00:00:00,https://www.sec.gov/Archives/edgar/data/815097/000081509722000009/0000815097-22-000009-index.htm
998,84.70689769963703,CPRT,Copart,Industrials,900075,Q,2013,Q3,2013-04-30,Gross margin,gross_margin,0.4163587117037293,0.8514655578542021,Trend,1,Gross margin of 41.6% is 48.3 sigma below its rolling median of 85.3%.,85.77913691102484,0.0,85.77913691102484,0.0,0.0,0.10714285714285714,False,False,0.7142857142857143,False,0001145443-14-001196,10-K,2014-09-29 00:00:00,https://www.sec.gov/Archives/edgar/data/900075/000114544314001196/0001145443-14-001196-index.htm
999,84.70571928651262,NOC,Northrop Grumman,Industrials,1133421,Q,2021,Q1,2021-03-31,EBITDA margin,ebitda_margin,0.3402861199082669,0.14280742459396753,YoY delta + Trend,2,"EBITDA margin rose 1,975 bps year over year (14.3% to 34.0%), 3.5x its usual yearly move; 26.0 sigma above its rolling median of 14.5%.",85.14396025843101,36.8627128367823,76.4702596372817,0.0,0.0,0.10294117647058823,False,False,0.8970588235294118,False,0001133421-22-000013,10-Q,2022-04-28 00:00:00,https://www.sec.gov/Archives/edgar/data/1133421/000113342122000013/0001133421-22-000013-index.htm
1000,84.70199441955263,BMY,Bristol Myers Squibb,Health Care,14272,Q,2019,Q2,2019-06-30,Current ratio,current_ratio,3.8838430645659563,1.404535331038672,YoY delta + Trend,2,"Current ratio rose 177% year over year (1.40x to 3.88x), 4.5x its usual yearly move; 43.4 sigma above its rolling median of 1.56x.",91.13758719989617,43.01438020078358,84.44798383990607,0.0,0.0,0.14035087719298245,False,False,0.8596491228070176,False,0000014272-19-000160,10-Q,2019-07-25 00:00:00,https://www.sec.gov/Archives/edgar/data/14272/000001427219000160/0000014272-19-000160-index.htm
